# Blender 4.2.14 LTS
# www.blender.org
mtllib car_hood.mtl
o Mercedes_Benz_GLS_580.001
v 0.602248 -0.016910 -0.375031
v 0.607902 -0.008909 -0.291608
v 0.513384 -0.014030 -0.397968
v 0.700180 -0.021924 -0.339400
v 0.595101 -0.026405 -0.462509
v 0.514771 -0.005922 -0.316251
v 0.707968 -0.013817 -0.253843
v 0.445218 -0.020537 -0.496860
v 0.513171 0.000799 -0.242001
v 0.443722 -0.004002 -0.332893
v 0.714156 -0.007309 -0.175220
v 0.791285 -0.018831 -0.216505
v 0.691006 -0.031312 -0.429012
v 0.504850 -0.033979 -0.571216
v 0.446069 -0.011576 -0.411516
v 0.611956 -0.002295 -0.215118
v 0.782750 -0.026725 -0.303983
v 0.680551 -0.042300 -0.519689
v 0.772509 -0.036113 -0.395621
v 0.586993 -0.037179 -0.551160
v 0.442869 -0.030565 -0.582951
v 0.412892 -0.008483 -0.418984
v 0.436681 0.001972 -0.266751
v 0.615262 0.003891 -0.138324
v 0.798006 -0.012323 -0.136175
v 0.825422 -0.029392 -0.281686
v 0.577925 -0.048808 -0.638318
v 0.409691 -0.024698 -0.589245
v 0.439455 -0.041447 -0.667761
v 0.411825 -0.016164 -0.504434
v 0.401263 0.001119 -0.300249
v 0.413267 0.009199 -0.187531
v 0.509864 0.007198 -0.167663
v 0.398958 -0.003139 -0.370136
v 0.720023 -0.001122 -0.096170
v 0.841531 -0.015417 -0.112065
v 0.804190 -0.006246 -0.055563
v 0.834490 -0.021711 -0.193035
v 0.801313 -0.048576 -0.469218
v 0.498876 -0.045500 -0.656986
v 0.394113 -0.013390 -0.508381
v 0.396996 -0.006456 -0.422611
v 0.862231 -0.024145 -0.173130
v 0.832212 -0.039089 -0.363140
v 0.747440 -0.058515 -0.579750
v 0.669137 -0.054035 -0.608874
v 0.492368 -0.057129 -0.738810
v 0.406811 -0.033872 -0.672988
v 0.388889 -0.001975 -0.350282
v 0.376407 0.003039 -0.277633
v 0.381528 -0.007843 -0.424424
v 0.804406 -0.006349 -0.052644
v 0.847825 -0.009444 -0.030891
v 0.853052 -0.031312 -0.262485
v 0.828618 -0.048808 -0.452377
v 0.787658 -0.059582 -0.561828
v 0.656975 -0.065770 -0.693897
v 0.568431 -0.060542 -0.721314
v 0.403504 -0.043900 -0.755132
v 0.387715 -0.029072 -0.675975
v 0.391022 -0.020857 -0.592658
v 0.435401 -0.052648 -0.749264
v 0.364459 -0.002509 -0.346868
v 0.326267 0.004212 -0.275819
v 0.335228 0.010400 -0.199757
v 0.876059 -0.012107 -0.010746
v 0.869588 -0.017977 -0.091689
v 0.867028 -0.025445 -0.170526
v 0.841744 -0.039526 -0.356789
v 0.804833 -0.059156 -0.551800
v 0.772403 -0.070784 -0.650159
v 0.558723 -0.071957 -0.798764
v 0.372460 -0.023738 -0.595539
v 0.431027 -0.063743 -0.825220
v 0.350804 -0.018297 -0.512862
v 0.848039 -0.009443 -0.028001
v 0.876184 -0.012108 -0.007852
v 0.857746 -0.032592 -0.259924
v 0.846545 -0.040700 -0.354229
v 0.814008 -0.058835 -0.546359
v 0.733145 -0.070144 -0.666801
v 0.485754 -0.068650 -0.815192
v 0.384088 -0.038140 -0.758652
v 0.356458 -0.009763 -0.426985
v 0.317946 -0.002188 -0.351028
v 0.263752 0.011251 -0.207776
v 0.880683 -0.013390 -0.005812
v 0.880574 -0.013391 -0.008713
v 0.874175 -0.019257 -0.089449
v 0.861908 -0.035580 -0.259177
v 0.833530 -0.049768 -0.449921
v 0.798322 -0.069503 -0.635972
v 0.819022 -0.059689 -0.544012
v 0.718312 -0.081434 -0.748094
v 0.479353 -0.079638 -0.884748
v 0.399983 -0.053928 -0.831514
v 0.364245 -0.042620 -0.761639
v 0.380461 -0.047421 -0.835248
v 0.368299 -0.032806 -0.679389
v 0.345683 -0.028112 -0.599166
v 0.311866 -0.009869 -0.432852
v 0.255752 -0.001442 -0.358176
v 0.259699 0.005066 -0.283500
v 0.878125 -0.022354 -0.089663
v 0.871144 -0.028604 -0.170111
v 0.837904 -0.052541 -0.448747
v 0.781825 -0.080192 -0.719753
v 0.756721 -0.081878 -0.732729
v 0.703589 -0.091965 -0.822298
v 0.549442 -0.082838 -0.869279
v 0.396676 -0.063423 -0.897763
v 0.340989 -0.038673 -0.683976
v 0.302264 -0.028858 -0.604927
v 0.426867 -0.074411 -0.893709
v 0.306852 -0.018724 -0.518409
v 0.187050 0.011893 -0.213733
v 0.185557 0.005706 -0.289154
v 0.884314 -0.016384 -0.009460
v 0.891229 -0.065025 -0.259944
v 0.850812 -0.043580 -0.353269
v 0.803340 -0.070037 -0.633624
v 0.787231 -0.080705 -0.717367
v 0.741466 -0.092440 -0.807832
v 0.540694 -0.092973 -0.932327
v 0.360405 -0.052648 -0.837809
v 0.422919 -0.084332 -0.954623
v 0.248924 -0.017764 -0.524917
v 0.252232 -0.009016 -0.439573
v 0.884310 -0.016270 -0.006559
v 0.904686 -0.051475 -0.100224
v 0.898498 -0.057235 -0.175006
v 0.860909 -0.053216 -0.352576
v 0.823502 -0.062249 -0.542732
v 0.807927 -0.072597 -0.632450
v 0.766320 -0.090626 -0.795778
v 0.691059 -0.101824 -0.888072
v 0.473272 -0.089773 -0.946836
v 0.377260 -0.056168 -0.900216
v 0.356885 -0.062036 -0.904057
v 0.332668 -0.060542 -0.840902
v 0.336615 -0.049661 -0.765266
v 0.298104 -0.039740 -0.689950
v 0.182569 -0.008269 -0.445120
v 0.139064 -0.000527 -0.366328
v 0.114721 0.012319 -0.217900
v 0.910233 -0.045821 -0.026614
v 0.921434 -0.082092 -0.179060
v 0.906286 -0.096173 -0.349428
v 0.868841 -0.080171 -0.445014
v 0.833743 -0.070784 -0.541345
v 0.771549 -0.091053 -0.793750
v 0.727064 -0.102254 -0.875040
v 0.467725 -0.099054 -1.000922
v 0.374167 -0.064703 -0.957824
v 0.294157 -0.051048 -0.770814
v 0.242524 -0.038566 -0.696138
v 0.245724 -0.027792 -0.611327
v 0.114294 0.006133 -0.293208
v 0.938610 -0.113562 -0.261097
v 0.791925 -0.083052 -0.716300
v 0.776362 -0.093302 -0.792788
v 0.756721 -0.100974 -0.861918
v 0.751469 -0.100443 -0.863849
v 0.678567 -0.110761 -0.945702
v 0.714049 -0.111215 -0.933394
v 0.532800 -0.102147 -0.987161
v 0.390382 -0.081345 -1.010737
v 0.329148 -0.071104 -0.908964
v 0.179156 -0.026725 -0.616555
v 0.419079 -0.093506 -1.008390
v 0.180863 -0.016910 -0.530251
v 0.113548 -0.007736 -0.449067
v 0.056260 0.001827 -0.347035
v 0.056260 0.012532 -0.220246
v 0.931144 -0.071107 -0.038286
v 0.929554 -0.073292 -0.066262
v 0.942984 -0.107055 -0.183114
v 0.896898 -0.104388 -0.441813
v 0.933383 -0.120923 -0.347615
v 0.856146 -0.089453 -0.538358
v 0.842491 -0.099267 -0.628076
v 0.803340 -0.091266 -0.715127
v 0.525439 -0.111002 -1.037193
v 0.371180 -0.073344 -1.012124
v 0.353791 -0.071210 -0.962838
v 0.287329 -0.073131 -0.914938
v 0.326054 -0.081025 -0.969665
v 0.290636 -0.062249 -0.846236
v 0.239643 -0.049768 -0.776894
v 0.415345 -0.102467 -1.057996
v 0.074421 -0.016087 -0.535974
v 0.052098 -0.007522 -0.451590
v 0.946291 -0.101721 -0.117826
v 0.958986 -0.126257 -0.186208
v 0.927622 -0.128924 -0.438506
v 0.886550 -0.113242 -0.534411
v 0.954719 -0.140019 -0.346228
v 0.761628 -0.103108 -0.861065
v 0.738047 -0.109402 -0.922941
v 0.667021 -0.119983 -1.001396
v 0.461866 -0.109101 -1.056037
v 0.350910 -0.080065 -1.016818
v 0.368089 -0.082199 -1.064077
v 0.236870 -0.060969 -0.852210
v 0.175955 -0.048487 -0.782122
v 0.177556 -0.037393 -0.701365
v 0.004734 0.000157 -0.367359
v -0.037320 0.012532 -0.220407
v 0.949277 -0.096601 -0.054895
v 0.964206 -0.140334 -0.261763
v 0.828409 -0.109295 -0.712460
v 0.814541 -0.119216 -0.789803
v 0.748300 -0.111966 -0.920379
v 0.773790 -0.110895 -0.860425
v 0.743386 -0.109828 -0.921126
v 0.599620 -0.117246 -1.026638
v 0.701781 -0.119750 -0.986841
v 0.725339 -0.118044 -0.977140
v 0.510925 -0.128668 -1.132373
v 0.284556 -0.083372 -0.976173
v 0.112374 -0.036433 -0.705419
v 0.061498 -0.025494 -0.622835
v 0.405797 -0.125381 -1.177353
v 0.004734 -0.015843 -0.537612
v -0.063008 -0.007583 -0.450826
v 0.949064 -0.096387 -0.051898
v 0.961546 -0.117509 -0.081875
v 0.966344 -0.128833 -0.127074
v 0.921328 -0.137565 -0.530464
v 0.961647 -0.155163 -0.434879
v 0.875562 -0.122843 -0.624129
v 0.864147 -0.132551 -0.709153
v 0.730798 -0.118470 -0.975319
v 0.645021 -0.136818 -1.099283
v 0.679848 -0.135597 -1.079939
v 0.449413 -0.129996 -1.166331
v 0.384088 -0.099480 -1.111229
v 0.348137 -0.088919 -1.067704
v 0.323280 -0.090199 -1.023219
v 0.282102 -0.092653 -1.029512
v 0.232282 -0.081878 -0.982147
v 0.234416 -0.071744 -0.920912
v 0.174462 -0.059582 -0.857438
v -0.046792 0.001827 -0.347035
v 0.966985 -0.123802 -0.066405
v 0.967199 -0.124127 -0.069345
v 0.914394 -0.146740 -0.620182
v 0.949385 -0.156234 -0.527370
v 0.801206 -0.128497 -0.858931
v 0.788938 -0.136818 -0.918672
v 0.712313 -0.127140 -1.031349
v 0.495782 -0.145459 -1.225804
v 0.365099 -0.091479 -1.114430
v 0.345470 -0.098094 -1.117097
v 0.320933 -0.099160 -1.072504
v 0.173182 -0.070357 -0.926033
v 0.111521 -0.058409 -0.861492
v 0.058186 -0.046597 -0.788750
v 0.056260 -0.035793 -0.707979
v 0.004734 -0.025231 -0.624022
v 0.362222 -0.100869 -1.162434
v 0.399663 -0.138205 -1.243619
v -0.064953 -0.016087 -0.535974
v -0.105253 0.012319 -0.217900
v -0.129596 -0.000527 -0.366328
v 0.966127 -0.123794 -0.065334
v 0.968054 -0.125832 -0.070257
v 0.961333 -0.164449 -0.525984
v 0.852732 -0.142152 -0.787242
v 0.841531 -0.151220 -0.857331
v 0.748400 -0.127964 -0.974252
v 0.735705 -0.120496 -0.974679
v 0.665403 -0.145246 -1.138113
v 0.573018 -0.141299 -1.162969
v 0.710734 -0.132414 -1.058195
v 0.440842 -0.143006 -1.236365
v 0.230362 -0.091159 -1.035380
v 0.004734 -0.035473 -0.708939
v -0.052030 -0.025494 -0.622835
v 0.377687 -0.118043 -1.203934
v -0.173101 -0.008269 -0.445120
v -0.104826 0.006133 -0.293208
v 0.967627 -0.125191 -0.067793
v 0.958236 -0.172234 -0.616021
v 0.907139 -0.156234 -0.705632
v 0.899778 -0.165409 -0.784575
v 0.776776 -0.144713 -0.973186
v 0.722597 -0.129533 -1.029401
v 0.687801 -0.144179 -1.130539
v 0.622129 -0.152581 -1.195670
v 0.433907 -0.152500 -1.285331
v 0.317599 -0.112581 -1.142091
v 0.279608 -0.103253 -1.086756
v 0.170941 -0.089773 -1.040607
v 0.228655 -0.100121 -1.084132
v 0.172008 -0.080491 -0.987267
v 0.111201 -0.069183 -0.930193
v 0.056260 -0.057555 -0.864372
v 0.359338 -0.110468 -1.207775
v 0.374273 -0.127751 -1.248846
v -0.169688 -0.026725 -0.616555
v -0.171395 -0.016910 -0.530251
v -0.177582 0.011893 -0.213733
v -0.176089 0.005706 -0.289154
v -0.246284 -0.001442 -0.358176
v 0.942770 -0.174370 -0.702965
v 0.830970 -0.159221 -0.918245
v 0.764295 -0.152607 -1.026845
v 0.819555 -0.166369 -0.973719
v 0.666576 -0.153247 -1.183238
v 0.652815 -0.153567 -1.187505
v 0.698373 -0.146529 -1.128618
v 0.693246 -0.144606 -1.129045
v 0.551042 -0.158368 -1.261221
v 0.486607 -0.154847 -1.275410
v 0.340639 -0.115970 -1.206121
v 0.110881 -0.079318 -0.991535
v 0.056260 -0.068330 -0.933181
v 0.004734 -0.057235 -0.865439
v 0.004734 -0.046247 -0.789909
v -0.046792 -0.035793 -0.707979
v 0.356351 -0.120710 -1.252474
v 0.370326 -0.138739 -1.295892
v 0.394543 -0.148233 -1.291945
v -0.102906 -0.036433 -0.705419
v -0.239456 -0.017764 -0.524917
v -0.242763 -0.009016 -0.439573
v 0.957386 -0.182051 -0.701898
v 0.892524 -0.174263 -0.856371
v 0.885590 -0.182371 -0.920272
v 0.675111 -0.153034 -1.180571
v 0.638306 -0.162848 -1.240312
v 0.723223 -0.144926 -1.079119
v 0.680551 -0.153674 -1.179184
v 0.608009 -0.161568 -1.247886
v 0.477220 -0.165089 -1.324483
v 0.273160 -0.132932 -1.239768
v 0.314319 -0.126150 -1.211615
v 0.224290 -0.123943 -1.207096
v 0.169486 -0.103409 -1.113892
v -0.048718 -0.046597 -0.788750
v 0.388995 -0.159221 -1.339631
v -0.168088 -0.037393 -0.701365
v -0.254284 0.011251 -0.207776
v -0.250231 0.005066 -0.283500
v -0.302397 -0.009869 -0.432852
v 0.953742 -0.189938 -0.781803
v 0.935409 -0.191865 -0.855731
v 0.805580 -0.172770 -1.027379
v 0.661130 -0.163168 -1.234019
v 0.738052 -0.167862 -1.128618
v 0.593501 -0.171383 -1.299306
v 0.426653 -0.162955 -1.333763
v 0.312292 -0.135218 -1.256634
v 0.110454 -0.097454 -1.093627
v 0.058037 -0.087670 -1.047867
v 0.056260 -0.078465 -0.994522
v 0.004734 -0.067903 -0.934247
v 0.338002 -0.126470 -1.254287
v 0.353151 -0.132444 -1.298559
v -0.166487 -0.048487 -0.782122
v -0.233056 -0.038566 -0.696138
v -0.236256 -0.027792 -0.611327
v -0.316799 0.004212 -0.275819
v -0.308478 -0.002188 -0.351028
v 0.875029 -0.188772 -0.977773
v 0.751387 -0.160395 -1.079012
v 0.856466 -0.191972 -1.030259
v 0.790005 -0.178744 -1.079012
v 0.697300 -0.162102 -1.179184
v 0.685672 -0.155594 -1.178864
v 0.538774 -0.168289 -1.311468
v 0.419612 -0.174050 -1.377929
v 0.222254 -0.135858 -1.267302
v 0.166605 -0.132960 -1.265018
v 0.110062 -0.114136 -1.180017
v 0.004734 -0.078038 -0.995802
v -0.046792 -0.068330 -0.933181
v -0.046792 -0.057555 -0.864372
v 0.335549 -0.137672 -1.301120
v 0.365952 -0.150900 -1.342085
v 0.349950 -0.145459 -1.343685
v -0.292796 -0.028858 -0.604927
v -0.297383 -0.018724 -0.518409
v -0.325760 0.010400 -0.199757
v -0.354991 -0.002509 -0.346868
v 0.951318 -0.198486 -0.855516
v 0.950771 -0.207547 -0.923046
v 0.929969 -0.210321 -0.991001
v 0.666576 -0.163915 -1.232951
v 0.646058 -0.173921 -1.286963
v 0.722690 -0.176290 -1.179824
v 0.671489 -0.166159 -1.232952
v 0.527892 -0.178957 -1.357126
v 0.468578 -0.175970 -1.369075
v 0.270367 -0.147273 -1.309654
v 0.056260 -0.098262 -1.106039
v -0.102053 -0.058409 -0.861492
v 0.361365 -0.164128 -1.384543
v 0.383021 -0.170743 -1.383156
v -0.230175 -0.049768 -0.776894
v -0.341336 -0.018297 -0.512862
v -0.346990 -0.009763 -0.426985
v 0.833637 -0.194319 -1.079652
v 0.652175 -0.175010 -1.285971
v 0.608144 -0.183577 -1.340111
v 0.773470 -0.184718 -1.128511
v 0.703701 -0.186531 -1.236685
v 0.754694 -0.191759 -1.179078
v 0.460471 -0.187491 -1.407799
v 0.310265 -0.145566 -1.304427
v 0.156955 -0.144567 -1.321536
v 0.220548 -0.145886 -1.315521
v 0.109509 -0.132959 -1.274900
v 0.056260 -0.123219 -1.234594
v 0.004734 -0.096173 -1.098214
v 0.004734 -0.087319 -1.049248
v -0.046792 -0.078465 -0.994522
v -0.164994 -0.059582 -0.857438
v 0.308879 -0.156661 -1.351472
v 0.374913 -0.182477 -1.420814
v -0.284688 -0.051048 -0.770814
v -0.227402 -0.060969 -0.852210
v -0.288636 -0.039740 -0.689950
v -0.403799 0.009199 -0.187531
v -0.366939 0.003039 -0.277633
v -0.372059 -0.007843 -0.424424
v 0.948638 -0.215548 -0.981613
v 0.899138 -0.208507 -1.042954
v 0.809954 -0.197733 -1.127978
v 0.870548 -0.207761 -1.088506
v 0.632544 -0.185144 -1.334830
v 0.568431 -0.193039 -1.386570
v 0.411611 -0.185464 -1.416440
v 0.219054 -0.156874 -1.362994
v 0.004734 -0.105847 -1.149103
v -0.048569 -0.087670 -1.047867
v -0.101413 -0.079318 -0.991535
v -0.101733 -0.069183 -0.930193
v -0.163714 -0.070357 -0.926033
v 0.346857 -0.159648 -1.385290
v 0.331921 -0.163168 -1.388810
v -0.331521 -0.038673 -0.683976
v -0.336215 -0.028112 -0.599166
v -0.391795 0.001119 -0.300249
v -0.379420 -0.001975 -0.350282
v 0.946611 -0.223016 -1.027806
v 0.915994 -0.220455 -1.073038
v 0.656868 -0.177570 -1.286398
v 0.637986 -0.186318 -1.334084
v 0.609416 -0.195864 -1.378495
v 0.665723 -0.184184 -1.288318
v 0.732291 -0.200720 -1.234445
v 0.517971 -0.190265 -1.396598
v 0.401370 -0.197199 -1.448124
v 0.268980 -0.158048 -1.357126
v 0.056260 -0.143006 -1.328963
v 0.056260 -0.132551 -1.280637
v 0.004734 -0.123057 -1.236898
v -0.046792 -0.098262 -1.106039
v 0.354217 -0.176397 -1.419214
v 0.344936 -0.170423 -1.410146
v 0.308452 -0.168502 -1.394144
v -0.281168 -0.062249 -0.846236
v -0.362992 -0.023738 -0.595539
v -0.384645 -0.013390 -0.508381
v -0.500396 0.007198 -0.167663
v -0.389490 -0.003139 -0.370136
v 0.841531 -0.208934 -1.133632
v 0.642576 -0.189200 -1.334404
v 0.624331 -0.198053 -1.375902
v 0.618784 -0.196666 -1.376649
v 0.786057 -0.202427 -1.175237
v 0.683538 -0.197626 -1.292052
v 0.762588 -0.208294 -1.221430
v 0.710848 -0.214801 -1.294826
v 0.582051 -0.206069 -1.414678
v 0.508797 -0.201893 -1.428602
v 0.452256 -0.199226 -1.439163
v 0.268234 -0.169462 -1.400225
v 0.164541 -0.155701 -1.368434
v 0.109067 -0.154847 -1.373022
v 0.004734 -0.132231 -1.282131
v -0.046792 -0.123219 -1.234594
v -0.161473 -0.089773 -1.040607
v -0.224948 -0.071744 -0.920912
v 0.342056 -0.186211 -1.442470
v 0.310692 -0.180557 -1.430309
v 0.362539 -0.193572 -1.450791
v -0.277861 -0.073131 -0.914938
v -0.323200 -0.060542 -0.840902
v -0.327147 -0.049661 -0.765266
v -0.387528 -0.006456 -0.422611
v -0.503702 0.000799 -0.242001
v -0.427213 0.001972 -0.266751
v 0.942986 -0.231330 -1.076415
v 0.889217 -0.219495 -1.113576
v 0.862227 -0.220455 -1.152301
v 0.814221 -0.211494 -1.175557
v 0.605129 -0.208614 -1.410573
v 0.664549 -0.208081 -1.339204
v 0.596594 -0.207440 -1.412067
v 0.444682 -0.211388 -1.464020
v 0.163687 -0.167222 -1.411747
v 0.056260 -0.154314 -1.376649
v 0.217881 -0.168289 -1.406306
v -0.100594 -0.114136 -1.180017
v -0.100986 -0.097454 -1.093627
v -0.162540 -0.080491 -0.987267
v -0.222814 -0.081878 -0.982147
v 0.333948 -0.175863 -1.422308
v 0.336509 -0.205414 -1.479488
v -0.354777 -0.042620 -0.761639
v -0.358831 -0.032806 -0.679496
v -0.381554 -0.020857 -0.592658
v -0.403423 -0.008483 -0.418984
v -0.605794 0.003891 -0.138323
v -0.434254 -0.004002 -0.332893
v 0.920261 -0.231868 -1.119648
v 0.896578 -0.227923 -1.139286
v 0.628918 -0.201146 -1.375902
v 0.750213 -0.217148 -1.258981
v 0.583046 -0.219175 -1.438950
v 0.569801 -0.217823 -1.441188
v 0.391982 -0.209254 -1.473301
v 0.056260 -0.165835 -1.420174
v 0.004734 -0.154101 -1.378249
v 0.004734 -0.142792 -1.330457
v 0.217134 -0.180024 -1.443751
v -0.046792 -0.132551 -1.280637
v -0.100041 -0.132959 -1.274900
v -0.160018 -0.103409 -1.113892
v 0.269087 -0.181197 -1.437456
v -0.319679 -0.071104 -0.908964
v -0.378247 -0.029072 -0.675975
v -0.400223 -0.024698 -0.589245
v -0.402357 -0.016164 -0.504434
v -0.602381 -0.002295 -0.215118
v 0.851274 -0.231719 -1.201520
v 0.635535 -0.207444 -1.376756
v 0.615995 -0.213609 -1.409400
v 0.610996 -0.210427 -1.409720
v 0.790858 -0.214695 -1.211508
v 0.682898 -0.223869 -1.343791
v 0.760028 -0.230483 -1.280210
v 0.776316 -0.219577 -1.239653
v 0.500262 -0.213948 -1.453885
v 0.386008 -0.221949 -1.492290
v 0.108854 -0.166369 -1.416334
v -0.046792 -0.143006 -1.328963
v -0.157137 -0.132960 -1.265018
v -0.219187 -0.100121 -1.084132
v -0.220894 -0.091159 -1.035380
v -0.275087 -0.083372 -0.976173
v 0.317306 -0.192185 -1.457406
v 0.272287 -0.193252 -1.467220
v -0.347416 -0.062036 -0.904057
v -0.316586 -0.081025 -0.969665
v -0.350937 -0.052648 -0.837809
v -0.435750 -0.020537 -0.496860
v -0.505303 -0.005922 -0.316251
v -0.710555 -0.001122 -0.096170
v -0.704687 -0.007309 -0.175220
v -0.598434 -0.008909 -0.291608
v -0.436601 -0.011576 -0.411516
v 0.900098 -0.232297 -1.152728
v 0.879723 -0.233897 -1.181531
v 0.813261 -0.225149 -1.218443
v 0.661776 -0.232617 -1.380383
v 0.597981 -0.222909 -1.436603
v 0.591687 -0.220669 -1.437563
v 0.702207 -0.240405 -1.349659
v 0.729944 -0.234217 -1.314241
v 0.558601 -0.230162 -1.461461
v 0.459795 -0.225064 -1.479188
v 0.163047 -0.178850 -1.449298
v 0.108640 -0.178103 -1.453992
v 0.004734 -0.165622 -1.421774
v -0.147487 -0.144567 -1.321536
v -0.214822 -0.123943 -1.207096
v -0.272634 -0.092653 -1.029512
v 0.332455 -0.220135 -1.500931
v -0.370993 -0.047421 -0.835248
v -0.374620 -0.038140 -0.758652
v -0.397343 -0.033872 -0.672988
v -0.503916 -0.014030 -0.397968
v 0.835664 -0.239658 -1.236258
v 0.858600 -0.236457 -1.208521
v 0.631586 -0.229418 -1.409613
v 0.578352 -0.233044 -1.458366
v 0.803660 -0.238378 -1.259408
v 0.746906 -0.247552 -1.322242
v 0.569604 -0.231443 -1.459646
v 0.433161 -0.236564 -1.496557
v 0.162407 -0.190798 -1.479595
v 0.056260 -0.177570 -1.457832
v -0.046792 -0.165835 -1.420174
v 0.004734 -0.177357 -1.459539
v -0.046792 -0.154314 -1.376649
v 0.217240 -0.191865 -1.473941
v -0.212786 -0.135858 -1.267302
v -0.270139 -0.103253 -1.086756
v 0.275168 -0.205627 -1.490690
v 0.274954 -0.218428 -1.508932
v 0.330001 -0.232724 -1.514159
v -0.344323 -0.071210 -0.962838
v -0.394035 -0.043900 -0.755132
v -0.429987 -0.041447 -0.667761
v -0.433400 -0.030565 -0.582951
v -0.794722 -0.006246 -0.055563
v -0.794939 -0.006349 -0.052644
v -0.698500 -0.013817 -0.253843
v 0.655162 -0.254913 -1.410466
v 0.609503 -0.231763 -1.435216
v 0.603528 -0.226216 -1.435856
v 0.689617 -0.259711 -1.385077
v 0.782643 -0.247445 -1.294397
v 0.556145 -0.243249 -1.474762
v 0.526709 -0.240933 -1.479722
v 0.382381 -0.234537 -1.505625
v 0.056260 -0.189412 -1.488236
v -0.099599 -0.154847 -1.373022
v 0.217347 -0.204133 -1.497731
v -0.211080 -0.145886 -1.315521
v -0.263692 -0.132932 -1.239768
v -0.313812 -0.090199 -1.023219
v -0.341442 -0.080065 -1.016818
v -0.364699 -0.064703 -0.957824
v -0.367792 -0.056168 -0.900216
v -0.495381 -0.033979 -0.571216
v -0.585633 -0.026405 -0.462509
v -0.592780 -0.016910 -0.375031
v -0.788538 -0.012323 -0.136175
v -0.690712 -0.021924 -0.339400
v -0.781817 -0.018831 -0.216505
v 0.810903 -0.243703 -1.264948
v 0.626145 -0.250966 -1.433829
v 0.617290 -0.240405 -1.434576
v 0.591260 -0.238804 -1.456232
v 0.585393 -0.235391 -1.457192
v 0.723810 -0.258920 -1.356683
v 0.755014 -0.254060 -1.326083
v 0.537402 -0.253218 -1.485505
v 0.382931 -0.246277 -1.513109
v 0.108534 -0.189945 -1.484396
v -0.046792 -0.177570 -1.457832
v -0.155073 -0.155701 -1.368434
v -0.260899 -0.147273 -1.309654
v -0.209586 -0.156874 -1.362994
v -0.308131 -0.112581 -1.142091
v -0.311465 -0.099160 -1.072504
v 0.273461 -0.231017 -1.522160
v -0.387208 -0.063423 -0.897763
v -0.390515 -0.053928 -0.831514
v -0.425826 -0.052648 -0.749264
v -0.838357 -0.009444 -0.030891
v -0.832063 -0.015417 -0.112065
v 0.669242 -0.270380 -1.410893
v 0.642678 -0.271020 -1.432549
v 0.603528 -0.251393 -1.454205
v 0.573765 -0.247445 -1.472021
v 0.566190 -0.244992 -1.473301
v 0.696006 -0.266204 -1.386036
v 0.161980 -0.202960 -1.503598
v 0.108427 -0.202106 -1.508399
v 0.004734 -0.189305 -1.489943
v -0.046792 -0.189412 -1.488236
v -0.099172 -0.178103 -1.453992
v -0.099386 -0.166369 -1.416334
v -0.154219 -0.167222 -1.411747
v -0.304851 -0.126150 -1.211615
v 0.216814 -0.216935 -1.516080
v 0.272501 -0.242645 -1.530161
v 0.216174 -0.229523 -1.529201
v 0.328401 -0.244352 -1.522267
v -0.361711 -0.073344 -1.012124
v -0.421559 -0.063743 -0.825220
v -0.482900 -0.057129 -0.738810
v -0.489407 -0.045500 -0.656986
v -0.577525 -0.037179 -0.551160
v -0.838571 -0.009443 -0.028001
v -0.773283 -0.026725 -0.303983
v 0.617151 -0.268845 -1.451970
v 0.596914 -0.243925 -1.455272
v 0.554331 -0.255870 -1.482862
v 0.725037 -0.260140 -1.357020
v 0.448409 -0.261690 -1.507303
v 0.161554 -0.215761 -1.522054
v 0.056260 -0.201573 -1.512346
v 0.004734 -0.201466 -1.514159
v -0.302824 -0.135218 -1.256634
v -0.259512 -0.158048 -1.357126
v -0.336002 -0.098094 -1.117097
v -0.331171 -0.115970 -1.206121
v -0.338669 -0.088919 -1.067704
v 0.326845 -0.257018 -1.528498
v -0.380914 -0.081345 -1.010737
v -0.358620 -0.082199 -1.064077
v -0.413451 -0.084332 -0.954623
v -0.568457 -0.048808 -0.638318
v -0.671083 -0.042300 -0.519689
v -0.681538 -0.031312 -0.429012
v -0.866591 -0.012107 -0.010746
v -0.825022 -0.021711 -0.193035
v -0.815955 -0.029392 -0.281686
v -0.763041 -0.036113 -0.395621
v 0.670310 -0.271768 -1.410786
v 0.647247 -0.276752 -1.432020
v 0.625265 -0.279734 -1.450583
v 0.585180 -0.255340 -1.469994
v 0.579846 -0.250753 -1.470954
v 0.535731 -0.262198 -1.489805
v 0.377739 -0.260473 -1.520699
v 0.527141 -0.266889 -1.493611
v 0.056260 -0.214268 -1.531015
v -0.099066 -0.189945 -1.484396
v -0.208413 -0.168289 -1.406306
v -0.300797 -0.145566 -1.304427
v -0.258765 -0.169462 -1.400225
v -0.299410 -0.156661 -1.351472
v 0.215747 -0.241258 -1.537309
v -0.417398 -0.074411 -0.893709
v -0.476286 -0.068650 -0.815192
v -0.860120 -0.017977 -0.091689
v -0.852763 -0.024145 -0.173130
v 0.596488 -0.268568 -1.467754
v 0.607081 -0.283154 -1.465696
v 0.590940 -0.261634 -1.468927
v 0.569818 -0.261527 -1.480555
v 0.563844 -0.258433 -1.481409
v 0.555632 -0.266485 -1.486877
v 0.108320 -0.214801 -1.526961
v -0.046792 -0.201573 -1.512346
v -0.152939 -0.190798 -1.479595
v -0.098959 -0.202106 -1.508399
v -0.153472 -0.178850 -1.449298
v -0.207666 -0.180024 -1.443751
v -0.326080 -0.137672 -1.301120
v -0.352754 -0.100869 -1.162434
v -0.328534 -0.126470 -1.254287
v 0.161340 -0.228243 -1.535175
v 0.271565 -0.257196 -1.537247
v 0.161233 -0.240084 -1.543283
v 0.215320 -0.256164 -1.544503
v -0.405877 -0.102467 -1.057996
v -0.409611 -0.093506 -1.008390
v -0.469885 -0.079638 -0.884748
v -0.549255 -0.071957 -0.798764
v -0.558963 -0.060542 -0.721314
v -0.659669 -0.054035 -0.608874
v -0.871106 -0.013391 -0.008713
v -0.822744 -0.039089 -0.363140
v 0.626251 -0.281370 -1.450258
v 0.599018 -0.287443 -1.473144
v 0.579952 -0.270275 -1.479062
v 0.537890 -0.268410 -1.491873
v 0.469317 -0.265505 -1.504476
v 0.108320 -0.227390 -1.540189
v 0.004734 -0.214055 -1.532828
v -0.046792 -0.214268 -1.531015
v -0.298984 -0.168502 -1.394144
v -0.349870 -0.110468 -1.207775
v -0.355631 -0.091479 -1.114430
v -0.346883 -0.120710 -1.252474
v -0.374620 -0.099480 -1.111229
v -0.458257 -0.099054 -1.000922
v -0.463804 -0.089773 -0.946836
v -0.647507 -0.065770 -0.693897
v -0.737971 -0.058515 -0.579750
v -0.791845 -0.048576 -0.469218
v -0.864707 -0.019257 -0.089449
v -0.857560 -0.025445 -0.170526
v -0.843584 -0.031312 -0.262485
v 0.588424 -0.280097 -1.477702
v 0.593738 -0.286818 -1.476834
v 0.574938 -0.265474 -1.479808
v 0.552359 -0.271934 -1.489811
v 0.528639 -0.269315 -1.493677
v 0.056260 -0.226749 -1.544350
v 0.004734 -0.226643 -1.546270
v -0.152512 -0.202960 -1.503598
v -0.259619 -0.181197 -1.437456
v -0.340481 -0.145459 -1.343685
v -0.322453 -0.163168 -1.388810
v -0.301224 -0.180557 -1.430309
v -0.368219 -0.118043 -1.203934
v 0.161020 -0.254779 -1.550444
v -0.396328 -0.125381 -1.177353
v -0.531226 -0.092973 -0.932327
v -0.539974 -0.082838 -0.869279
v -0.874846 -0.016384 -0.009460
v -0.868658 -0.022354 -0.089663
v -0.819150 -0.048808 -0.452377
v -0.832277 -0.039526 -0.356789
v 0.581794 -0.291605 -1.487571
v 0.567364 -0.272835 -1.485569
v 0.560952 -0.276044 -1.488977
v 0.542107 -0.270600 -1.491453
v 0.474126 -0.266754 -1.503598
v 0.056260 -0.238698 -1.552671
v -0.098852 -0.214801 -1.526961
v -0.152086 -0.215761 -1.522054
v -0.207879 -0.204133 -1.497731
v -0.207772 -0.191865 -1.473941
v -0.262819 -0.193252 -1.467220
v -0.343682 -0.132444 -1.298559
v 0.108214 -0.239231 -1.548404
v 0.108214 -0.253628 -1.555427
v -0.452398 -0.109101 -1.056037
v -0.694121 -0.091965 -0.822298
v -0.708844 -0.081434 -0.748094
v -0.723676 -0.070144 -0.666801
v -0.778190 -0.059582 -0.561828
v -0.848279 -0.032592 -0.259924
v -0.795365 -0.059156 -0.551800
v -0.837077 -0.040700 -0.354229
v 0.582619 -0.287024 -1.484396
v 0.576218 -0.280410 -1.484822
v 0.580707 -0.290222 -1.487590
v 0.569554 -0.282015 -1.488703
v 0.557125 -0.275712 -1.489674
v 0.536000 -0.270488 -1.492503
v 0.528352 -0.270377 -1.493796
v -0.046792 -0.226749 -1.544350
v -0.098852 -0.227390 -1.540189
v -0.337388 -0.159648 -1.385290
v -0.360858 -0.138739 -1.295892
v -0.324480 -0.175863 -1.422308
v -0.364805 -0.127751 -1.248846
v -0.390195 -0.138205 -1.243619
v -0.439945 -0.129996 -1.166331
v -0.516580 -0.111127 -1.037473
v -0.523331 -0.102147 -0.987161
v -0.762935 -0.070784 -0.650159
v -0.895218 -0.051475 -0.100224
v -0.900765 -0.045821 -0.026614
v -0.861676 -0.028604 -0.170111
v -0.852440 -0.035580 -0.259177
v -0.804540 -0.058835 -0.546359
v 0.575671 -0.285624 -1.487809
v 0.579525 -0.292144 -1.488770
v 0.568302 -0.282915 -1.489196
v 0.556052 -0.277386 -1.489867
v 0.543894 -0.272088 -1.491223
v 0.004734 -0.238863 -1.554731
v -0.046792 -0.238698 -1.552671
v -0.207346 -0.216935 -1.516080
v -0.307838 -0.192185 -1.457406
v -0.351897 -0.164128 -1.384543
v -0.335468 -0.170423 -1.410146
v -0.356484 -0.150900 -1.342085
v -0.332588 -0.186211 -1.442470
v -0.501457 -0.128668 -1.132373
v -0.669098 -0.110761 -0.945702
v -0.681590 -0.101824 -0.888072
v -0.731997 -0.092440 -0.807832
v -0.824062 -0.049768 -0.449921
v -0.788854 -0.069503 -0.635972
v -0.809554 -0.059689 -0.544012
v 0.577041 -0.292659 -1.489077
v 0.578971 -0.290533 -1.488665
v 0.563269 -0.281847 -1.489560
v 0.056260 -0.252314 -1.559478
v -0.151872 -0.228243 -1.535175
v -0.265486 -0.218428 -1.508932
v -0.206706 -0.229523 -1.529201
v -0.265700 -0.205627 -1.490690
v -0.327040 -0.205414 -1.479488
v -0.379527 -0.159221 -1.339631
v -0.431373 -0.143006 -1.236365
v 0.056260 -0.255268 -1.560440
v -0.486314 -0.145459 -1.225804
v -0.636024 -0.136379 -1.096750
v -0.747253 -0.081878 -0.732729
v -0.889030 -0.057235 -0.175006
v -0.920086 -0.073292 -0.066262
v -0.921676 -0.071107 -0.038286
v -0.881761 -0.065025 -0.259944
v -0.841344 -0.043580 -0.353269
v -0.828437 -0.052541 -0.448747
v 0.577501 -0.290998 -1.489122
v 0.573315 -0.287291 -1.489220
v 0.571010 -0.287807 -1.489516
v -0.046792 -0.252314 -1.559478
v 0.004734 -0.253858 -1.562126
v -0.098746 -0.239231 -1.548404
v -0.151765 -0.240084 -1.543283
v -0.344749 -0.176397 -1.419214
v -0.385074 -0.148233 -1.291945
v -0.424439 -0.152500 -1.285331
v -0.563550 -0.141299 -1.162969
v -0.658097 -0.119419 -0.998202
v -0.704581 -0.111215 -0.933394
v -0.717596 -0.102254 -0.875040
v -0.772357 -0.080192 -0.719753
v -0.911967 -0.082092 -0.179060
v -0.851441 -0.053216 -0.352576
v -0.793872 -0.070037 -0.633624
v 0.575240 -0.291595 -1.489410
v -0.098746 -0.253628 -1.555427
v -0.263993 -0.231017 -1.522160
v -0.353070 -0.193572 -1.450791
v -0.365445 -0.182477 -1.420814
v -0.373553 -0.170743 -1.383156
v -0.612650 -0.152589 -1.195714
v -0.670410 -0.135565 -1.079750
v -0.742001 -0.100443 -0.863849
v -0.756852 -0.090626 -0.795778
v -0.777763 -0.080705 -0.717367
v -0.939810 -0.096601 -0.054895
v -0.936823 -0.101721 -0.117826
v -0.896818 -0.096173 -0.349428
v -0.814034 -0.062249 -0.542732
v -0.798459 -0.072597 -0.632450
v -0.046792 -0.255268 -1.560440
v -0.206279 -0.241258 -1.537309
v -0.263033 -0.242645 -1.530161
v -0.320533 -0.232724 -1.514159
v -0.322987 -0.220135 -1.500931
v -0.391902 -0.197199 -1.448124
v -0.410144 -0.174050 -1.377929
v -0.417185 -0.162955 -1.333763
v -0.477139 -0.154847 -1.275410
v -0.541574 -0.158368 -1.261221
v -0.655935 -0.145246 -1.138113
v -0.692312 -0.119750 -0.986841
v -0.929142 -0.113562 -0.261097
v -0.933516 -0.107055 -0.183114
v -0.859373 -0.080171 -0.445014
v -0.824276 -0.070784 -0.541345
v -0.098746 -0.256344 -1.556142
v -0.151552 -0.254779 -1.550444
v -0.205852 -0.256164 -1.544503
v -0.376540 -0.221949 -1.492290
v -0.382514 -0.209254 -1.473301
v -0.467751 -0.165089 -1.324483
v -0.046792 -0.257473 -1.560459
v -0.598541 -0.161568 -1.247886
v -0.643346 -0.153567 -1.187505
v -0.678333 -0.144179 -1.130539
v -0.715871 -0.118044 -0.977140
v -0.728579 -0.109402 -0.922941
v -0.747253 -0.100974 -0.861918
v -0.762081 -0.091053 -0.793750
v -0.952078 -0.117509 -0.081875
v -0.949518 -0.126257 -0.186208
v -0.887430 -0.104388 -0.441813
v -0.923915 -0.120923 -0.347615
v -0.782457 -0.083052 -0.716300
v -0.318933 -0.244352 -1.522267
v -0.435214 -0.211388 -1.464020
v -0.402143 -0.185464 -1.416440
v -0.628838 -0.162848 -1.240312
v -0.584032 -0.171383 -1.299306
v -0.657108 -0.153247 -1.183238
v -0.702845 -0.127140 -1.031349
v -0.766894 -0.093302 -0.792788
v -0.957731 -0.124127 -0.069345
v -0.956876 -0.128833 -0.127074
v -0.918154 -0.128924 -0.438506
v -0.877082 -0.113242 -0.534411
v -0.945251 -0.140019 -0.346228
v -0.846678 -0.089453 -0.538358
v -0.833023 -0.099267 -0.628076
v -0.793872 -0.091266 -0.715127
v -0.262097 -0.257196 -1.537247
v -0.373463 -0.246277 -1.513109
v -0.317377 -0.257018 -1.528498
v -0.372913 -0.234537 -1.505625
v -0.442788 -0.199226 -1.439163
v -0.451003 -0.187491 -1.407799
v -0.459110 -0.175970 -1.369075
v -0.529306 -0.168289 -1.311468
v -0.701266 -0.132414 -1.058195
v -0.665643 -0.153034 -1.180571
v -0.721329 -0.118470 -0.975319
v -0.733918 -0.109828 -0.921126
v -0.954738 -0.140334 -0.261763
v -0.423692 -0.236564 -1.496557
v -0.450327 -0.225064 -1.479188
v -0.499328 -0.201893 -1.428602
v -0.518424 -0.178957 -1.357126
v -0.636590 -0.173921 -1.286963
v -0.651662 -0.163168 -1.234019
v -0.683778 -0.144606 -1.129045
v -0.671083 -0.153674 -1.179184
v -0.738832 -0.111966 -0.920379
v -0.752160 -0.103108 -0.861065
v -0.911860 -0.137565 -0.530464
v -0.952179 -0.155163 -0.434879
v -0.818942 -0.109295 -0.712460
v -0.805073 -0.119216 -0.789803
v -0.368271 -0.260473 -1.520699
v -0.490794 -0.213948 -1.453885
v -0.598676 -0.183577 -1.340111
v -0.713129 -0.129533 -1.029401
v -0.688905 -0.146529 -1.128618
v -0.764321 -0.110895 -0.860425
v -0.904926 -0.146740 -0.620182
v -0.939917 -0.156234 -0.527370
v -0.866094 -0.122843 -0.624129
v -0.854679 -0.132551 -0.709153
v -0.438941 -0.261690 -1.507303
v -0.527934 -0.253218 -1.485505
v -0.517241 -0.240933 -1.479722
v -0.560333 -0.217823 -1.441188
v -0.508503 -0.190265 -1.396598
v -0.623076 -0.185144 -1.334830
v -0.642706 -0.175010 -1.285971
v -0.558963 -0.193039 -1.386570
v -0.726237 -0.120496 -0.974679
v -0.657108 -0.163915 -1.232951
v -0.951865 -0.164449 -0.525984
v -0.791738 -0.128497 -0.858931
v -0.549133 -0.230162 -1.461461
v -0.572583 -0.206069 -1.414678
v -0.599948 -0.195864 -1.378495
v -0.713755 -0.144926 -1.079119
v -0.738932 -0.127964 -0.974252
v -0.676204 -0.155594 -1.178864
v -0.662021 -0.166159 -1.232952
v -0.779470 -0.136818 -0.918672
v -0.948768 -0.172234 -0.616021
v -0.843265 -0.142152 -0.787242
v -0.832063 -0.151220 -0.857331
v -0.517673 -0.266889 -1.493611
v -0.546676 -0.243249 -1.474762
v -0.573578 -0.219175 -1.438950
v -0.628518 -0.186318 -1.334084
v -0.609316 -0.196666 -1.376649
v -0.754827 -0.152607 -1.026845
v -0.728584 -0.167862 -1.128618
v -0.687832 -0.162102 -1.179184
v -0.897671 -0.156234 -0.705632
v -0.933303 -0.174370 -0.702965
v -0.890311 -0.165409 -0.784575
v -0.526263 -0.262198 -1.489805
v -0.544863 -0.255870 -1.482862
v -0.560136 -0.231443 -1.459646
v -0.587126 -0.207440 -1.412067
v -0.633107 -0.189200 -1.334404
v -0.614863 -0.198053 -1.375902
v -0.595661 -0.208614 -1.410573
v -0.647400 -0.177570 -1.286398
v -0.741919 -0.160395 -1.079012
v -0.767308 -0.144713 -0.973186
v -0.947918 -0.182051 -0.701898
v -0.821502 -0.159221 -0.918245
v -0.519171 -0.269315 -1.493677
v -0.528422 -0.268410 -1.491873
v -0.556722 -0.244992 -1.473301
v -0.568884 -0.233044 -1.458366
v -0.656255 -0.184184 -1.288318
v -0.780537 -0.178744 -1.079012
v -0.713222 -0.176290 -1.179824
v -0.810087 -0.166369 -0.973719
v -0.694233 -0.186531 -1.236685
v -0.944274 -0.189938 -0.781803
v -0.883056 -0.174263 -0.856371
v -0.876122 -0.182371 -0.920272
v -0.546164 -0.266485 -1.486877
v -0.564297 -0.247445 -1.472021
v -0.582219 -0.220669 -1.437563
v -0.619450 -0.201146 -1.375902
v -0.601528 -0.210427 -1.409720
v -0.796112 -0.172770 -1.027379
v -0.745226 -0.191759 -1.179078
v -0.764001 -0.184718 -1.128511
v -0.925942 -0.191865 -0.855731
v -0.554375 -0.258433 -1.481409
v -0.542891 -0.271934 -1.489811
v -0.588513 -0.222909 -1.436603
v -0.606526 -0.213609 -1.409400
v -0.626067 -0.207444 -1.376756
v -0.655081 -0.208081 -1.339204
v -0.674070 -0.197626 -1.292052
v -0.846998 -0.191972 -1.030259
v -0.800486 -0.197733 -1.127978
v -0.941850 -0.198486 -0.855516
v -0.865561 -0.188772 -0.977773
v -0.560349 -0.261527 -1.480555
v -0.551484 -0.276044 -1.488977
v -0.575925 -0.235391 -1.457192
v -0.701380 -0.214801 -1.294826
v -0.824169 -0.194319 -1.079652
v -0.722823 -0.200720 -1.234445
v -0.941304 -0.207547 -0.923046
v -0.920501 -0.210321 -0.991001
v -0.581792 -0.238804 -1.456232
v -0.570377 -0.250753 -1.470954
v -0.622118 -0.229418 -1.409613
v -0.652308 -0.232617 -1.380383
v -0.594060 -0.226216 -1.435856
v -0.861080 -0.207761 -1.088506
v -0.753120 -0.208294 -1.221430
v -0.776590 -0.202427 -1.175237
v -0.557896 -0.272835 -1.485569
v -0.575711 -0.255340 -1.469994
v -0.600034 -0.231763 -1.435216
v -0.673430 -0.223869 -1.343791
v -0.889670 -0.208507 -1.042954
v -0.804753 -0.211494 -1.175557
v -0.832063 -0.208934 -1.133632
v -0.939170 -0.215548 -0.981613
v -0.559034 -0.279278 -1.487961
v -0.565470 -0.265474 -1.479808
v -0.560427 -0.282544 -1.488800
v -0.607822 -0.240405 -1.434576
v -0.645693 -0.254913 -1.410466
v -0.692739 -0.240405 -1.349659
v -0.740745 -0.217148 -1.258981
v -0.906526 -0.220455 -1.073038
v -0.852759 -0.220455 -1.152301
v -0.937143 -0.223016 -1.027806
v -0.570484 -0.270275 -1.479062
v -0.587446 -0.243925 -1.455272
v -0.594060 -0.251393 -1.454205
v -0.616676 -0.250966 -1.433829
v -0.680149 -0.259711 -1.385077
v -0.720476 -0.234217 -1.314241
v -0.750560 -0.230483 -1.280210
v -0.766848 -0.219577 -1.239653
v -0.879749 -0.219495 -1.113576
v -0.781390 -0.214695 -1.211508
v -0.566750 -0.280410 -1.484822
v -0.566203 -0.285624 -1.487809
v -0.581472 -0.261634 -1.468927
v -0.633210 -0.271020 -1.432549
v -0.659774 -0.270380 -1.410893
v -0.714342 -0.258920 -1.356683
v -0.737438 -0.247552 -1.322242
v -0.887110 -0.227923 -1.139286
v -0.803793 -0.225149 -1.218443
v -0.841806 -0.231719 -1.201520
v -0.933518 -0.231330 -1.076415
v -0.578956 -0.280097 -1.477702
v -0.587019 -0.268568 -1.467754
v -0.607683 -0.268845 -1.451970
v -0.686538 -0.266204 -1.386036
v -0.794192 -0.238378 -1.259408
v -0.910793 -0.231868 -1.119648
v -0.870255 -0.233897 -1.181531
v -0.615797 -0.279734 -1.450583
v -0.637779 -0.276752 -1.432020
v -0.745546 -0.254060 -1.326083
v -0.773175 -0.247445 -1.294397
v -0.890631 -0.232297 -1.152728
v -0.826196 -0.239658 -1.236258
v -0.849132 -0.236457 -1.208521
v -0.573151 -0.287024 -1.484396
v -0.597613 -0.283154 -1.465696
v -0.801436 -0.243703 -1.264948
v -0.584270 -0.286818 -1.476834
v -0.589550 -0.287443 -1.473144
v 0.031937 -0.170743 -1.455165
v 0.019136 -0.167862 -1.448444
v 0.012367 -0.176706 -1.468598
v 0.004841 -0.167862 -1.445351
v 0.031937 -0.170743 -1.455165
v 0.019563 -0.168110 -1.447361
v 0.019136 -0.167862 -1.448444
v 0.030551 -0.171063 -1.456552
v 0.031937 -0.170743 -1.455165
v 0.039085 -0.174796 -1.467434
v 0.004937 -0.181473 -1.480424
v 0.004841 -0.167115 -1.444924
v 0.031937 -0.175970 -1.453032
v 0.039085 -0.174796 -1.467434
v 0.018816 -0.168502 -1.449191
v 0.039085 -0.174796 -1.467434
v 0.040258 -0.175014 -1.466791
v 0.019386 -0.180683 -1.478868
v -0.009774 -0.168076 -1.447378
v 0.004841 -0.167654 -1.444388
v 0.019563 -0.173303 -1.445244
v 0.038125 -0.175331 -1.467647
v 0.030337 -0.172236 -1.456339
v 0.043139 -0.180450 -1.480449
v 0.043139 -0.180450 -1.480449
v -0.005505 -0.177332 -1.470352
v 0.018407 -0.183384 -1.485476
v -0.009774 -0.168076 -1.447378
v 0.004841 -0.167862 -1.446738
v 0.040258 -0.180344 -1.464660
v 0.040898 -0.180877 -1.480235
v 0.018602 -0.169676 -1.448978
v 0.041859 -0.179917 -1.480662
v 0.043139 -0.180450 -1.480449
v -0.009802 -0.181038 -1.479738
v -0.022149 -0.170743 -1.455165
v 0.019563 -0.195066 -1.512666
v -0.009241 -0.167969 -1.448658
v -0.009774 -0.173303 -1.445244
v 0.004841 -0.172449 -1.442470
v 0.018602 -0.170743 -1.448551
v 0.043139 -0.185678 -1.478315
v 0.039298 -0.185464 -1.493784
v 0.039298 -0.185464 -1.493784
v -0.008814 -0.183331 -1.485356
v -0.029297 -0.174796 -1.467434
v -0.022149 -0.170743 -1.455165
v -0.022149 -0.170743 -1.455165
v 0.031937 -0.191972 -1.504985
v 0.004841 -0.195919 -1.514373
v -0.008921 -0.169142 -1.449191
v 0.038125 -0.186211 -1.492930
v 0.040258 -0.186107 -1.493889
v -0.022149 -0.191545 -1.505092
v -0.032391 -0.180877 -1.480235
v -0.029297 -0.174796 -1.467434
v -0.030470 -0.175544 -1.466579
v -0.020549 -0.171276 -1.456659
v -0.022149 -0.175970 -1.453032
v 0.019563 -0.195066 -1.512666
v 0.019563 -0.199866 -1.510746
v 0.031937 -0.191972 -1.504985
v 0.019563 -0.195066 -1.512666
v 0.031937 -0.191118 -1.505305
v 0.004841 -0.195919 -1.514373
v 0.019029 -0.193679 -1.512026
v 0.004841 -0.196452 -1.515333
v 0.004841 -0.195919 -1.514373
v -0.009348 -0.194639 -1.511812
v 0.004841 -0.169889 -1.445884
v 0.038125 -0.187811 -1.492290
v 0.040258 -0.191332 -1.491757
v -0.029297 -0.185358 -1.493677
v -0.032391 -0.179917 -1.480555
v -0.030470 -0.180344 -1.464660
v -0.028337 -0.175331 -1.467647
v 0.031937 -0.196346 -1.503171
v 0.004841 -0.201253 -1.513306
v 0.004841 -0.194852 -1.514479
v -0.009348 -0.194639 -1.511812
v -0.009348 -0.194639 -1.511812
v -0.009241 -0.193679 -1.512026
v -0.020549 -0.173303 -1.455912
v 0.030337 -0.190905 -1.503705
v -0.022149 -0.191545 -1.505092
v -0.021509 -0.190265 -1.504878
v -0.009774 -0.195600 -1.512453
v -0.031110 -0.180877 -1.480235
v -0.033137 -0.180344 -1.480449
v -0.033351 -0.185678 -1.478315
v 0.004841 -0.194959 -1.513413
v 0.030337 -0.192505 -1.502958
v -0.030470 -0.186962 -1.493569
v -0.009774 -0.199866 -1.510746
v -0.029297 -0.185358 -1.493677
v -0.033351 -0.181306 -1.480021
v 0.018602 -0.193683 -1.510957
v -0.020549 -0.190377 -1.503809
v -0.022149 -0.196346 -1.503171
v -0.030257 -0.185891 -1.493890
v -0.028337 -0.186211 -1.492930
v -0.030470 -0.191332 -1.491757
v -0.008921 -0.193683 -1.510957
v 0.018602 -0.195812 -1.510106
v -0.008921 -0.195812 -1.510106
v 0.004841 -0.196986 -1.512559
v -0.020549 -0.192505 -1.502958
vn -0.0750 -0.9914 0.1072
vn -0.0712 -0.9929 0.0951
vn -0.0583 -0.9929 0.1036
vn -0.0967 -0.9895 0.1077
vn -0.0799 -0.9895 0.1205
vn -0.0529 -0.9941 0.0943
vn -0.0939 -0.9909 0.0961
vn -0.1088 -0.9882 0.1077
vn -0.0483 -0.9952 0.0852
vn -0.0620 -0.9945 0.0843
vn -0.0909 -0.9921 0.0866
vn -0.1092 -0.9895 0.0942
vn -0.1010 -0.9873 0.1227
vn -0.0745 -0.9887 0.1297
vn -0.0849 -0.9915 0.0989
vn -0.0687 -0.9939 0.0864
vn -0.1107 -0.9881 0.1070
vn -0.1041 -0.9852 0.1363
vn -0.1096 -0.9868 0.1190
vn -0.0854 -0.9872 0.1344
vn -0.1369 -0.9827 0.1249
vn -0.1281 -0.9880 0.0867
vn -0.0460 -0.9957 0.0807
vn -0.0707 -0.9940 0.0833
vn -0.1089 -0.9903 0.0863
vn -0.1276 -0.9864 0.1032
vn -0.0893 -0.9854 0.1448
vn -0.2074 -0.9719 0.1112
vn -0.1676 -0.9769 0.1328
vn -0.1628 -0.9819 0.0966
vn -0.0292 -0.9968 0.0747
vn -0.0335 -0.9962 0.0800
vn -0.0471 -0.9954 0.0836
vn -0.0282 -0.9968 0.0742
vn -0.0940 -0.9921 0.0837
vn -0.1352 -0.9871 0.0861
vn -0.0811 -0.9963 0.0268
vn -0.1359 -0.9862 0.0942
vn -0.0936 -0.9877 0.1250
vn -0.0840 -0.9862 0.1426
vn -0.0365 -0.9951 0.0918
vn -0.0312 -0.9968 0.0731
vn -0.2333 -0.9674 0.0990
vn -0.1141 -0.9873 0.1104
vn -0.0992 -0.9849 0.1422
vn -0.1075 -0.9833 0.1472
vn -0.0912 -0.9845 0.1497
vn -0.2512 -0.9604 0.1206
vn 0.0208 -0.9977 0.0642
vn -0.0149 -0.9969 0.0776
vn 0.0730 -0.9942 0.0788
vn -0.0525 -0.9981 -0.0309
vn -0.1130 -0.9925 0.0460
vn -0.2283 -0.9678 0.1063
vn -0.1682 -0.9777 0.1254
vn -0.0689 -0.9888 0.1326
vn -0.1084 -0.9820 0.1547
vn -0.0926 -0.9838 0.1532
vn -0.2947 -0.9460 0.1348
vn -0.0462 -0.9925 0.1131
vn -0.0399 -0.9947 0.0946
vn -0.1962 -0.9693 0.1479
vn 0.0064 -0.9968 0.0797
vn -0.0216 -0.9963 0.0837
vn -0.2078 -0.9771 0.0458
vn -0.2325 -0.9683 0.0915
vn -0.4690 -0.8760 0.1127
vn -0.2081 -0.9712 0.1162
vn -0.0442 -0.9913 0.1241
vn -0.0500 -0.9892 0.1375
vn -0.0943 -0.9825 0.1603
vn 0.1430 -0.9850 0.0970
vn -0.2216 -0.9628 0.1544
vn 0.0501 -0.9938 0.0989
vn -0.0255 -0.9961 0.0840
vn -0.0919 -0.9957 0.0071
vn -0.2234 -0.9747 0.0094
vn -0.4618 -0.8783 0.1237
vn -0.4422 -0.8865 0.1361
vn -0.1348 -0.9819 0.1332
vn -0.0948 -0.9841 0.1505
vn -0.0990 -0.9821 0.1605
vn -0.0511 -0.9918 0.1168
vn 0.0281 -0.9953 0.0922
vn -0.0187 -0.9957 0.0908
vn -0.0186 -0.9964 0.0827
vn -0.4793 -0.8774 0.0197
vn -0.4612 -0.8858 0.0515
vn -0.4671 -0.8780 0.1040
vn -0.6485 -0.7495 0.1328
vn -0.4124 -0.8987 0.1493
vn -0.0989 -0.9852 0.1399
vn -0.3844 -0.9086 0.1636
vn -0.0913 -0.9836 0.1555
vn -0.1034 -0.9807 0.1659
vn -0.3312 -0.9325 0.1440
vn 0.2168 -0.9697 0.1122
vn -0.0536 -0.9892 0.1362
vn 0.1815 -0.9781 0.1023
vn 0.0737 -0.9908 0.1138
vn -0.0176 -0.9951 0.0977
vn -0.0191 -0.9957 0.0906
vn -0.0189 -0.9962 0.0851
vn -0.6636 -0.7399 0.1102
vn -0.6614 -0.7405 0.1191
vn -0.6149 -0.7715 0.1632
vn -0.0851 -0.9850 0.1498
vn -0.0378 -0.9889 0.1434
vn -0.0910 -0.9826 0.1618
vn -0.0956 -0.9812 0.1676
vn -0.3590 -0.9200 0.1575
vn 0.1000 -0.9879 0.1184
vn -0.0155 -0.9926 0.1208
vn -0.2429 -0.9555 0.1676
vn -0.0166 -0.9937 0.1106
vn -0.0130 -0.9963 0.0850
vn -0.6764 -0.7338 0.0630
vn -0.7038 -0.6988 0.1275
vn -0.6336 -0.7594 0.1477
vn -0.3509 -0.9198 0.1757
vn -0.3238 -0.9278 0.1853
vn -0.0338 -0.9884 0.1483
vn -0.0962 -0.9801 0.1739
vn 0.2479 -0.9615 0.1186
vn -0.2570 -0.9507 0.1735
vn -0.0251 -0.9937 0.1095
vn -0.0219 -0.9949 0.0982
vn -0.0128 -0.9965 0.0820
vn -0.6675 -0.7441 0.0283
vn -0.7225 -0.6827 0.1089
vn -0.7139 -0.6901 0.1183
vn -0.6865 -0.7122 0.1463
vn -0.5865 -0.7893 0.1816
vn -0.5657 -0.8007 0.1970
vn -0.0706 -0.9856 0.1538
vn -0.0895 -0.9818 0.1675
vn -0.1083 -0.9786 0.1748
vn -0.0577 -0.9881 0.1424
vn 0.2690 -0.9544 0.1291
vn 0.1415 -0.9806 0.1359
vn 0.1229 -0.9838 0.1308
vn -0.0149 -0.9909 0.1335
vn -0.0156 -0.9952 0.0965
vn -0.0109 -0.9960 0.0890
vn -0.0082 -0.9965 0.0827
vn -0.7243 -0.6816 0.1033
vn -0.7323 -0.6723 0.1079
vn -0.6789 -0.7236 0.1243
vn -0.6613 -0.7345 0.1522
vn -0.6434 -0.7443 0.1792
vn -0.3006 -0.9337 0.1944
vn -0.0324 -0.9874 0.1550
vn -0.1119 -0.9767 0.1829
vn -0.0571 -0.9856 0.1590
vn -0.0122 -0.9899 0.1414
vn -0.0322 -0.9906 0.1328
vn -0.0290 -0.9921 0.1217
vn -0.0070 -0.9964 0.0841
vn -0.7139 -0.6932 0.0992
vn -0.5309 -0.8209 0.2105
vn -0.5048 -0.8348 0.2197
vn -0.2952 -0.9337 0.2024
vn -0.0795 -0.9833 0.1639
vn -0.0912 -0.9800 0.1770
vn -0.0319 -0.9863 0.1621
vn -0.0976 -0.9783 0.1827
vn -0.3927 -0.9022 0.1783
vn 0.1571 -0.9765 0.1476
vn -0.0211 -0.9927 0.1190
vn -0.2700 -0.9447 0.1859
vn -0.0172 -0.9941 0.1074
vn -0.0104 -0.9954 0.0952
vn -0.0042 -0.9962 0.0866
vn -0.7577 -0.6451 0.0981
vn -0.7517 -0.6528 0.0940
vn -0.6417 -0.7544 0.1381
vn -0.6708 -0.7342 0.1051
vn -0.6326 -0.7556 0.1700
vn -0.5995 -0.7794 0.1818
vn -0.5853 -0.7835 0.2085
vn -0.0981 -0.9766 0.1915
vn -0.0572 -0.9846 0.1651
vn 0.2856 -0.9486 0.1367
vn -0.0092 -0.9872 0.1595
vn 0.1666 -0.9741 0.1531
vn -0.0098 -0.9883 0.1522
vn -0.0355 -0.9890 0.1435
vn -0.2797 -0.9403 0.1940
vn -0.0100 -0.9944 0.1051
vn -0.0039 -0.9956 0.0940
vn -0.0036 -0.9964 0.0841
vn -0.7603 -0.6432 0.0908
vn -0.7768 -0.6236 0.0875
vn -0.7599 -0.6452 0.0790
vn -0.6202 -0.7764 0.1120
vn -0.5992 -0.7870 0.1468
vn -0.6701 -0.7371 0.0872
vn -0.4780 -0.8479 0.2293
vn -0.0661 -0.9836 0.1678
vn -0.0895 -0.9789 0.1839
vn -0.1166 -0.9741 0.1937
vn 0.2962 -0.9441 0.1445
vn -0.0616 -0.9816 0.1805
vn -0.0376 -0.9876 0.1523
vn -0.0281 -0.9895 0.1415
vn -0.0256 -0.9911 0.1309
vn 0.0001 -0.9961 0.0877
vn 0.0030 -0.9965 0.0839
vn -0.8147 -0.5788 0.0345
vn -0.7196 -0.6900 0.0778
vn -0.5669 -0.7999 0.1970
vn -0.5373 -0.8181 0.2051
vn -0.4662 -0.8529 0.2352
vn -0.5342 -0.8138 0.2288
vn -0.2816 -0.9365 0.2087
vn -0.1092 -0.9757 0.1898
vn -0.0314 -0.9850 0.1698
vn -0.0672 -0.9819 0.1769
vn -0.0959 -0.9765 0.1931
vn -0.0090 -0.9856 0.1686
vn -0.0200 -0.9915 0.1287
vn -0.0117 -0.9933 0.1149
vn -0.2921 -0.9340 0.2058
vn 0.0001 -0.9947 0.1032
vn 0.0066 -0.9955 0.0945
vn -0.8290 -0.5587 -0.0244
vn -0.8094 -0.5831 0.0704
vn -0.7914 -0.6074 0.0695
vn -0.5686 -0.8136 0.1213
vn -0.6145 -0.7841 0.0875
vn -0.5576 -0.8142 0.1616
vn -0.5169 -0.8390 0.1699
vn -0.2710 -0.9380 0.2161
vn -0.0868 -0.9788 0.1857
vn -0.0316 -0.9841 0.1750
vn -0.1180 -0.9735 0.1961
vn -0.4181 -0.8866 0.1977
vn 0.3076 -0.9393 0.1523
vn 0.1725 -0.9714 0.1632
vn -0.0083 -0.9843 0.1761
vn -0.0420 -0.9847 0.1690
vn -0.0399 -0.9862 0.1604
vn -0.0314 -0.9880 0.1510
vn 0.0042 -0.9962 0.0868
vn -0.8780 -0.4514 -0.1592
vn -0.8657 -0.5003 0.0175
vn -0.5181 -0.8450 0.1327
vn -0.5645 -0.8191 0.1022
vn -0.5110 -0.8321 0.2156
vn -0.4885 -0.8439 0.2220
vn -0.0674 -0.9811 0.1815
vn -0.0912 -0.9765 0.1954
vn -0.0604 -0.9800 0.1896
vn 0.3145 -0.9351 0.1630
vn 0.1810 -0.9687 0.1702
vn -0.0326 -0.9866 0.1597
vn -0.0254 -0.9884 0.1497
vn -0.0159 -0.9902 0.1385
vn -0.0127 -0.9919 0.1266
vn -0.0000 -0.9935 0.1139
vn -0.0631 -0.9772 0.2028
vn -0.2815 -0.9345 0.2181
vn 0.0101 -0.9944 0.1049
vn 0.0079 -0.9966 0.0826
vn 0.0109 -0.9959 0.0893
vn -0.7687 -0.1772 -0.6146
vn -0.5712 -0.8161 0.0876
vn -0.4799 -0.8583 0.1817
vn -0.4479 -0.8744 0.1865
vn -0.4981 -0.8319 0.2446
vn -0.4478 -0.8602 0.2440
vn -0.0411 -0.9837 0.1751
vn -0.1029 -0.9768 0.1879
vn -0.2554 -0.9406 0.2237
vn -0.1149 -0.9731 0.1999
vn -0.0436 -0.9831 0.1776
vn -0.0000 -0.9920 0.1263
vn 0.0117 -0.9933 0.1149
vn -0.4176 -0.8828 0.2151
vn 0.0151 -0.9952 0.0964
vn 0.0070 -0.9964 0.0841
vn -0.9112 -0.4109 -0.0303
vn -0.8885 -0.4583 0.0238
vn -0.5084 -0.8545 0.1063
vn -0.4720 -0.8702 0.1410
vn -0.4301 -0.8904 0.1493
vn -0.4693 -0.8522 0.2313
vn -0.4226 -0.8721 0.2466
vn -0.0715 -0.9796 0.1879
vn -0.0915 -0.9776 0.1895
vn -0.1124 -0.9697 0.2169
vn 0.1848 -0.9662 0.1799
vn -0.0085 -0.9824 0.1868
vn -0.0348 -0.9836 0.1772
vn -0.0448 -0.9814 0.1866
vn -0.0338 -0.9852 0.1679
vn -0.0267 -0.9869 0.1591
vn -0.0161 -0.9887 0.1493
vn -0.0638 -0.9736 0.2191
vn -0.4034 -0.8853 0.2313
vn 0.0211 -0.9927 0.1190
vn 0.0172 -0.9941 0.1074
vn 0.0130 -0.9963 0.0850
vn 0.0191 -0.9957 0.0906
vn -0.4626 -0.8783 0.1205
vn -0.4199 -0.8864 0.1948
vn -0.4542 -0.8587 0.2374
vn -0.3987 -0.8944 0.2026
vn -0.0341 -0.9823 0.1842
vn -0.0571 -0.9813 0.1840
vn -0.4087 -0.8759 0.2565
vn -0.2469 -0.9419 0.2276
vn -0.1013 -0.9730 0.2073
vn -0.0914 -0.9732 0.2109
vn 0.3074 -0.9346 0.1787
vn -0.0278 -0.9854 0.1677
vn -0.0176 -0.9872 0.1586
vn -0.0000 -0.9888 0.1490
vn -0.0000 -0.9904 0.1380
vn 0.0127 -0.9919 0.1266
vn -0.0635 -0.9708 0.2312
vn -0.3771 -0.8907 0.2538
vn -0.2674 -0.9346 0.2346
vn 0.0200 -0.9915 0.1287
vn 0.0251 -0.9937 0.1095
vn 0.0128 -0.9965 0.0820
vn 0.0219 -0.9949 0.0982
vn -0.4686 -0.8770 0.1064
vn -0.3932 -0.9064 0.1546
vn -0.3651 -0.9167 0.1623
vn -0.1020 -0.9735 0.2046
vn -0.0817 -0.9753 0.2051
vn -0.4638 -0.8487 0.2541
vn -0.2627 -0.9344 0.2406
vn -0.0973 -0.9742 0.2037
vn -0.0922 -0.9673 0.2365
vn -0.0110 -0.9805 0.1964
vn 0.1794 -0.9666 0.1831
vn -0.0459 -0.9801 0.1931
vn -0.0378 -0.9814 0.1884
vn 0.0159 -0.9902 0.1385
vn -0.2433 -0.9321 0.2683
vn 0.0256 -0.9911 0.1309
vn 0.0186 -0.9964 0.0827
vn 0.0189 -0.9962 0.0851
vn 0.0176 -0.9951 0.0977
vn -0.4170 -0.9007 0.1220
vn -0.3805 -0.9150 0.1345
vn -0.3806 -0.9000 0.2125
vn -0.1244 -0.9668 0.2234
vn -0.4385 -0.8597 0.2619
vn -0.1043 -0.9670 0.2325
vn -0.1091 -0.9641 0.2422
vn 0.1632 -0.9663 0.1992
vn -0.0309 -0.9825 0.1836
vn -0.0198 -0.9844 0.1747
vn -0.0183 -0.9859 0.1662
vn -0.0000 -0.9875 0.1579
vn 0.2875 -0.9369 0.1988
vn -0.0645 -0.9621 0.2648
vn 0.0281 -0.9895 0.1415
vn 0.0322 -0.9906 0.1328
vn 0.0290 -0.9921 0.1217
vn 0.0216 -0.9963 0.0837
vn 0.0187 -0.9957 0.0908
vn -0.3405 -0.9246 0.1707
vn -0.4420 -0.8633 0.2435
vn -0.3260 -0.9275 0.1830
vn -0.3740 -0.8995 0.2258
vn -0.4639 -0.8393 0.2835
vn -0.4091 -0.8720 0.2688
vn -0.1031 -0.9669 0.2332
vn -0.1079 -0.9528 0.2839
vn -0.0468 -0.9785 0.2009
vn -0.0388 -0.9790 0.2003
vn -0.0323 -0.9809 0.1918
vn -0.0000 -0.9860 0.1666
vn 0.0176 -0.9872 0.1586
vn 0.0161 -0.9887 0.1493
vn 0.2546 -0.9409 0.2234
vn -0.3431 -0.8930 0.2913
vn -0.0660 -0.9545 0.2910
vn 0.0155 -0.9926 0.1208
vn 0.0166 -0.9937 0.1106
vn -0.0064 -0.9968 0.0797
vn -0.3871 -0.9132 0.1271
vn -0.3522 -0.9255 0.1393
vn -0.3347 -0.9288 0.1594
vn -0.2901 -0.9209 0.2603
vn -0.1547 -0.9561 0.2490
vn -0.4420 -0.8499 0.2868
vn -0.4420 -0.8479 0.2928
vn -0.1077 -0.9555 0.2746
vn -0.0960 -0.9557 0.2781
vn -0.0194 -0.9764 0.2153
vn -0.0202 -0.9825 0.1851
vn 0.0254 -0.9884 0.1497
vn -0.2918 -0.8943 0.3391
vn -0.2112 -0.9284 0.3056
vn 0.0355 -0.9890 0.1435
vn -0.0501 -0.9938 0.0989
vn 0.0255 -0.9961 0.0840
vn -0.0281 -0.9953 0.0922
vn -0.3099 -0.9292 0.2014
vn -0.3243 -0.8999 0.2916
vn -0.1164 -0.9545 0.2745
vn -0.3728 -0.8942 0.2477
vn -0.4636 -0.8262 0.3201
vn -0.3814 -0.8811 0.2795
vn -0.1040 -0.9356 0.3374
vn 0.1409 -0.9667 0.2138
vn -0.0370 -0.9756 0.2166
vn -0.0466 -0.9753 0.2159
vn -0.0321 -0.9786 0.2031
vn -0.0212 -0.9806 0.1950
vn -0.0000 -0.9832 0.1824
vn -0.0000 -0.9846 0.1746
vn 0.0183 -0.9859 0.1662
vn 0.0314 -0.9880 0.1510
vn 0.1024 -0.9622 0.2524
vn -0.1697 -0.9111 0.3757
vn 0.0122 -0.9899 0.1414
vn 0.0376 -0.9876 0.1523
vn 0.0149 -0.9909 0.1335
vn 0.0335 -0.9962 0.0800
vn 0.0149 -0.9969 0.0776
vn -0.0730 -0.9942 0.0788
vn -0.3352 -0.9304 0.1485
vn -0.3256 -0.9298 0.1715
vn -0.3098 -0.9222 0.2313
vn -0.3055 -0.9314 0.1978
vn -0.1823 -0.9378 0.2955
vn -0.1225 -0.9356 0.3311
vn -0.1078 -0.9340 0.3405
vn -0.0481 -0.9694 0.2409
vn -0.0000 -0.9818 0.1898
vn 0.0198 -0.9844 0.1747
vn 0.0278 -0.9854 0.1677
vn 0.0267 -0.9869 0.1591
vn 0.0326 -0.9866 0.1597
vn -0.0777 -0.9296 0.3603
vn 0.1391 -0.9363 0.3225
vn -0.1001 -0.9879 0.1184
vn -0.0737 -0.9908 0.1138
vn 0.0292 -0.9968 0.0747
vn -0.0208 -0.9977 0.0642
vn -0.3351 -0.9263 0.1722
vn -0.3358 -0.9232 0.1871
vn -0.4763 -0.8183 0.3217
vn -0.3634 -0.8695 0.3345
vn -0.1406 -0.9302 0.3391
vn -0.5162 -0.7849 0.3426
vn -0.3998 -0.8575 0.3240
vn -0.1141 -0.9355 0.3343
vn -0.1137 -0.8987 0.4235
vn -0.0257 -0.9706 0.2394
vn -0.0203 -0.9752 0.2206
vn -0.0208 -0.9785 0.2052
vn -0.0000 -0.9807 0.1957
vn 0.0202 -0.9825 0.1851
vn -0.1968 -0.8845 0.4230
vn -0.0794 -0.9176 0.3896
vn 0.0616 -0.9538 0.2940
vn 0.0098 -0.9883 0.1522
vn -0.1430 -0.9850 0.0970
vn 0.0365 -0.9951 0.0918
vn 0.0282 -0.9968 0.0742
vn -0.2964 -0.9272 0.2292
vn -0.5167 -0.7726 0.3689
vn -0.3926 -0.8268 0.4029
vn -0.2102 -0.9088 0.3604
vn -0.3167 -0.9113 0.2632
vn -0.4924 -0.7939 0.3568
vn -0.3301 -0.8948 0.3007
vn -0.4334 -0.8146 0.3854
vn -0.1454 -0.8986 0.4141
vn -0.1249 -0.9006 0.4163
vn -0.1155 -0.9000 0.4202
vn -0.0388 -0.9588 0.2815
vn -0.0402 -0.9696 0.2414
vn -0.0315 -0.9699 0.2416
vn -0.0000 -0.9786 0.2057
vn 0.0212 -0.9806 0.1950
vn 0.0348 -0.9836 0.1772
vn 0.0399 -0.9862 0.1604
vn -0.0901 -0.8917 0.4435
vn -0.0035 -0.9308 0.3655
vn -0.1267 -0.8905 0.4370
vn 0.0092 -0.9872 0.1595
vn -0.1415 -0.9806 0.1359
vn -0.1229 -0.9838 0.1308
vn 0.0312 -0.9968 0.0731
vn 0.0471 -0.9954 0.0836
vn 0.0484 -0.9952 0.0852
vn 0.0460 -0.9957 0.0807
vn -0.3467 -0.9190 0.1878
vn -0.3135 -0.9261 0.2099
vn -0.2928 -0.9238 0.2467
vn -0.2977 -0.9170 0.2654
vn -0.2595 -0.8519 0.4550
vn -0.5343 -0.7371 0.4137
vn -0.1783 -0.8875 0.4249
vn -0.1302 -0.8411 0.5250
vn -0.0429 -0.9598 0.2773
vn -0.0190 -0.9697 0.2434
vn -0.0513 -0.9592 0.2779
vn 0.0323 -0.9809 0.1918
vn 0.0309 -0.9825 0.1836
vn 0.0338 -0.9852 0.1679
vn 0.0420 -0.9847 0.1690
vn 0.0172 -0.9109 0.4123
vn -0.1032 -0.8479 0.5201
vn -0.2168 -0.9697 0.1122
vn -0.1814 -0.9781 0.1023
vn 0.0399 -0.9947 0.0946
vn 0.1281 -0.9880 0.0867
vn 0.0707 -0.9940 0.0834
vn 0.0620 -0.9945 0.0843
vn -0.3252 -0.9245 0.1987
vn -0.3069 -0.9258 0.2206
vn -0.5495 -0.7165 0.4297
vn -0.3526 -0.8705 0.3434
vn -0.1998 -0.8213 0.5344
vn -0.1577 -0.8397 0.5197
vn -0.1221 -0.8432 0.5236
vn -0.0212 -0.9606 0.2770
vn -0.0000 -0.9699 0.2434
vn -0.0000 -0.9750 0.2220
vn -0.0579 -0.9413 0.3325
vn 0.0208 -0.9785 0.2052
vn 0.0321 -0.9786 0.2031
vn 0.0378 -0.9814 0.1884
vn -0.0528 -0.9406 0.3353
vn -0.1571 -0.9765 0.1476
vn 0.0464 -0.9925 0.1131
vn 0.2074 -0.9719 0.1112
vn 0.1628 -0.9819 0.0966
vn 0.0687 -0.9939 0.0864
vn -0.2869 -0.9082 0.3046
vn -0.5826 -0.6752 0.4523
vn -0.5456 -0.6618 0.5141
vn -0.4059 -0.7696 0.4928
vn -0.3143 -0.9014 0.2978
vn -0.5081 -0.7360 0.4474
vn -0.3631 -0.8394 0.4045
vn -0.3274 -0.8814 0.3404
vn -0.1396 -0.8382 0.5271
vn -0.1369 -0.7550 0.6413
vn -0.0341 -0.9601 0.2774
vn 0.0203 -0.9752 0.2206
vn 0.0388 -0.9790 0.2003
vn 0.0448 -0.9814 0.1866
vn 0.0436 -0.9831 0.1776
vn 0.0090 -0.9856 0.1686
vn -0.0600 -0.9010 0.4297
vn -0.0703 -0.9066 0.4161
vn -0.2690 -0.9544 0.1291
vn -0.1666 -0.9741 0.1531
vn -0.2479 -0.9615 0.1186
vn 0.1088 -0.9882 0.1077
vn 0.0529 -0.9941 0.0943
vn 0.0909 -0.9921 0.0866
vn 0.0712 -0.9929 0.0950
vn 0.0849 -0.9915 0.0989
vn -0.2796 -0.9321 0.2301
vn -0.2737 -0.9245 0.2653
vn -0.3111 -0.8929 0.3256
vn -0.5505 -0.6567 0.5154
vn -0.4088 -0.6968 0.5894
vn -0.2892 -0.7744 0.5627
vn -0.4678 -0.7331 0.4936
vn -0.3959 -0.8033 0.4449
vn -0.1714 -0.7474 0.6419
vn -0.1505 -0.7503 0.6437
vn -0.0481 -0.9420 0.3321
vn -0.0383 -0.9430 0.3307
vn -0.0000 -0.9609 0.2768
vn 0.0370 -0.9756 0.2166
vn 0.0459 -0.9801 0.1931
vn 0.0083 -0.9843 0.1761
vn -0.1201 -0.7601 0.6386
vn 0.0536 -0.9892 0.1362
vn 0.0511 -0.9918 0.1168
vn 0.2512 -0.9604 0.1206
vn 0.0583 -0.9929 0.1036
vn 0.0944 -0.9919 0.0846
vn -0.2984 -0.8876 0.3508
vn -0.2791 -0.9052 0.3206
vn -0.5950 -0.5844 0.5518
vn -0.2788 -0.6854 0.6727
vn -0.3254 -0.8624 0.3878
vn -0.3937 -0.7824 0.4826
vn -0.2098 -0.7265 0.6544
vn -0.1642 -0.6167 0.7699
vn -0.0558 -0.9104 0.4100
vn -0.0244 -0.9434 0.3307
vn 0.0212 -0.9606 0.2770
vn -0.0000 -0.9434 0.3318
vn 0.0190 -0.9697 0.2434
vn -0.0666 -0.9090 0.4113
vn 0.0468 -0.9785 0.2009
vn 0.0085 -0.9824 0.1868
vn -0.0885 -0.8512 0.5173
vn -0.1045 -0.7657 0.6346
vn -0.1368 -0.6320 0.7628
vn -0.2856 -0.9486 0.1367
vn 0.2950 -0.9459 0.1348
vn 0.1676 -0.9769 0.1329
vn 0.1369 -0.9827 0.1249
vn 0.1120 -0.9902 0.0829
vn 0.0939 -0.9909 0.0961
vn -0.5619 -0.5423 0.6246
vn -0.5887 -0.5261 0.6137
vn -0.5232 -0.6022 0.6030
vn -0.5101 -0.6173 0.5989
vn -0.3494 -0.8280 0.4385
vn -0.1983 -0.6021 0.7734
vn -0.1699 -0.6233 0.7633
vn -0.1537 -0.6210 0.7685
vn -0.0280 -0.9127 0.4077
vn 0.0315 -0.9699 0.2416
vn -0.0785 -0.8534 0.5153
vn 0.0466 -0.9753 0.2159
vn 0.0110 -0.9805 0.1964
vn -0.1725 -0.9714 0.1632
vn -0.2962 -0.9441 0.1445
vn 0.0571 -0.9856 0.1590
vn 0.0577 -0.9881 0.1424
vn 0.0745 -0.9887 0.1297
vn 0.0799 -0.9895 0.1205
vn 0.0750 -0.9914 0.1072
vn 0.1089 -0.9903 0.0863
vn 0.0967 -0.9895 0.1077
vn 0.1092 -0.9895 0.0942
vn -0.3195 -0.8564 0.4056
vn -0.5981 -0.4631 0.6541
vn -0.6097 -0.4847 0.6272
vn -0.4912 -0.5192 0.6994
vn -0.3866 -0.6100 0.6917
vn -0.4577 -0.6811 0.5715
vn -0.3844 -0.7730 0.5047
vn -0.1892 -0.4685 0.8630
vn -0.1674 -0.4770 0.8628
vn -0.0450 -0.9119 0.4078
vn 0.0244 -0.9434 0.3307
vn 0.0402 -0.9696 0.2414
vn 0.0194 -0.9764 0.2153
vn 0.0481 -0.9694 0.2409
vn -0.1848 -0.9662 0.1799
vn -0.1810 -0.9687 0.1702
vn -0.1185 -0.6377 0.7611
vn 0.3590 -0.9200 0.1575
vn 0.3312 -0.9325 0.1440
vn 0.1966 -0.9692 0.1480
vn 0.1352 -0.9871 0.0861
vn -0.5644 -0.4562 0.6880
vn -0.5744 -0.4172 0.7043
vn -0.5855 -0.4000 0.7051
vn -0.3450 -0.5021 0.7930
vn -0.2595 -0.5583 0.7880
vn -0.5053 -0.5877 0.6319
vn -0.0660 -0.8563 0.5122
vn -0.0539 -0.8590 0.5091
vn -0.0000 -0.9128 0.4085
vn 0.0280 -0.9127 0.4077
vn 0.0383 -0.9430 0.3307
vn 0.0341 -0.9601 0.2774
vn 0.0429 -0.9598 0.2773
vn -0.1794 -0.9666 0.1831
vn -0.0912 -0.7681 0.6337
vn -0.1283 -0.4927 0.8607
vn -0.1036 -0.6421 0.7595
vn -0.1489 -0.4880 0.8600
vn 0.0572 -0.9846 0.1651
vn 0.2216 -0.9628 0.1543
vn 0.0912 -0.9845 0.1497
vn 0.0840 -0.9862 0.1426
vn 0.0854 -0.9872 0.1344
vn 0.1427 -0.9862 0.0836
vn 0.0740 -0.9972 0.0058
vn 0.1107 -0.9881 0.1070
vn -0.5829 -0.3593 0.7288
vn -0.5624 -0.4422 0.6986
vn -0.2249 -0.4368 0.8710
vn -0.4767 -0.6443 0.5981
vn -0.1780 -0.4187 0.8905
vn -0.0779 -0.7722 0.6306
vn -0.0334 -0.8609 0.5077
vn -0.0000 -0.8621 0.5067
vn -0.1632 -0.9663 0.1992
vn 0.0257 -0.9706 0.2394
vn -0.3145 -0.9351 0.1630
vn -0.3074 -0.9346 0.1787
vn -0.3076 -0.9393 0.1523
vn -0.1510 -0.4215 0.8942
vn 0.3927 -0.9022 0.1783
vn 0.0616 -0.9816 0.1805
vn 0.2570 -0.9507 0.1735
vn 0.0893 -0.9854 0.1448
vn 0.1041 -0.9852 0.1363
vn 0.1010 -0.9873 0.1227
vn 0.1523 -0.9848 0.0841
vn 0.1359 -0.9862 0.0942
vn 0.1276 -0.9864 0.1032
vn 0.1096 -0.9868 0.1190
vn -0.5848 -0.3955 0.7082
vn -0.5728 -0.3857 0.7233
vn -0.5929 -0.2779 0.7558
vn -0.4976 -0.3738 0.7827
vn -0.4346 -0.4298 0.7915
vn -0.1969 -0.3844 0.9019
vn -0.1696 -0.4157 0.8936
vn -0.1863 -0.2716 0.9442
vn -0.0410 -0.7795 0.6250
vn 0.0450 -0.9119 0.4078
vn 0.0514 -0.9592 0.2779
vn -0.1409 -0.9667 0.2138
vn 0.0388 -0.9588 0.2815
vn -0.1024 -0.9622 0.2524
vn -0.1127 -0.4971 0.8604
vn 0.2429 -0.9555 0.1676
vn 0.0990 -0.9821 0.1605
vn 0.2163 -0.9721 0.0910
vn 0.2333 -0.9674 0.0990
vn -0.5561 -0.3165 0.7684
vn -0.5836 -0.2632 0.7682
vn -0.5403 -0.3317 0.7734
vn -0.3513 -0.3611 0.8639
vn -0.2820 -0.4008 0.8717
vn -0.2428 -0.3551 0.9028
vn -0.0643 -0.7756 0.6279
vn 0.0334 -0.8609 0.5077
vn 0.0558 -0.9104 0.4099
vn 0.0539 -0.8590 0.5091
vn 0.0480 -0.9420 0.3321
vn 0.0579 -0.9413 0.3325
vn -0.2546 -0.9409 0.2234
vn 0.0631 -0.9772 0.2028
vn -0.2875 -0.9369 0.1988
vn -0.0899 -0.6450 0.7589
vn -0.1311 -0.4272 0.8946
vn -0.0983 -0.4997 0.8606
vn -0.1152 -0.4295 0.8957
vn 0.2797 -0.9403 0.1940
vn 0.2700 -0.9447 0.1859
vn 0.1034 -0.9807 0.1659
vn 0.0943 -0.9825 0.1603
vn 0.0926 -0.9838 0.1532
vn 0.1075 -0.9833 0.1472
vn 0.1141 -0.9873 0.1104
vn -0.6081 -0.2146 0.7643
vn -0.5747 -0.2666 0.7737
vn -0.4562 -0.3181 0.8311
vn -0.1938 -0.2659 0.9443
vn -0.0751 -0.6486 0.7574
vn -0.0000 -0.7812 0.6243
vn 0.0410 -0.7795 0.6250
vn -0.0616 -0.9538 0.2940
vn 0.0638 -0.9736 0.2191
vn 0.0604 -0.9800 0.1896
vn 0.0635 -0.9708 0.2312
vn 0.4181 -0.8866 0.1977
vn 0.1119 -0.9767 0.1830
vn 0.1083 -0.9786 0.1748
vn 0.1084 -0.9820 0.1547
vn 0.0992 -0.9849 0.1422
vn 0.0936 -0.9877 0.1250
vn 0.4690 -0.8760 0.1127
vn 0.2283 -0.9678 0.1063
vn -0.5154 -0.3238 0.7934
vn -0.5545 -0.3163 0.7697
vn -0.4082 -0.3294 0.8514
vn -0.2083 -0.2770 0.9380
vn -0.1796 -0.1382 0.9740
vn -0.1861 -0.1411 0.9723
vn -0.0489 -0.6531 0.7557
vn -0.0000 -0.6523 0.7580
vn 0.0660 -0.8563 0.5122
vn 0.0528 -0.9406 0.3353
vn 0.0660 -0.9545 0.2910
vn -0.1391 -0.9363 0.3225
vn 0.0035 -0.9308 0.3655
vn 0.4176 -0.8828 0.2151
vn -0.1013 -0.4347 0.8949
vn 0.2921 -0.9340 0.2058
vn 0.0962 -0.9801 0.1739
vn 0.0956 -0.9812 0.1676
vn 0.6641 -0.7395 0.1103
vn 0.5400 -0.8347 0.1081
vn 0.6100 -0.7854 0.1054
vn 0.1682 -0.9777 0.1254
vn 0.2081 -0.9712 0.1162
vn -0.4743 -0.3573 0.8046
vn -0.3315 -0.3444 0.8783
vn -0.2395 -0.2969 0.9244
vn -0.1742 -0.1499 0.9732
vn -0.0548 -0.5091 0.8590
vn 0.0643 -0.7756 0.6279
vn 0.0779 -0.7722 0.6306
vn 0.0785 -0.8534 0.5153
vn 0.0666 -0.9090 0.4113
vn 0.0703 -0.9066 0.4161
vn 0.0645 -0.9621 0.2648
vn -0.0834 -0.5036 0.8599
vn -0.0859 -0.4352 0.8962
vn 0.1167 -0.9741 0.1936
vn 0.0910 -0.9826 0.1618
vn 0.0913 -0.9836 0.1555
vn 0.0948 -0.9841 0.1505
vn 0.0689 -0.9888 0.1326
vn 0.4067 -0.9061 0.1170
vn 0.0442 -0.9913 0.1241
vn 0.4409 -0.8872 0.1361
vn -0.4861 -0.4128 0.7702
vn -0.4303 -0.3654 0.8254
vn -0.4615 -0.3847 0.7994
vn -0.2846 -0.3171 0.9047
vn -0.1515 -0.1371 0.9789
vn -0.1755 -0.0627 0.9825
vn -0.1735 -0.0633 0.9828
vn -0.1815 -0.0609 0.9815
vn 0.0489 -0.6531 0.7557
vn 0.0751 -0.6486 0.7574
vn 0.0777 -0.9296 0.3603
vn 0.3771 -0.8907 0.2538
vn -0.0172 -0.9109 0.4123
vn 0.4034 -0.8853 0.2313
vn 0.2815 -0.9345 0.2181
vn 0.1180 -0.9735 0.1961
vn 0.0980 -0.9767 0.1911
vn 0.0975 -0.9783 0.1828
vn 0.0500 -0.9892 0.1375
vn 0.7225 -0.6827 0.1089
vn 0.7147 -0.6912 0.1068
vn 0.6614 -0.7405 0.1191
vn 0.6627 -0.7373 0.1311
vn 0.1348 -0.9819 0.1332
vn -0.3967 -0.4088 0.8219
vn -0.3327 -0.1578 0.9297
vn -0.1511 -0.1801 0.9720
vn -0.1058 -0.0467 0.9933
vn -0.1701 -0.0521 0.9840
vn -0.1672 -0.0651 0.9838
vn -0.0000 -0.5066 0.8622
vn 0.0548 -0.5091 0.8590
vn 0.0912 -0.7681 0.6337
vn 0.0600 -0.9010 0.4297
vn 0.2918 -0.8943 0.3391
vn 0.0795 -0.9176 0.3896
vn 0.3431 -0.8930 0.2913
vn 0.0901 -0.8917 0.4435
vn 0.0958 -0.9765 0.1932
vn 0.0911 -0.9800 0.1768
vn 0.0895 -0.9818 0.1675
vn 0.0338 -0.9884 0.1483
vn 0.7240 -0.6818 0.1048
vn 0.4124 -0.8987 0.1493
vn 0.0989 -0.9852 0.1399
vn 0.3844 -0.9086 0.1636
vn -0.3616 -0.2760 0.8905
vn -0.0873 -0.0744 0.9934
vn -0.0591 -0.3795 0.9233
vn 0.0899 -0.6450 0.7589
vn 0.1045 -0.7657 0.6346
vn 0.1036 -0.6421 0.7595
vn 0.0885 -0.8512 0.5173
vn 0.1032 -0.8479 0.5201
vn 0.2433 -0.9321 0.2683
vn 0.1149 -0.9731 0.1999
vn 0.0912 -0.9765 0.1954
vn 0.0871 -0.9787 0.1857
vn 0.0378 -0.9889 0.1434
vn 0.7139 -0.6901 0.1183
vn 0.7577 -0.6451 0.0981
vn 0.7038 -0.6988 0.1275
vn 0.6336 -0.7594 0.1477
vn 0.6149 -0.7715 0.1632
vn -0.1398 0.0655 0.9880
vn -0.1775 -0.0852 0.9804
vn -0.1726 -0.1811 0.9682
vn -0.1018 -0.1115 0.9885
vn -0.0603 -0.3092 0.9491
vn 0.0591 -0.3795 0.9233
vn -0.0000 -0.4374 0.8993
vn 0.0834 -0.5036 0.8599
vn 0.0983 -0.4997 0.8606
vn 0.1968 -0.8845 0.4230
vn 0.2674 -0.9346 0.2346
vn 0.1124 -0.9697 0.2169
vn 0.1028 -0.9768 0.1879
vn 0.0894 -0.9789 0.1837
vn 0.0319 -0.9863 0.1620
vn 0.0324 -0.9874 0.1550
vn 0.0851 -0.9850 0.1498
vn 0.7323 -0.6723 0.1079
vn 0.7586 -0.6448 0.0935
vn 0.6865 -0.7122 0.1463
vn 0.3509 -0.9198 0.1757
vn -0.1144 -0.0483 0.9923
vn 0.0860 -0.3782 0.9217
vn 0.1185 -0.6377 0.7611
vn 0.1267 -0.8905 0.4370
vn 0.1697 -0.9111 0.3757
vn 0.2112 -0.9284 0.3056
vn 0.0915 -0.9776 0.1896
vn 0.0316 -0.9841 0.1750
vn 0.0795 -0.9833 0.1639
vn 0.0706 -0.9856 0.1538
vn 0.3238 -0.9278 0.1853
vn 0.7922 -0.6042 0.0860
vn 0.7768 -0.6236 0.0875
vn 0.6789 -0.7236 0.1243
vn 0.5865 -0.7893 0.1816
vn 0.5657 -0.8007 0.1970
vn 0.0687 -0.2108 0.9751
vn 0.1127 -0.4971 0.8604
vn 0.1283 -0.4927 0.8607
vn 0.1368 -0.6320 0.7628
vn 0.1201 -0.7601 0.6386
vn 0.1137 -0.8987 0.4235
vn 0.1079 -0.9528 0.2839
vn 0.1091 -0.9641 0.2422
vn 0.0914 -0.9732 0.2109
vn 0.1013 -0.9730 0.2073
vn 0.0412 -0.9837 0.1751
vn 0.0319 -0.9849 0.1700
vn 0.7139 -0.6932 0.0992
vn 0.7517 -0.6528 0.0940
vn 0.6613 -0.7345 0.1522
vn 0.6434 -0.7443 0.1792
vn 0.0850 -0.2474 0.9652
vn 0.1013 -0.4347 0.8949
vn 0.1152 -0.4295 0.8957
vn 0.1369 -0.7550 0.6413
vn 0.1221 -0.8432 0.5236
vn 0.0922 -0.9673 0.2365
vn 0.0973 -0.9742 0.2037
vn 0.0571 -0.9813 0.1840
vn 0.0715 -0.9796 0.1879
vn 0.0672 -0.9819 0.1769
vn 0.0661 -0.9836 0.1678
vn 0.2952 -0.9337 0.2024
vn 0.3006 -0.9337 0.1944
vn 0.8094 -0.5831 0.0704
vn 0.7599 -0.6452 0.0790
vn 0.6417 -0.7544 0.1381
vn 0.6708 -0.7342 0.1051
vn 0.5309 -0.8209 0.2105
vn 0.0826 -0.0083 0.9965
vn 0.1489 -0.4880 0.8600
vn 0.1302 -0.8411 0.5250
vn 0.1078 -0.9340 0.3405
vn 0.0817 -0.9753 0.2051
vn 0.1043 -0.9670 0.2325
vn 0.0341 -0.9823 0.1842
vn 0.0674 -0.9811 0.1815
vn 0.5048 -0.8348 0.2197
vn 0.8168 -0.5732 0.0658
vn 0.7903 -0.6087 0.0696
vn 0.6202 -0.7764 0.1120
vn 0.5992 -0.7870 0.1468
vn 0.6701 -0.7371 0.0872
vn 0.6326 -0.7556 0.1700
vn 0.5995 -0.7794 0.1818
vn 0.5853 -0.7835 0.2085
vn 0.1311 -0.4272 0.8946
vn 0.1674 -0.4770 0.8628
vn 0.1510 -0.4215 0.8942
vn 0.1537 -0.6210 0.7685
vn 0.1155 -0.9000 0.4202
vn 0.1040 -0.9356 0.3374
vn 0.0960 -0.9557 0.2781
vn 0.1031 -0.9669 0.2332
vn 0.2554 -0.9406 0.2237
vn 0.1020 -0.9735 0.2046
vn 0.2710 -0.9380 0.2161
vn 0.2816 -0.9365 0.2087
vn 0.7196 -0.6900 0.0778
vn 0.1642 -0.6167 0.7699
vn 0.1505 -0.7503 0.6437
vn 0.1249 -0.9006 0.4163
vn 0.1077 -0.9555 0.2746
vn 0.1547 -0.9561 0.2490
vn 0.1244 -0.9668 0.2234
vn 0.2469 -0.9419 0.2276
vn 0.2627 -0.9344 0.2406
vn 0.4661 -0.8529 0.2352
vn 0.4780 -0.8479 0.2293
vn 0.5686 -0.8136 0.1213
vn 0.6145 -0.7841 0.0875
vn 0.5669 -0.7999 0.1970
vn 0.5373 -0.8181 0.2051
vn 0.1696 -0.4157 0.8936
vn 0.1396 -0.8382 0.5271
vn 0.1164 -0.9545 0.2745
vn 0.4226 -0.8721 0.2466
vn 0.4087 -0.8759 0.2565
vn 0.5342 -0.8138 0.2288
vn 0.5181 -0.8450 0.1327
vn 0.5645 -0.8191 0.1022
vn 0.5576 -0.8142 0.1616
vn 0.5169 -0.8390 0.1699
vn 0.1780 -0.4187 0.8905
vn 0.1892 -0.4685 0.8630
vn 0.1699 -0.6233 0.7633
vn 0.1577 -0.8397 0.5197
vn 0.1141 -0.9355 0.3343
vn 0.1823 -0.9378 0.2955
vn 0.3243 -0.8999 0.2916
vn 0.1225 -0.9356 0.3311
vn 0.4478 -0.8602 0.2440
vn 0.2901 -0.9209 0.2603
vn 0.5712 -0.8161 0.0876
vn 0.5110 -0.8321 0.2156
vn 0.1714 -0.7474 0.6419
vn 0.1454 -0.8986 0.4141
vn 0.1406 -0.9302 0.3391
vn 0.4638 -0.8487 0.2541
vn 0.4981 -0.8319 0.2446
vn 0.4091 -0.8720 0.2688
vn 0.4420 -0.8479 0.2928
vn 0.4885 -0.8439 0.2220
vn 0.5084 -0.8545 0.1063
vn 0.4799 -0.8583 0.1817
vn 0.4479 -0.8744 0.1865
vn 0.1851 -0.3378 0.9228
vn 0.1983 -0.6021 0.7734
vn 0.1997 -0.8213 0.5344
vn 0.3634 -0.8695 0.3345
vn 0.2102 -0.9088 0.3604
vn 0.4542 -0.8587 0.2374
vn 0.4385 -0.8597 0.2619
vn 0.4639 -0.8393 0.2835
vn 0.4720 -0.8702 0.1410
vn 0.4626 -0.8783 0.1205
vn 0.4301 -0.8904 0.1493
vn 0.1969 -0.3844 0.9019
vn 0.2249 -0.4368 0.8710
vn 0.2098 -0.7265 0.6544
vn 0.1783 -0.8875 0.4249
vn 0.5168 -0.7726 0.3689
vn 0.3926 -0.8268 0.4029
vn 0.2595 -0.8519 0.4550
vn 0.4763 -0.8183 0.3217
vn 0.4420 -0.8633 0.2435
vn 0.4693 -0.8522 0.2313
vn 0.4686 -0.8770 0.1064
vn 0.4199 -0.8864 0.1948
vn 0.2069 -0.3561 0.9113
vn 0.2595 -0.5583 0.7880
vn 0.2788 -0.6854 0.6727
vn 0.5162 -0.7849 0.3426
vn 0.3740 -0.8995 0.2258
vn 0.4420 -0.8499 0.2868
vn 0.3987 -0.8944 0.2026
vn 0.4636 -0.8262 0.3201
vn 0.4170 -0.9007 0.1220
vn 0.3932 -0.9064 0.1546
vn 0.3651 -0.9167 0.1623
vn 0.1769 -0.1356 0.9748
vn 0.2428 -0.3551 0.9028
vn 0.3450 -0.5021 0.7930
vn 0.2892 -0.7744 0.5627
vn 0.5495 -0.7165 0.4297
vn 0.4059 -0.7696 0.4928
vn 0.3806 -0.9000 0.2125
vn 0.3814 -0.8811 0.2795
vn 0.3728 -0.8942 0.2477
vn 0.3805 -0.9150 0.1345
vn 0.2820 -0.4008 0.8717
vn 0.2311 -0.3499 0.9078
vn 0.4088 -0.6968 0.5894
vn 0.5456 -0.6618 0.5141
vn 0.5826 -0.6752 0.4523
vn 0.5343 -0.7371 0.4137
vn 0.4924 -0.7939 0.3568
vn 0.3260 -0.9275 0.1830
vn 0.3098 -0.9222 0.2313
vn 0.3405 -0.9246 0.1707
vn 0.3513 -0.3611 0.8639
vn 0.2767 -0.3516 0.8943
vn 0.3866 -0.6100 0.6917
vn 0.4334 -0.8146 0.3854
vn 0.3099 -0.9292 0.2014
vn 0.3998 -0.8575 0.3240
vn 0.3871 -0.9132 0.1271
vn 0.3522 -0.9255 0.1393
vn 0.3347 -0.9288 0.1594
vn 0.4912 -0.5192 0.6994
vn 0.4346 -0.4298 0.7915
vn 0.5950 -0.5844 0.5518
vn 0.5505 -0.6567 0.5154
vn 0.5232 -0.6022 0.6030
vn 0.3055 -0.9314 0.1978
vn 0.3301 -0.8948 0.3007
vn 0.3167 -0.9113 0.2632
vn 0.3312 -0.3466 0.8776
vn 0.4976 -0.3738 0.7827
vn 0.5887 -0.5261 0.6137
vn 0.5081 -0.7360 0.4474
vn 0.3256 -0.9298 0.1715
vn 0.2977 -0.9170 0.2654
vn 0.2964 -0.9272 0.2292
vn 0.3352 -0.9304 0.1485
vn 0.3186 -0.3667 0.8741
vn 0.4082 -0.3294 0.8514
vn 0.6097 -0.4847 0.6272
vn 0.5619 -0.5423 0.6246
vn 0.4678 -0.7331 0.4936
vn 0.3526 -0.8705 0.3434
vn 0.3358 -0.9232 0.1871
vn 0.2928 -0.9238 0.2467
vn 0.3351 -0.9263 0.1722
vn 0.4561 -0.3178 0.8313
vn 0.2691 -0.3458 0.8989
vn 0.5624 -0.4422 0.6986
vn 0.5855 -0.4000 0.7051
vn 0.5981 -0.4631 0.6541
vn 0.5101 -0.6173 0.5989
vn 0.3959 -0.8033 0.4449
vn 0.3631 -0.8394 0.4045
vn 0.3274 -0.8814 0.3404
vn 0.3135 -0.9261 0.2099
vn 0.3143 -0.9014 0.2978
vn 0.4268 -0.3729 0.8239
vn 0.5403 -0.3317 0.7734
vn 0.5744 -0.4172 0.7043
vn 0.5453 -0.5139 0.6622
vn 0.4400 -0.7154 0.5428
vn 0.3937 -0.7824 0.4826
vn 0.3069 -0.9258 0.2206
vn 0.3111 -0.8929 0.3256
vn 0.2869 -0.9082 0.3046
vn 0.3468 -0.9190 0.1878
vn 0.4315 -0.4089 0.8042
vn 0.5154 -0.3238 0.7934
vn 0.5561 -0.3165 0.7684
vn 0.5829 -0.3593 0.7288
vn 0.5043 -0.5895 0.6310
vn 0.3254 -0.8624 0.3878
vn 0.3252 -0.9245 0.1987
vn 0.2737 -0.9245 0.2653
vn 0.5781 -0.3407 0.7414
vn 0.5717 -0.3890 0.7224
vn 0.3831 -0.7744 0.5035
vn 0.3494 -0.8280 0.4385
vn 0.2796 -0.9321 0.2301
vn 0.2984 -0.8876 0.3508
vn 0.2791 -0.9052 0.3206
vn 0.4832 -0.3643 0.7961
vn 0.5663 -0.3101 0.7636
vn 0.3195 -0.8564 0.4056
vn 0.5451 -0.3227 0.7738
vn 0.5730 -0.2680 0.7745
vn 0.0308 -0.9294 0.3678
vn 0.0446 -0.9202 0.3888
vn 0.0314 -0.9281 0.3711
vn 0.0150 -0.9296 0.3682
vn -0.7055 -0.3121 -0.6363
vn -0.3317 -0.7334 -0.5934
vn -0.0365 -0.9765 0.2124
vn 0.3738 -0.6743 0.6368
vn -0.0627 -0.9569 0.2835
vn 0.0446 -0.9245 0.3787
vn -0.0005 -0.9255 0.3787
vn -0.0039 -0.9667 -0.2560
vn -0.7028 -0.2683 -0.6588
vn 0.2905 -0.8119 0.5065
vn 0.1873 -0.5768 0.7951
vn -0.2962 -0.9279 0.2266
vn -0.7683 -0.6327 -0.0969
vn 0.0288 -0.9242 0.3808
vn -0.0322 -0.9303 0.3654
vn 0.0005 -0.5413 -0.8409
vn -0.3782 -0.3487 -0.8575
vn 0.3524 -0.7673 0.5358
vn 0.6918 0.0054 0.7221
vn -0.9988 -0.0448 0.0193
vn 0.0383 -0.9256 0.3765
vn -0.0251 -0.9279 0.3720
vn 0.0264 -0.9212 0.3881
vn 0.3206 -0.7725 -0.5481
vn -0.0073 -0.4341 0.9009
vn -0.9236 -0.1425 -0.3560
vn 0.1343 -0.9187 0.3713
vn -0.4094 -0.8467 0.3399
vn 0.2196 -0.8934 0.3919
vn -0.0207 -0.9235 0.3831
vn -0.0444 -0.9333 0.3563
vn 0.0006 -0.9195 0.3931
vn -0.0478 -0.9003 0.4326
vn 0.3789 -0.3490 -0.8571
vn 0.0007 -0.3713 -0.9285
vn 0.1881 0.2557 0.9483
vn 0.7381 -0.6221 0.2611
vn -1.0000 0.0001 0.0002
vn 0.2161 -0.9137 0.3441
vn 0.0672 -0.9149 0.3981
vn -0.0236 -0.9237 0.3824
vn -0.0395 -0.9211 0.3874
vn 0.7095 -0.2911 -0.6417
vn 0.0100 -0.9446 0.3282
vn 0.0286 -0.9074 0.4193
vn -0.0020 -0.9202 0.3915
vn -0.2894 -0.4021 0.8686
vn 0.1964 0.3658 0.9097
vn -0.8059 -0.3213 0.4973
vn -0.1739 -0.8907 0.4199
vn -0.0451 -0.9112 0.4094
vn -0.0224 -0.9260 0.3769
vn 0.1750 -0.9391 0.2958
vn 0.8410 -0.5125 -0.1734
vn -0.4690 -0.5442 0.6956
vn 0.7032 -0.2687 -0.6583
vn -0.3828 0.3231 0.8655
vn -0.3791 0.3446 0.8588
vn -0.7071 0.2593 0.6579
vn -0.2146 -0.4610 0.8611
vn -0.4821 -0.4763 0.7353
vn 0.0021 0.0824 0.9966
vn -0.0533 -0.8175 0.5734
vn 0.0016 -0.2722 0.9622
vn 0.0017 -0.8741 0.4857
vn -0.0142 -0.9198 0.3922
vn 0.0093 0.3882 0.9215
vn -0.9234 0.1450 0.3554
vn -0.0600 -0.9258 0.3732
vn 0.0097 -0.9306 0.3658
vn 0.9233 -0.1431 -0.3565
vn -0.3718 -0.7849 0.4957
vn -0.7073 0.2704 0.6532
vn 0.0005 0.3854 0.9227
vn 0.0003 -0.6454 0.7638
vn 0.1821 -0.6075 0.7731
vn 0.3639 0.1485 0.9195
vn 0.1853 -0.5823 0.7916
vn -0.7054 0.2450 0.6651
vn 0.7475 -0.6036 -0.2773
vn 0.3612 -0.9283 -0.0889
vn 0.8335 -0.2052 -0.5130
vn 0.6532 -0.0636 0.7545
vn 0.2067 -0.7788 0.5922
vn 0.3356 -0.1092 0.9357
vn -0.6176 -0.7314 0.2892
vn 0.8243 -0.5240 0.2144
vn 1.0000 0.0005 0.0019
vn -0.0612 -0.9050 -0.4209
vn 0.9142 0.0457 0.4028
vn 0.3809 0.3435 0.8584
vn -0.1313 -0.9352 0.3288
vn 0.9952 -0.0915 0.0358
vn 0.3066 -0.8379 -0.4517
vn -0.5788 -0.7648 -0.2830
vn 0.5516 -0.3484 -0.7579
vn 0.7054 0.2639 0.6578
vn 0.7231 -0.4485 0.5253
vn -0.6813 -0.7316 -0.0232
vn 0.9239 0.1462 0.3537
vn -0.3268 -0.8275 -0.4566
vn 0.3909 -0.3416 -0.8547
vn -0.3832 -0.3437 -0.8574
vn -0.7007 -0.2649 -0.6624
vn -0.1937 -0.3808 -0.9041
vt 0.000000 0.000000
s 1
g off
usemtl Polar_White
f 1/1/1 2/1/2 3/1/3
f 4/1/4 2/1/2 1/1/1
f 5/1/5 1/1/1 3/1/3
f 2/1/2 6/1/6 3/1/3
f 4/1/4 7/1/7 2/1/2
f 4/1/4 1/1/1 5/1/5
f 5/1/5 3/1/3 8/1/8
f 6/1/6 2/1/2 9/1/9
f 3/1/3 6/1/6 10/1/10
f 7/1/7 11/1/11 2/1/2
f 12/1/12 7/1/7 4/1/4
f 13/1/13 4/1/4 5/1/5
f 14/1/14 5/1/5 8/1/8
f 3/1/3 15/1/15 8/1/8
f 6/1/6 9/1/9 10/1/10
f 2/1/2 16/1/16 9/1/9
f 15/1/15 3/1/3 10/1/10
f 11/1/11 16/1/16 2/1/2
f 12/1/12 11/1/11 7/1/7
f 17/1/17 12/1/12 4/1/4
f 18/1/18 13/1/13 5/1/5
f 19/1/19 4/1/4 13/1/13
f 20/1/20 5/1/5 14/1/14
f 14/1/14 8/1/8 21/1/21
f 8/1/8 15/1/15 22/1/22
f 10/1/10 9/1/9 23/1/23
f 16/1/16 24/1/24 9/1/9
f 15/1/15 10/1/10 22/1/22
f 11/1/11 24/1/24 16/1/16
f 12/1/12 25/1/25 11/1/11
f 26/1/26 12/1/12 17/1/17
f 19/1/19 17/1/17 4/1/4
f 19/1/19 13/1/13 18/1/18
f 18/1/18 5/1/5 20/1/20
f 27/1/27 20/1/20 14/1/14
f 21/1/21 8/1/8 28/1/28
f 14/1/14 21/1/21 29/1/29
f 8/1/8 22/1/22 30/1/30
f 10/1/10 23/1/23 31/1/31
f 23/1/23 9/1/9 32/1/32
f 9/1/9 24/1/24 33/1/33
f 22/1/22 10/1/10 34/1/34
f 11/1/11 35/1/35 24/1/24
f 36/1/36 25/1/25 12/1/12
f 25/1/25 37/1/37 11/1/11
f 26/1/26 38/1/38 12/1/12
f 26/1/26 17/1/17 19/1/19
f 39/1/39 19/1/19 18/1/18
f 18/1/18 20/1/20 27/1/27
f 27/1/27 14/1/14 40/1/40
f 29/1/29 21/1/21 28/1/28
f 8/1/8 30/1/30 28/1/28
f 40/1/40 14/1/14 29/1/29
f 30/1/30 22/1/22 41/1/41
f 10/1/10 31/1/31 34/1/34
f 23/1/23 32/1/32 31/1/31
f 9/1/9 33/1/33 32/1/32
f 22/1/22 34/1/34 42/1/42
f 37/1/37 35/1/35 11/1/11
f 36/1/36 37/1/37 25/1/25
f 38/1/38 36/1/36 12/1/12
f 43/1/43 38/1/38 26/1/26
f 44/1/44 26/1/26 19/1/19
f 39/1/39 44/1/44 19/1/19
f 45/1/45 39/1/39 18/1/18
f 46/1/46 18/1/18 27/1/27
f 27/1/27 40/1/40 47/1/47
f 29/1/29 28/1/28 48/1/48
f 28/1/28 30/1/30 41/1/41
f 47/1/47 40/1/40 29/1/29
f 22/1/22 42/1/42 41/1/41
f 34/1/34 31/1/31 49/1/49
f 31/1/31 32/1/32 50/1/50
f 42/1/42 34/1/34 51/1/51
f 37/1/37 52/1/52 35/1/35
f 36/1/36 53/1/53 37/1/37
f 43/1/43 36/1/36 38/1/38
f 54/1/54 43/1/43 26/1/26
f 44/1/44 54/1/54 26/1/26
f 55/1/55 44/1/44 39/1/39
f 56/1/56 39/1/39 45/1/45
f 45/1/45 18/1/18 46/1/46
f 57/1/57 46/1/46 27/1/27
f 58/1/58 27/1/27 47/1/47
f 29/1/29 48/1/48 59/1/59
f 48/1/48 28/1/28 60/1/60
f 28/1/28 41/1/41 61/1/61
f 47/1/47 29/1/29 62/1/62
f 41/1/41 42/1/42 51/1/51
f 34/1/34 49/1/49 51/1/51
f 49/1/49 31/1/31 63/1/63
f 50/1/50 32/1/32 64/1/64
f 31/1/31 50/1/50 63/1/63
f 53/1/53 52/1/52 37/1/37
f 66/1/65 53/1/53 36/1/36
f 43/1/43 67/1/66 36/1/36
f 68/1/67 43/1/43 54/1/54
f 69/1/68 54/1/54 44/1/44
f 69/1/68 44/1/44 55/1/55
f 70/1/69 55/1/55 39/1/39
f 71/1/70 56/1/56 45/1/45
f 70/1/69 39/1/39 56/1/56
f 45/1/45 46/1/46 57/1/57
f 57/1/57 27/1/27 58/1/58
f 72/1/71 58/1/58 47/1/47
f 62/1/62 29/1/29 59/1/59
f 59/1/59 48/1/48 60/1/60
f 28/1/28 61/1/61 60/1/60
f 61/1/61 41/1/41 73/1/72
f 47/1/47 62/1/62 74/1/73
f 41/1/41 51/1/51 75/1/74
f 51/1/51 49/1/49 63/1/63
f 63/1/63 50/1/50 64/1/64
f 32/1/32 65/1/75 64/1/64
f 53/1/53 76/1/76 52/1/52
f 66/1/65 77/1/77 53/1/53
f 67/1/66 66/1/65 36/1/36
f 68/1/67 67/1/66 43/1/43
f 78/1/78 68/1/67 54/1/54
f 79/1/79 54/1/54 69/1/68
f 79/1/79 69/1/68 55/1/55
f 80/1/80 55/1/55 70/1/69
f 70/1/69 56/1/56 71/1/70
f 71/1/70 45/1/45 81/1/81
f 81/1/81 45/1/45 57/1/57
f 57/1/57 58/1/58 72/1/71
f 72/1/71 47/1/47 82/1/82
f 74/1/73 62/1/62 59/1/59
f 59/1/59 60/1/60 83/1/83
f 60/1/60 61/1/61 73/1/72
f 73/1/72 41/1/41 75/1/74
f 82/1/82 47/1/47 74/1/73
f 51/1/51 84/1/84 75/1/74
f 51/1/51 63/1/63 84/1/84
f 63/1/63 64/1/64 85/1/85
f 64/1/64 65/1/75 86/1/86
f 77/1/77 76/1/76 53/1/53
f 87/1/87 77/1/77 66/1/65
f 88/1/88 66/1/65 67/1/66
f 89/1/89 67/1/66 68/1/67
f 90/1/90 68/1/67 78/1/78
f 78/1/78 54/1/54 79/1/79
f 91/1/91 79/1/79 55/1/55
f 80/1/80 70/1/69 92/1/92
f 93/1/93 55/1/55 80/1/80
f 92/1/92 70/1/69 71/1/70
f 71/1/70 81/1/81 94/1/94
f 94/1/94 81/1/81 57/1/57
f 94/1/94 57/1/57 72/1/71
f 72/1/71 82/1/82 95/1/95
f 74/1/73 59/1/59 96/1/96
f 83/1/83 60/1/60 97/1/97
f 59/1/59 83/1/83 98/1/98
f 60/1/60 73/1/72 99/1/99
f 73/1/72 75/1/74 100/1/100
f 95/1/95 82/1/82 74/1/73
f 75/1/74 84/1/84 101/1/101
f 84/1/84 63/1/63 101/1/101
f 63/1/63 85/1/85 101/1/101
f 85/1/85 64/1/64 102/1/102
f 64/1/64 86/1/86 103/1/103
f 88/1/88 87/1/87 66/1/65
f 89/1/89 88/1/88 67/1/66
f 104/1/104 89/1/89 68/1/67
f 105/1/105 68/1/67 90/1/90
f 90/1/90 78/1/78 79/1/79
f 106/1/106 79/1/79 91/1/91
f 91/1/91 55/1/55 93/1/93
f 93/1/93 80/1/80 92/1/92
f 107/1/107 92/1/92 71/1/70
f 108/1/108 71/1/70 94/1/94
f 109/1/109 94/1/94 72/1/71
f 110/1/110 72/1/71 95/1/95
f 74/1/73 96/1/96 111/1/111
f 96/1/96 59/1/59 98/1/98
f 98/1/98 83/1/83 97/1/97
f 60/1/60 99/1/99 97/1/97
f 99/1/99 73/1/72 112/1/112
f 100/1/100 75/1/74 113/1/113
f 73/1/72 100/1/100 112/1/112
f 95/1/95 74/1/73 114/1/114
f 75/1/74 101/1/101 115/1/115
f 101/1/101 85/1/85 102/1/102
f 64/1/64 103/1/103 102/1/102
f 103/1/103 86/1/86 117/1/116
f 118/1/117 87/1/87 88/1/88
f 104/1/104 88/1/88 89/1/89
f 105/1/105 104/1/104 68/1/67
f 119/1/118 105/1/105 90/1/90
f 120/1/119 90/1/90 79/1/79
f 120/1/119 79/1/79 106/1/106
f 106/1/106 91/1/91 93/1/93
f 121/1/120 93/1/93 92/1/92
f 122/1/121 92/1/92 107/1/107
f 107/1/107 71/1/70 108/1/108
f 123/1/122 108/1/108 94/1/94
f 123/1/122 94/1/94 109/1/109
f 109/1/109 72/1/71 110/1/110
f 124/1/123 110/1/110 95/1/95
f 114/1/114 74/1/73 111/1/111
f 111/1/111 96/1/96 98/1/98
f 98/1/98 97/1/97 125/1/124
f 97/1/97 99/1/99 112/1/112
f 112/1/112 100/1/100 113/1/113
f 75/1/74 115/1/115 113/1/113
f 95/1/95 114/1/114 126/1/125
f 115/1/115 101/1/101 127/1/126
f 101/1/101 102/1/102 128/1/127
f 102/1/102 103/1/103 117/1/116
f 86/1/86 116/1/128 117/1/116
f 118/1/117 129/1/129 87/1/87
f 118/1/117 88/1/88 104/1/104
f 105/1/105 130/1/130 104/1/104
f 119/1/118 131/1/131 105/1/105
f 119/1/118 90/1/90 132/1/132
f 132/1/132 90/1/90 120/1/119
f 132/1/132 120/1/119 106/1/106
f 133/1/133 106/1/106 93/1/93
f 134/1/134 93/1/93 121/1/120
f 121/1/120 92/1/92 122/1/121
f 122/1/121 107/1/107 135/1/135
f 107/1/107 108/1/108 123/1/122
f 123/1/122 109/1/109 136/1/136
f 109/1/109 110/1/110 124/1/123
f 124/1/123 95/1/95 137/1/137
f 126/1/125 114/1/114 111/1/111
f 111/1/111 98/1/98 138/1/138
f 98/1/98 125/1/124 139/1/139
f 125/1/124 97/1/97 140/1/140
f 97/1/97 112/1/112 141/1/141
f 112/1/112 113/1/113 142/1/142
f 113/1/113 115/1/115 127/1/126
f 137/1/137 95/1/95 126/1/125
f 101/1/101 128/1/127 127/1/126
f 128/1/127 102/1/102 143/1/143
f 102/1/102 117/1/116 144/1/144
f 117/1/116 116/1/128 145/1/145
f 118/1/117 146/1/146 129/1/129
f 104/1/104 130/1/130 118/1/117
f 105/1/105 131/1/131 130/1/130
f 119/1/118 147/1/147 131/1/131
f 148/1/148 119/1/118 132/1/132
f 149/1/149 132/1/132 106/1/106
f 133/1/133 93/1/93 134/1/134
f 150/1/150 106/1/106 133/1/133
f 134/1/134 121/1/120 122/1/121
f 151/1/151 122/1/121 135/1/135
f 135/1/135 107/1/107 123/1/122
f 136/1/136 109/1/109 124/1/123
f 152/1/152 123/1/122 136/1/136
f 124/1/123 137/1/137 153/1/153
f 126/1/125 111/1/111 154/1/154
f 138/1/138 98/1/98 139/1/139
f 111/1/111 138/1/138 154/1/154
f 139/1/139 125/1/124 140/1/140
f 97/1/97 141/1/141 140/1/140
f 141/1/141 112/1/112 155/1/155
f 112/1/112 142/1/142 155/1/155
f 142/1/142 113/1/113 156/1/156
f 113/1/113 127/1/126 157/1/157
f 153/1/153 137/1/137 126/1/125
f 127/1/126 128/1/127 143/1/143
f 143/1/143 102/1/102 144/1/144
f 144/1/144 117/1/116 158/1/158
f 117/1/116 145/1/145 158/1/158
f 130/1/130 146/1/146 118/1/117
f 131/1/131 147/1/147 130/1/130
f 119/1/118 159/1/159 147/1/147
f 149/1/149 148/1/148 132/1/132
f 148/1/148 159/1/159 119/1/118
f 149/1/149 106/1/106 150/1/150
f 150/1/150 133/1/133 134/1/134
f 160/1/160 134/1/134 122/1/121
f 161/1/161 122/1/121 151/1/151
f 151/1/151 135/1/135 162/1/162
f 163/1/163 135/1/135 123/1/122
f 164/1/164 136/1/136 124/1/123
f 165/1/165 152/1/152 136/1/136
f 163/1/163 123/1/122 152/1/152
f 166/1/166 124/1/123 153/1/153
f 167/1/167 126/1/125 154/1/154
f 154/1/154 138/1/138 139/1/139
f 139/1/139 140/1/140 168/1/168
f 140/1/140 141/1/141 155/1/155
f 155/1/155 142/1/142 156/1/156
f 113/1/113 157/1/157 156/1/156
f 157/1/157 127/1/126 169/1/169
f 153/1/153 126/1/125 170/1/170
f 127/1/126 143/1/143 171/1/171
f 143/1/143 144/1/144 172/1/172
f 144/1/144 158/1/158 173/1/173
f 158/1/158 145/1/145 173/1/173
f 130/1/130 176/1/174 146/1/146
f 130/1/130 147/1/147 176/1/174
f 159/1/159 177/1/175 147/1/147
f 178/1/176 148/1/148 149/1/149
f 179/1/177 159/1/159 148/1/148
f 180/1/178 149/1/149 150/1/150
f 181/1/179 150/1/150 134/1/134
f 160/1/160 122/1/121 161/1/161
f 182/1/180 134/1/134 160/1/160
f 161/1/161 151/1/151 162/1/162
f 162/1/162 135/1/135 163/1/163
f 165/1/165 136/1/136 164/1/164
f 164/1/164 124/1/123 166/1/166
f 163/1/163 152/1/152 165/1/165
f 183/1/181 166/1/166 153/1/153
f 170/1/170 126/1/125 167/1/167
f 167/1/167 154/1/154 184/1/182
f 154/1/154 139/1/139 185/1/183
f 168/1/168 140/1/140 186/1/184
f 139/1/139 168/1/168 187/1/185
f 140/1/140 155/1/155 188/1/186
f 155/1/155 156/1/156 189/1/187
f 156/1/156 157/1/157 169/1/169
f 127/1/126 171/1/171 169/1/169
f 153/1/153 170/1/170 190/1/188
f 171/1/171 143/1/143 191/1/189
f 172/1/172 144/1/144 192/1/190
f 143/1/143 172/1/172 191/1/189
f 144/1/144 173/1/173 192/1/190
f 173/1/173 145/1/145 174/1/191
f 176/1/174 175/1/192 146/1/146
f 147/1/147 193/1/193 176/1/174
f 147/1/147 177/1/175 193/1/193
f 159/1/159 194/1/194 177/1/175
f 195/1/195 148/1/148 178/1/176
f 196/1/196 178/1/176 149/1/149
f 195/1/195 179/1/177 148/1/148
f 197/1/197 159/1/159 179/1/177
f 181/1/179 180/1/178 150/1/150
f 196/1/196 149/1/149 180/1/178
f 181/1/179 134/1/134 182/1/180
f 182/1/180 160/1/160 161/1/161
f 198/1/198 161/1/161 162/1/162
f 162/1/162 163/1/163 199/1/199
f 165/1/165 164/1/164 200/1/200
f 164/1/164 166/1/166 183/1/181
f 199/1/199 163/1/163 165/1/165
f 183/1/181 153/1/153 201/1/201
f 190/1/188 170/1/170 167/1/167
f 184/1/182 154/1/154 202/1/202
f 167/1/167 184/1/182 203/1/203
f 154/1/154 185/1/183 202/1/202
f 185/1/183 139/1/139 187/1/185
f 187/1/185 168/1/168 186/1/184
f 140/1/140 188/1/186 186/1/184
f 188/1/186 155/1/155 204/1/204
f 189/1/187 156/1/156 205/1/205
f 155/1/155 189/1/187 204/1/204
f 156/1/156 169/1/169 206/1/206
f 169/1/169 171/1/171 191/1/189
f 201/1/201 153/1/153 190/1/188
f 191/1/189 172/1/172 192/1/190
f 192/1/190 173/1/173 207/1/207
f 173/1/173 174/1/191 208/1/208
f 176/1/174 209/1/209 175/1/192
f 176/1/174 193/1/193 209/1/209
f 177/1/175 194/1/194 193/1/193
f 159/1/159 210/1/210 194/1/194
f 195/1/195 178/1/176 196/1/196
f 197/1/197 179/1/177 195/1/195
f 197/1/197 210/1/210 159/1/159
f 196/1/196 180/1/178 181/1/179
f 211/1/211 181/1/179 182/1/180
f 212/1/212 182/1/180 161/1/161
f 198/1/198 162/1/162 213/1/213
f 214/1/214 161/1/161 198/1/198
f 215/1/215 162/1/162 199/1/199
f 200/1/200 164/1/164 216/1/216
f 217/1/217 165/1/165 200/1/200
f 216/1/216 164/1/164 183/1/181
f 218/1/218 199/1/199 165/1/165
f 219/1/219 183/1/181 201/1/201
f 190/1/188 167/1/167 203/1/203
f 203/1/203 184/1/182 202/1/202
f 202/1/202 185/1/183 187/1/185
f 187/1/185 186/1/184 220/1/220
f 186/1/184 188/1/186 204/1/204
f 204/1/204 189/1/187 205/1/205
f 156/1/156 206/1/206 205/1/205
f 206/1/206 169/1/169 221/1/221
f 169/1/169 191/1/189 222/1/222
f 201/1/201 190/1/188 223/1/223
f 191/1/189 192/1/190 224/1/224
f 207/1/207 173/1/173 208/1/208
f 192/1/190 207/1/207 225/1/225
f 209/1/209 226/1/226 175/1/192
f 193/1/193 227/1/227 209/1/209
f 194/1/194 228/1/228 193/1/193
f 194/1/194 210/1/210 228/1/228
f 229/1/229 195/1/195 196/1/196
f 230/1/230 197/1/197 195/1/195
f 230/1/230 210/1/210 197/1/197
f 231/1/231 196/1/196 181/1/179
f 212/1/212 211/1/211 182/1/180
f 232/1/232 181/1/179 211/1/211
f 212/1/212 161/1/161 214/1/214
f 214/1/214 198/1/198 213/1/213
f 213/1/213 162/1/162 215/1/215
f 215/1/215 199/1/199 233/1/233
f 234/1/234 200/1/200 216/1/216
f 235/1/235 217/1/217 200/1/200
f 218/1/218 165/1/165 217/1/217
f 216/1/216 183/1/181 219/1/219
f 233/1/233 199/1/199 218/1/218
f 219/1/219 201/1/201 236/1/236
f 237/1/237 190/1/188 203/1/203
f 203/1/203 202/1/202 238/1/238
f 202/1/202 187/1/185 239/1/239
f 187/1/185 220/1/220 240/1/240
f 220/1/220 186/1/184 241/1/241
f 186/1/184 204/1/204 242/1/242
f 204/1/204 205/1/205 243/1/243
f 205/1/205 206/1/206 221/1/221
f 221/1/221 169/1/169 222/1/222
f 222/1/222 191/1/189 224/1/224
f 223/1/223 190/1/188 237/1/237
f 236/1/236 201/1/201 223/1/223
f 224/1/224 192/1/190 225/1/225
f 207/1/207 208/1/208 244/1/244
f 207/1/207 244/1/244 225/1/225
f 209/1/209 245/1/245 226/1/226
f 227/1/227 246/1/246 209/1/209
f 193/1/193 228/1/228 227/1/227
f 247/1/247 229/1/229 196/1/196
f 248/1/248 195/1/195 229/1/229
f 248/1/248 230/1/230 195/1/195
f 247/1/247 196/1/196 231/1/231
f 232/1/232 231/1/231 181/1/179
f 232/1/232 211/1/211 212/1/212
f 249/1/249 212/1/212 214/1/214
f 250/1/250 214/1/214 213/1/213
f 213/1/213 215/1/215 233/1/233
f 235/1/235 200/1/200 234/1/234
f 234/1/234 216/1/216 219/1/219
f 218/1/218 217/1/217 235/1/235
f 233/1/233 218/1/218 251/1/251
f 252/1/252 219/1/219 236/1/236
f 237/1/237 203/1/203 253/1/253
f 203/1/203 238/1/238 254/1/254
f 238/1/238 202/1/202 255/1/255
f 239/1/239 187/1/185 240/1/240
f 202/1/202 239/1/239 255/1/255
f 240/1/240 220/1/220 241/1/241
f 186/1/184 242/1/242 241/1/241
f 242/1/242 204/1/204 256/1/256
f 204/1/204 243/1/243 256/1/256
f 243/1/243 205/1/205 257/1/257
f 205/1/205 221/1/221 258/1/258
f 221/1/221 222/1/222 259/1/259
f 260/1/260 222/1/222 224/1/224
f 223/1/223 237/1/237 261/1/261
f 236/1/236 223/1/223 262/1/262
f 224/1/224 225/1/225 263/1/263
f 244/1/244 208/1/208 264/1/264
f 225/1/225 244/1/244 265/1/265
f 245/1/245 266/1/266 226/1/226
f 246/1/246 245/1/245 209/1/209
f 227/1/227 228/1/228 246/1/246
f 248/1/248 229/1/229 247/1/247
f 268/1/267 230/1/230 248/1/248
f 247/1/247 231/1/231 232/1/232
f 269/1/268 232/1/232 212/1/212
f 250/1/250 249/1/249 214/1/214
f 270/1/269 212/1/212 249/1/249
f 271/1/270 250/1/250 213/1/213
f 272/1/271 213/1/213 233/1/233
f 273/1/272 235/1/235 234/1/234
f 274/1/273 234/1/234 219/1/219
f 251/1/251 218/1/218 235/1/235
f 233/1/233 251/1/251 275/1/274
f 274/1/273 219/1/219 252/1/252
f 252/1/252 236/1/236 276/1/275
f 253/1/253 203/1/203 254/1/254
f 237/1/237 253/1/253 261/1/261
f 254/1/254 238/1/238 255/1/255
f 255/1/255 239/1/239 240/1/240
f 240/1/240 241/1/241 277/1/276
f 241/1/241 242/1/242 256/1/256
f 256/1/256 243/1/243 257/1/257
f 257/1/257 205/1/205 258/1/258
f 258/1/258 221/1/221 259/1/259
f 259/1/259 222/1/222 278/1/277
f 260/1/260 224/1/224 279/1/278
f 278/1/277 222/1/222 260/1/260
f 280/1/279 223/1/223 261/1/261
f 262/1/262 223/1/223 280/1/279
f 276/1/275 236/1/236 262/1/262
f 279/1/278 224/1/224 263/1/263
f 263/1/263 225/1/225 281/1/280
f 282/1/281 244/1/244 264/1/264
f 244/1/244 282/1/281 265/1/265
f 225/1/225 265/1/265 281/1/280
f 246/1/246 283/1/282 245/1/245
f 228/1/228 267/1/283 246/1/246
f 284/1/284 248/1/248 247/1/247
f 284/1/284 268/1/267 248/1/248
f 285/1/285 247/1/247 232/1/232
f 286/1/286 232/1/232 269/1/268
f 270/1/269 269/1/268 212/1/212
f 270/1/269 249/1/249 250/1/250
f 271/1/270 213/1/213 272/1/271
f 287/1/287 250/1/250 271/1/270
f 272/1/271 233/1/233 288/1/288
f 289/1/289 235/1/235 273/1/272
f 273/1/272 234/1/234 290/1/290
f 290/1/290 234/1/234 274/1/273
f 289/1/289 251/1/251 235/1/235
f 288/1/288 233/1/233 275/1/274
f 275/1/274 251/1/251 289/1/289
f 290/1/290 274/1/273 252/1/252
f 252/1/252 276/1/275 291/1/291
f 261/1/261 253/1/253 254/1/254
f 254/1/254 255/1/255 292/1/292
f 255/1/255 240/1/240 293/1/293
f 277/1/276 241/1/241 294/1/294
f 240/1/240 277/1/276 295/1/295
f 241/1/241 256/1/256 296/1/296
f 256/1/256 257/1/257 297/1/297
f 257/1/257 258/1/258 298/1/298
f 258/1/258 259/1/259 278/1/277
f 278/1/277 260/1/260 279/1/278
f 280/1/279 261/1/261 299/1/299
f 262/1/262 280/1/279 300/1/300
f 291/1/291 276/1/275 262/1/262
f 279/1/278 263/1/263 301/1/301
f 302/1/302 263/1/263 281/1/280
f 282/1/281 264/1/264 304/1/303
f 265/1/265 282/1/281 304/1/303
f 281/1/280 265/1/265 305/1/304
f 246/1/246 267/1/283 283/1/282
f 306/1/305 284/1/284 247/1/247
f 286/1/286 285/1/285 232/1/232
f 306/1/305 247/1/247 285/1/285
f 286/1/286 269/1/268 270/1/269
f 307/1/306 270/1/269 250/1/250
f 271/1/270 272/1/271 288/1/288
f 308/1/307 287/1/287 271/1/270
f 309/1/308 250/1/250 287/1/287
f 310/1/309 289/1/289 273/1/272
f 311/1/310 273/1/272 290/1/290
f 288/1/288 275/1/274 312/1/311
f 313/1/312 275/1/274 289/1/289
f 314/1/313 290/1/290 252/1/252
f 315/1/314 252/1/252 291/1/291
f 261/1/261 254/1/254 316/1/315
f 292/1/292 255/1/255 293/1/293
f 316/1/315 254/1/254 292/1/292
f 293/1/293 240/1/240 295/1/295
f 295/1/295 277/1/276 294/1/294
f 241/1/241 296/1/296 294/1/294
f 296/1/296 256/1/256 317/1/316
f 297/1/297 257/1/257 318/1/317
f 256/1/256 297/1/297 317/1/316
f 318/1/317 257/1/257 298/1/298
f 298/1/298 258/1/258 319/1/318
f 320/1/319 258/1/258 278/1/277
f 321/1/320 278/1/277 279/1/278
f 299/1/299 261/1/261 316/1/315
f 280/1/279 299/1/299 322/1/321
f 262/1/262 300/1/300 323/1/322
f 300/1/300 280/1/279 322/1/321
f 291/1/291 262/1/262 324/1/323
f 325/1/324 279/1/278 301/1/301
f 301/1/301 263/1/263 302/1/302
f 302/1/302 281/1/280 326/1/325
f 304/1/303 264/1/264 303/1/326
f 265/1/265 304/1/303 305/1/304
f 327/1/327 281/1/280 305/1/304
f 328/1/328 284/1/284 306/1/305
f 306/1/305 285/1/285 286/1/286
f 329/1/329 286/1/286 270/1/269
f 330/1/330 270/1/269 307/1/306
f 309/1/308 307/1/306 250/1/250
f 308/1/307 271/1/270 288/1/288
f 309/1/308 287/1/287 308/1/307
f 331/1/331 289/1/289 310/1/309
f 310/1/309 273/1/272 311/1/310
f 332/1/332 311/1/310 290/1/290
f 333/1/333 288/1/288 312/1/311
f 312/1/311 275/1/274 313/1/312
f 313/1/312 289/1/289 334/1/334
f 335/1/335 290/1/290 314/1/313
f 314/1/313 252/1/252 315/1/314
f 336/1/336 315/1/314 291/1/291
f 292/1/292 293/1/293 337/1/337
f 316/1/315 292/1/292 338/1/338
f 293/1/293 295/1/295 339/1/339
f 295/1/295 294/1/294 340/1/340
f 294/1/294 296/1/296 317/1/316
f 317/1/316 297/1/297 318/1/317
f 318/1/317 298/1/298 319/1/318
f 319/1/318 258/1/258 320/1/319
f 320/1/319 278/1/277 341/1/341
f 278/1/277 321/1/320 341/1/341
f 321/1/320 279/1/278 325/1/324
f 322/1/321 299/1/299 316/1/315
f 324/1/323 262/1/262 323/1/322
f 323/1/322 300/1/300 322/1/321
f 291/1/291 324/1/323 342/1/342
f 343/1/343 325/1/324 301/1/301
f 301/1/301 302/1/302 326/1/325
f 326/1/325 281/1/280 327/1/327
f 304/1/303 303/1/326 344/1/344
f 305/1/304 304/1/303 345/1/345
f 327/1/327 305/1/304 346/1/346
f 347/1/347 328/1/328 306/1/305
f 347/1/347 306/1/305 286/1/286
f 330/1/330 329/1/329 270/1/269
f 348/1/348 286/1/286 329/1/329
f 330/1/330 307/1/306 309/1/308
f 333/1/333 308/1/307 288/1/288
f 349/1/349 309/1/308 308/1/307
f 331/1/331 310/1/309 350/1/350
f 334/1/334 289/1/289 331/1/331
f 310/1/309 311/1/310 332/1/332
f 332/1/332 290/1/290 335/1/335
f 351/1/351 333/1/333 312/1/311
f 312/1/311 313/1/312 334/1/334
f 352/1/352 335/1/335 314/1/313
f 314/1/313 315/1/314 336/1/336
f 336/1/336 291/1/291 353/1/353
f 338/1/338 292/1/292 337/1/337
f 337/1/337 293/1/293 339/1/339
f 316/1/315 338/1/338 354/1/354
f 339/1/339 295/1/295 340/1/340
f 340/1/340 294/1/294 355/1/355
f 294/1/294 317/1/316 356/1/356
f 357/1/357 317/1/316 318/1/317
f 358/1/358 318/1/317 319/1/318
f 319/1/318 320/1/319 341/1/341
f 341/1/341 321/1/320 325/1/324
f 322/1/321 316/1/315 359/1/359
f 342/1/342 324/1/323 323/1/322
f 323/1/322 322/1/321 360/1/360
f 353/1/353 291/1/291 342/1/342
f 361/1/361 325/1/324 343/1/343
f 343/1/343 301/1/301 362/1/362
f 363/1/363 301/1/301 326/1/325
f 326/1/325 327/1/327 346/1/346
f 345/1/345 304/1/303 344/1/344
f 305/1/304 345/1/345 364/1/364
f 346/1/346 305/1/304 365/1/365
f 348/1/348 347/1/347 286/1/286
f 348/1/348 329/1/329 330/1/330
f 366/1/366 330/1/330 309/1/308
f 367/1/367 308/1/307 333/1/333
f 368/1/368 309/1/308 349/1/349
f 369/1/369 349/1/349 308/1/307
f 334/1/334 331/1/331 350/1/350
f 350/1/350 310/1/309 332/1/332
f 332/1/332 335/1/335 352/1/352
f 351/1/351 367/1/367 333/1/333
f 351/1/351 312/1/311 370/1/370
f 371/1/371 312/1/311 334/1/334
f 352/1/352 314/1/313 372/1/372
f 372/1/372 314/1/313 336/1/336
f 336/1/336 353/1/353 373/1/373
f 354/1/354 338/1/338 337/1/337
f 337/1/337 339/1/339 374/1/374
f 359/1/359 316/1/315 354/1/354
f 339/1/339 340/1/340 375/1/375
f 340/1/340 355/1/355 376/1/376
f 355/1/355 294/1/294 356/1/356
f 356/1/356 317/1/316 357/1/357
f 357/1/357 318/1/317 377/1/377
f 358/1/358 319/1/318 378/1/378
f 377/1/377 318/1/317 358/1/358
f 379/1/379 319/1/318 341/1/341
f 341/1/341 325/1/324 361/1/361
f 322/1/321 359/1/359 380/1/380
f 342/1/342 323/1/322 381/1/381
f 360/1/360 322/1/321 380/1/380
f 323/1/322 360/1/360 382/1/382
f 373/1/373 353/1/353 342/1/342
f 361/1/361 343/1/343 362/1/362
f 362/1/362 301/1/301 363/1/363
f 363/1/363 326/1/325 383/1/383
f 384/1/384 326/1/325 346/1/346
f 345/1/345 344/1/344 364/1/364
f 365/1/365 305/1/304 364/1/364
f 346/1/346 365/1/365 386/1/385
f 387/1/386 347/1/347 348/1/348
f 388/1/387 348/1/348 330/1/330
f 368/1/368 366/1/366 309/1/308
f 389/1/388 330/1/330 366/1/366
f 369/1/369 308/1/307 367/1/367
f 368/1/368 349/1/349 369/1/369
f 390/1/389 334/1/334 350/1/350
f 391/1/390 350/1/350 332/1/332
f 391/1/390 332/1/332 352/1/352
f 369/1/369 367/1/367 351/1/351
f 370/1/370 312/1/311 371/1/371
f 392/1/391 351/1/351 370/1/370
f 371/1/371 334/1/334 393/1/392
f 352/1/352 372/1/372 394/1/393
f 394/1/393 372/1/372 336/1/336
f 395/1/394 336/1/336 373/1/373
f 354/1/354 337/1/337 396/1/395
f 374/1/374 339/1/339 375/1/375
f 396/1/395 337/1/337 374/1/374
f 380/1/380 359/1/359 354/1/354
f 375/1/375 340/1/340 376/1/376
f 376/1/376 355/1/355 397/1/396
f 355/1/355 356/1/356 397/1/396
f 356/1/356 357/1/357 377/1/377
f 377/1/377 358/1/358 378/1/378
f 378/1/378 319/1/318 379/1/379
f 379/1/379 341/1/341 398/1/397
f 398/1/397 341/1/341 361/1/361
f 342/1/342 381/1/381 399/1/398
f 381/1/381 323/1/322 382/1/382
f 382/1/382 360/1/360 380/1/380
f 373/1/373 342/1/342 400/1/399
f 401/1/400 361/1/361 362/1/362
f 362/1/362 363/1/363 383/1/383
f 383/1/383 326/1/325 384/1/384
f 384/1/384 346/1/346 402/1/401
f 364/1/364 344/1/344 385/1/402
f 365/1/365 364/1/364 386/1/385
f 403/1/403 346/1/346 386/1/385
f 388/1/387 387/1/386 348/1/348
f 389/1/388 388/1/387 330/1/330
f 389/1/388 366/1/366 368/1/368
f 404/1/404 368/1/368 369/1/369
f 393/1/392 334/1/334 390/1/389
f 390/1/389 350/1/350 405/1/405
f 405/1/405 350/1/350 391/1/390
f 406/1/406 391/1/390 352/1/352
f 407/1/407 369/1/369 351/1/351
f 370/1/370 371/1/371 393/1/392
f 408/1/408 392/1/391 370/1/370
f 409/1/409 351/1/351 392/1/391
f 406/1/406 352/1/352 394/1/393
f 394/1/393 336/1/336 395/1/394
f 410/1/410 395/1/394 373/1/373
f 411/1/411 354/1/354 396/1/395
f 374/1/374 375/1/375 412/1/412
f 396/1/395 374/1/374 413/1/413
f 380/1/380 354/1/354 411/1/411
f 375/1/375 376/1/376 414/1/414
f 415/1/415 376/1/376 397/1/396
f 397/1/396 356/1/356 416/1/416
f 417/1/417 356/1/356 377/1/377
f 418/1/418 377/1/377 378/1/378
f 378/1/378 379/1/379 398/1/397
f 419/1/419 398/1/397 361/1/361
f 400/1/399 342/1/342 399/1/398
f 399/1/398 381/1/381 382/1/382
f 382/1/382 380/1/380 420/1/420
f 373/1/373 400/1/399 421/1/421
f 401/1/400 362/1/362 422/1/422
f 423/1/423 361/1/361 401/1/400
f 424/1/424 362/1/362 383/1/383
f 383/1/383 384/1/384 402/1/401
f 402/1/401 346/1/346 403/1/403
f 364/1/364 385/1/402 425/1/425
f 386/1/385 364/1/364 426/1/426
f 403/1/403 386/1/385 427/1/427
f 428/1/428 388/1/387 389/1/388
f 429/1/429 389/1/388 368/1/368
f 430/1/430 404/1/404 369/1/369
f 431/1/431 368/1/368 404/1/404
f 393/1/392 390/1/389 405/1/405
f 405/1/405 391/1/390 432/1/432
f 432/1/432 391/1/390 406/1/406
f 430/1/430 369/1/369 407/1/407
f 409/1/409 407/1/407 351/1/351
f 408/1/408 370/1/370 393/1/392
f 409/1/409 392/1/391 408/1/408
f 433/1/433 406/1/406 394/1/393
f 394/1/393 395/1/394 410/1/410
f 410/1/410 373/1/373 434/1/434
f 420/1/420 411/1/411 396/1/395
f 413/1/413 374/1/374 412/1/412
f 412/1/412 375/1/375 414/1/414
f 396/1/395 413/1/413 435/1/435
f 380/1/380 411/1/411 420/1/420
f 414/1/414 376/1/376 415/1/415
f 415/1/415 397/1/396 436/1/436
f 436/1/436 397/1/396 416/1/416
f 416/1/416 356/1/356 417/1/417
f 417/1/417 377/1/377 437/1/437
f 377/1/377 418/1/418 437/1/437
f 418/1/418 378/1/378 438/1/438
f 439/1/439 378/1/378 398/1/397
f 440/1/440 398/1/397 419/1/419
f 419/1/419 361/1/361 423/1/423
f 421/1/421 400/1/399 399/1/398
f 399/1/398 382/1/382 441/1/441
f 442/1/442 382/1/382 420/1/420
f 434/1/434 373/1/373 421/1/421
f 423/1/423 401/1/400 422/1/422
f 422/1/422 362/1/362 424/1/424
f 424/1/424 383/1/383 443/1/443
f 444/1/444 383/1/383 402/1/401
f 402/1/401 403/1/403 427/1/427
f 426/1/426 364/1/364 425/1/425
f 386/1/385 426/1/426 445/1/445
f 427/1/427 386/1/385 446/1/446
f 447/1/447 428/1/428 389/1/388
f 448/1/448 389/1/388 429/1/429
f 431/1/431 429/1/429 368/1/368
f 431/1/431 404/1/404 430/1/430
f 449/1/449 393/1/392 405/1/405
f 450/1/450 405/1/405 432/1/432
f 451/1/451 432/1/432 406/1/406
f 430/1/430 407/1/407 409/1/409
f 408/1/408 393/1/392 452/1/452
f 453/1/453 409/1/409 408/1/408
f 451/1/451 406/1/406 433/1/433
f 433/1/433 394/1/393 454/1/454
f 454/1/454 394/1/393 410/1/410
f 410/1/410 434/1/434 455/1/455
f 420/1/420 396/1/395 456/1/456
f 435/1/435 413/1/413 412/1/412
f 412/1/412 414/1/414 457/1/457
f 456/1/456 396/1/395 435/1/435
f 458/1/458 414/1/414 415/1/415
f 459/1/459 415/1/415 436/1/436
f 436/1/436 416/1/416 460/1/460
f 416/1/416 417/1/417 437/1/437
f 437/1/437 418/1/418 438/1/438
f 438/1/438 378/1/378 439/1/439
f 439/1/439 398/1/397 440/1/440
f 440/1/440 419/1/419 423/1/423
f 421/1/421 399/1/398 461/1/461
f 441/1/441 382/1/382 442/1/442
f 399/1/398 441/1/441 462/1/462
f 442/1/442 420/1/420 463/1/463
f 455/1/455 434/1/434 421/1/421
f 464/1/464 423/1/423 422/1/422
f 422/1/422 424/1/424 443/1/443
f 443/1/443 383/1/383 444/1/444
f 444/1/444 402/1/401 465/1/465
f 402/1/401 427/1/427 466/1/466
f 445/1/445 426/1/426 425/1/425
f 446/1/446 386/1/385 445/1/445
f 427/1/427 446/1/446 468/1/467
f 447/1/447 389/1/388 448/1/448
f 448/1/448 429/1/429 431/1/431
f 469/1/468 431/1/431 430/1/430
f 449/1/449 405/1/405 470/1/469
f 452/1/452 393/1/392 449/1/449
f 470/1/469 405/1/405 450/1/450
f 450/1/450 432/1/432 471/1/470
f 472/1/471 432/1/432 451/1/451
f 473/1/472 430/1/430 409/1/409
f 474/1/473 408/1/408 452/1/452
f 475/1/474 409/1/409 453/1/453
f 476/1/475 453/1/453 408/1/408
f 477/1/476 451/1/451 433/1/433
f 433/1/433 454/1/454 478/1/477
f 478/1/477 454/1/454 410/1/410
f 479/1/478 410/1/410 455/1/455
f 420/1/420 456/1/456 480/1/479
f 481/1/480 435/1/435 412/1/412
f 482/1/481 412/1/412 457/1/457
f 457/1/457 414/1/414 458/1/458
f 480/1/479 456/1/456 435/1/435
f 458/1/458 415/1/415 483/1/482
f 459/1/459 436/1/436 484/1/483
f 483/1/482 415/1/415 459/1/459
f 484/1/483 436/1/436 460/1/460
f 460/1/460 416/1/416 437/1/437
f 437/1/437 438/1/438 485/1/484
f 438/1/438 439/1/439 440/1/440
f 486/1/485 440/1/440 423/1/423
f 421/1/421 461/1/461 487/1/486
f 461/1/461 399/1/398 462/1/462
f 462/1/462 441/1/441 442/1/442
f 463/1/463 420/1/420 480/1/479
f 488/1/487 442/1/442 463/1/463
f 455/1/455 421/1/421 489/1/488
f 490/1/489 423/1/423 464/1/464
f 464/1/464 422/1/422 491/1/490
f 492/1/491 422/1/422 443/1/443
f 443/1/443 444/1/444 465/1/465
f 465/1/465 402/1/401 466/1/466
f 466/1/466 427/1/427 493/1/492
f 425/1/425 467/1/493 494/1/494
f 445/1/445 425/1/425 495/1/495
f 468/1/467 446/1/446 445/1/445
f 493/1/492 427/1/427 468/1/467
f 496/1/496 447/1/447 448/1/448
f 497/1/497 448/1/448 431/1/431
f 498/1/498 431/1/431 469/1/468
f 499/1/499 469/1/468 430/1/430
f 452/1/452 449/1/449 470/1/469
f 470/1/469 450/1/450 471/1/470
f 471/1/470 432/1/432 472/1/471
f 472/1/471 451/1/451 500/1/500
f 475/1/474 473/1/472 409/1/409
f 499/1/499 430/1/430 473/1/472
f 474/1/473 452/1/452 501/1/501
f 476/1/475 408/1/408 474/1/473
f 475/1/474 453/1/453 476/1/475
f 502/1/502 451/1/451 477/1/476
f 477/1/476 433/1/433 478/1/477
f 478/1/477 410/1/410 479/1/478
f 503/1/503 479/1/478 455/1/455
f 435/1/435 481/1/480 504/1/504
f 481/1/480 412/1/412 482/1/481
f 505/1/505 482/1/481 457/1/457
f 457/1/457 458/1/458 483/1/482
f 480/1/479 435/1/435 506/1/506
f 483/1/482 459/1/459 484/1/483
f 484/1/483 460/1/460 507/1/507
f 460/1/460 437/1/437 508/1/508
f 508/1/508 437/1/437 485/1/484
f 485/1/484 438/1/438 509/1/509
f 509/1/509 438/1/438 440/1/440
f 486/1/485 423/1/423 490/1/489
f 510/1/510 440/1/440 486/1/485
f 489/1/488 421/1/421 487/1/486
f 461/1/461 462/1/462 487/1/486
f 511/1/511 462/1/462 442/1/442
f 488/1/487 463/1/463 480/1/479
f 511/1/511 442/1/442 488/1/487
f 455/1/455 489/1/488 512/1/512
f 490/1/489 464/1/464 491/1/490
f 491/1/490 422/1/422 492/1/491
f 492/1/491 443/1/443 513/1/513
f 514/1/514 443/1/443 465/1/465
f 515/1/515 465/1/465 466/1/466
f 466/1/466 493/1/492 516/1/516
f 495/1/495 425/1/425 494/1/494
f 494/1/494 467/1/493 517/1/517
f 445/1/445 495/1/495 518/1/518
f 468/1/467 445/1/445 518/1/518
f 493/1/492 468/1/467 516/1/516
f 519/1/519 496/1/496 448/1/448
f 497/1/497 431/1/431 498/1/498
f 520/1/520 448/1/448 497/1/497
f 498/1/498 469/1/468 499/1/499
f 501/1/501 452/1/452 470/1/469
f 521/1/521 470/1/469 471/1/470
f 471/1/470 472/1/471 500/1/500
f 500/1/500 451/1/451 502/1/502
f 499/1/499 473/1/472 475/1/474
f 476/1/475 474/1/473 501/1/501
f 522/1/522 475/1/474 476/1/475
f 523/1/523 502/1/502 477/1/476
f 524/1/524 477/1/476 478/1/477
f 478/1/477 479/1/478 503/1/503
f 503/1/503 455/1/455 525/1/525
f 506/1/506 435/1/435 504/1/504
f 504/1/504 481/1/480 482/1/481
f 526/1/526 482/1/481 505/1/505
f 505/1/505 457/1/457 527/1/527
f 528/1/528 457/1/457 483/1/482
f 480/1/479 506/1/506 529/1/529
f 530/1/530 483/1/482 484/1/483
f 531/1/531 484/1/483 507/1/507
f 507/1/507 460/1/460 508/1/508
f 532/1/532 508/1/508 485/1/484
f 485/1/484 509/1/509 510/1/510
f 509/1/509 440/1/440 510/1/510
f 510/1/510 486/1/485 490/1/489
f 489/1/488 487/1/486 512/1/512
f 487/1/486 462/1/462 511/1/511
f 533/1/533 488/1/487 480/1/479
f 487/1/486 511/1/511 488/1/487
f 525/1/525 455/1/455 512/1/512
f 534/1/534 490/1/489 491/1/490
f 491/1/490 492/1/491 513/1/513
f 513/1/513 443/1/443 514/1/514
f 514/1/514 465/1/465 535/1/535
f 515/1/515 466/1/466 536/1/536
f 535/1/535 465/1/465 515/1/515
f 537/1/537 466/1/466 516/1/516
f 518/1/518 495/1/495 494/1/494
f 538/1/538 494/1/494 517/1/517
f 516/1/516 468/1/467 518/1/518
f 519/1/519 448/1/448 520/1/520
f 520/1/520 497/1/497 498/1/498
f 539/1/539 498/1/498 499/1/499
f 501/1/501 470/1/469 540/1/540
f 521/1/521 471/1/470 541/1/541
f 540/1/540 470/1/469 521/1/521
f 542/1/542 471/1/470 500/1/500
f 500/1/500 502/1/502 523/1/523
f 543/1/543 499/1/499 475/1/474
f 544/1/544 476/1/475 501/1/501
f 545/1/545 522/1/522 476/1/475
f 546/1/546 475/1/474 522/1/522
f 523/1/523 477/1/476 524/1/524
f 524/1/524 478/1/477 547/1/547
f 547/1/547 478/1/477 503/1/503
f 503/1/503 525/1/525 548/1/548
f 529/1/529 506/1/506 504/1/504
f 504/1/504 482/1/481 549/1/549
f 549/1/549 482/1/481 526/1/526
f 526/1/526 505/1/505 527/1/527
f 527/1/527 457/1/457 528/1/528
f 528/1/528 483/1/482 550/1/550
f 533/1/533 480/1/479 529/1/529
f 550/1/550 483/1/482 530/1/530
f 530/1/530 484/1/483 531/1/531
f 531/1/531 507/1/507 551/1/551
f 507/1/507 508/1/508 532/1/532
f 532/1/532 485/1/484 552/1/552
f 553/1/553 485/1/484 510/1/510
f 554/1/554 510/1/510 490/1/489
f 512/1/512 487/1/486 555/1/555
f 556/1/556 488/1/487 533/1/533
f 555/1/555 487/1/486 488/1/487
f 548/1/548 525/1/525 512/1/512
f 534/1/534 491/1/490 557/1/557
f 558/1/558 490/1/489 534/1/534
f 559/1/559 491/1/490 513/1/513
f 513/1/513 514/1/514 535/1/535
f 535/1/535 515/1/515 536/1/536
f 536/1/536 466/1/466 537/1/537
f 537/1/537 516/1/516 560/1/560
f 518/1/518 494/1/494 561/1/561
f 538/1/538 517/1/517 563/1/562
f 564/1/563 494/1/494 538/1/538
f 516/1/516 518/1/518 565/1/564
f 566/1/565 519/1/519 520/1/520
f 567/1/566 520/1/520 498/1/498
f 539/1/539 499/1/499 568/1/567
f 567/1/566 498/1/498 539/1/539
f 569/1/568 501/1/501 540/1/540
f 540/1/540 521/1/521 541/1/541
f 541/1/541 471/1/470 542/1/542
f 542/1/542 500/1/500 570/1/569
f 571/1/570 500/1/500 523/1/523
f 568/1/567 499/1/499 543/1/543
f 546/1/546 543/1/543 475/1/474
f 572/1/571 476/1/475 544/1/544
f 544/1/544 501/1/501 569/1/568
f 545/1/545 546/1/546 522/1/522
f 573/1/572 545/1/545 476/1/475
f 523/1/523 524/1/524 574/1/573
f 524/1/524 547/1/547 575/1/574
f 575/1/574 547/1/547 503/1/503
f 575/1/574 503/1/503 548/1/548
f 529/1/529 504/1/504 576/1/575
f 504/1/504 549/1/549 577/1/576
f 577/1/576 549/1/549 526/1/526
f 578/1/577 526/1/526 527/1/527
f 527/1/527 528/1/528 550/1/550
f 556/1/556 533/1/533 529/1/529
f 550/1/550 530/1/530 531/1/531
f 579/1/578 531/1/531 551/1/551
f 551/1/551 507/1/507 532/1/532
f 580/1/579 532/1/532 552/1/552
f 552/1/552 485/1/484 553/1/553
f 553/1/553 510/1/510 581/1/580
f 581/1/580 510/1/510 554/1/554
f 554/1/554 490/1/489 558/1/558
f 512/1/512 555/1/555 556/1/556
f 555/1/555 488/1/487 556/1/556
f 548/1/548 512/1/512 582/1/581
f 558/1/558 534/1/534 557/1/557
f 557/1/557 491/1/490 559/1/559
f 559/1/559 513/1/513 583/1/582
f 584/1/583 513/1/513 535/1/535
f 585/1/584 535/1/535 536/1/536
f 536/1/536 537/1/537 560/1/560
f 560/1/560 516/1/516 565/1/564
f 586/1/585 518/1/518 561/1/561
f 561/1/561 494/1/494 564/1/563
f 563/1/562 517/1/517 562/1/586
f 564/1/563 538/1/538 563/1/562
f 565/1/564 518/1/518 586/1/585
f 566/1/565 520/1/520 567/1/566
f 587/1/587 539/1/539 568/1/567
f 588/1/588 567/1/566 539/1/539
f 569/1/568 540/1/540 589/1/589
f 541/1/541 589/1/589 540/1/540
f 541/1/541 542/1/542 570/1/569
f 570/1/569 500/1/500 571/1/570
f 571/1/570 523/1/523 590/1/590
f 568/1/567 543/1/543 546/1/546
f 573/1/572 476/1/475 572/1/571
f 572/1/571 544/1/544 569/1/568
f 591/1/591 546/1/546 545/1/545
f 592/1/592 545/1/545 573/1/572
f 593/1/593 523/1/523 574/1/573
f 574/1/573 524/1/524 575/1/574
f 594/1/594 575/1/574 548/1/548
f 529/1/529 576/1/575 595/1/595
f 576/1/575 504/1/504 577/1/576
f 596/1/596 577/1/576 526/1/526
f 578/1/577 527/1/527 597/1/597
f 598/1/598 526/1/526 578/1/577
f 599/1/599 527/1/527 550/1/550
f 600/1/600 556/1/556 529/1/529
f 550/1/550 531/1/531 579/1/578
f 579/1/578 551/1/551 601/1/601
f 551/1/551 532/1/532 580/1/579
f 580/1/579 552/1/552 602/1/602
f 552/1/552 553/1/553 581/1/580
f 581/1/580 554/1/554 558/1/558
f 603/1/603 512/1/512 556/1/556
f 582/1/581 512/1/512 604/1/604
f 548/1/548 582/1/581 605/1/605
f 606/1/606 558/1/558 557/1/557
f 557/1/557 559/1/559 583/1/582
f 583/1/582 513/1/513 584/1/583
f 584/1/583 535/1/535 607/1/607
f 607/1/607 535/1/535 585/1/584
f 585/1/584 536/1/536 608/1/608
f 609/1/609 536/1/536 560/1/560
f 560/1/560 565/1/564 586/1/585
f 586/1/585 561/1/561 564/1/563
f 563/1/562 562/1/586 610/1/610
f 612/1/611 564/1/563 563/1/562
f 588/1/588 539/1/539 587/1/587
f 587/1/587 568/1/567 591/1/591
f 589/1/589 613/1/612 569/1/568
f 614/1/613 589/1/589 541/1/541
f 615/1/614 541/1/541 570/1/569
f 570/1/569 571/1/570 590/1/590
f 590/1/590 523/1/523 593/1/593
f 591/1/591 568/1/567 546/1/546
f 592/1/592 573/1/572 572/1/571
f 616/1/615 572/1/571 569/1/568
f 617/1/616 591/1/591 545/1/545
f 617/1/616 545/1/545 592/1/592
f 618/1/617 593/1/593 574/1/573
f 619/1/618 574/1/573 575/1/574
f 594/1/594 619/1/618 575/1/574
f 620/1/619 594/1/594 548/1/548
f 600/1/600 529/1/529 595/1/595
f 595/1/595 576/1/575 577/1/576
f 621/1/620 577/1/576 596/1/596
f 596/1/596 526/1/526 598/1/598
f 598/1/598 578/1/577 597/1/597
f 597/1/597 527/1/527 599/1/599
f 599/1/599 550/1/550 622/1/621
f 623/1/622 556/1/556 600/1/600
f 622/1/621 550/1/550 579/1/578
f 601/1/601 551/1/551 580/1/579
f 624/1/623 579/1/578 601/1/601
f 625/1/624 580/1/579 602/1/602
f 602/1/602 552/1/552 581/1/580
f 626/1/625 581/1/580 558/1/558
f 512/1/512 603/1/603 604/1/604
f 603/1/603 556/1/556 623/1/622
f 605/1/605 582/1/581 604/1/604
f 620/1/619 548/1/548 605/1/605
f 627/1/626 558/1/558 606/1/606
f 606/1/606 557/1/557 628/1/627
f 629/1/628 557/1/557 583/1/582
f 583/1/582 584/1/583 607/1/607
f 607/1/607 585/1/584 608/1/608
f 608/1/608 536/1/536 609/1/609
f 609/1/609 560/1/560 630/1/629
f 560/1/560 586/1/585 631/1/630
f 632/1/631 586/1/585 564/1/563
f 633/1/632 563/1/562 610/1/610
f 634/1/633 564/1/563 612/1/611
f 612/1/611 563/1/562 635/1/634
f 636/1/635 587/1/587 591/1/591
f 616/1/615 569/1/568 613/1/612
f 637/1/636 613/1/612 589/1/589
f 615/1/614 614/1/613 541/1/541
f 614/1/613 638/1/637 589/1/589
f 639/1/638 615/1/614 570/1/569
f 640/1/639 570/1/569 590/1/590
f 618/1/617 590/1/590 593/1/593
f 641/1/640 592/1/592 572/1/571
f 641/1/640 572/1/571 616/1/615
f 636/1/635 591/1/591 617/1/616
f 642/1/641 617/1/616 592/1/592
f 619/1/618 618/1/617 574/1/573
f 643/1/642 619/1/618 594/1/594
f 644/1/643 594/1/594 620/1/619
f 623/1/622 600/1/600 595/1/595
f 595/1/595 577/1/576 645/1/644
f 645/1/644 577/1/576 621/1/620
f 621/1/620 596/1/596 598/1/598
f 646/1/645 598/1/598 597/1/597
f 597/1/597 599/1/599 622/1/621
f 622/1/621 579/1/578 647/1/646
f 601/1/601 580/1/579 625/1/624
f 624/1/623 601/1/601 648/1/647
f 649/1/648 579/1/578 624/1/623
f 625/1/624 602/1/602 650/1/649
f 602/1/602 581/1/580 651/1/650
f 626/1/625 558/1/558 627/1/626
f 651/1/650 581/1/580 626/1/625
f 604/1/604 603/1/603 623/1/622
f 605/1/605 604/1/604 652/1/651
f 644/1/643 620/1/619 605/1/605
f 627/1/626 606/1/606 628/1/627
f 628/1/627 557/1/557 629/1/628
f 629/1/628 583/1/582 653/1/652
f 654/1/653 583/1/582 607/1/607
f 655/1/654 607/1/607 608/1/608
f 608/1/608 609/1/609 630/1/629
f 630/1/629 560/1/560 631/1/630
f 631/1/630 586/1/585 632/1/631
f 632/1/631 564/1/563 634/1/633
f 633/1/632 610/1/610 657/1/655
f 635/1/634 563/1/562 633/1/632
f 634/1/633 612/1/611 635/1/634
f 658/1/656 616/1/615 613/1/612
f 638/1/637 637/1/636 589/1/589
f 659/1/657 613/1/612 637/1/636
f 639/1/638 614/1/613 615/1/614
f 660/1/658 638/1/637 614/1/613
f 640/1/639 639/1/638 570/1/569
f 661/1/659 640/1/639 590/1/590
f 618/1/617 662/1/660 590/1/590
f 642/1/641 592/1/592 641/1/640
f 616/1/615 663/1/661 641/1/640
f 643/1/642 618/1/617 619/1/618
f 644/1/643 643/1/642 594/1/594
f 623/1/622 595/1/595 664/1/662
f 595/1/595 645/1/644 665/1/663
f 665/1/663 645/1/644 621/1/620
f 666/1/664 621/1/620 598/1/598
f 667/1/665 598/1/598 646/1/645
f 646/1/645 597/1/597 668/1/666
f 669/1/667 597/1/597 622/1/621
f 670/1/668 622/1/621 647/1/646
f 647/1/646 579/1/578 649/1/648
f 648/1/647 601/1/601 625/1/624
f 649/1/648 624/1/623 648/1/647
f 650/1/649 602/1/602 651/1/650
f 671/1/669 625/1/624 650/1/649
f 651/1/650 626/1/625 627/1/626
f 604/1/604 623/1/622 672/1/670
f 673/1/671 605/1/605 652/1/651
f 652/1/651 604/1/604 674/1/672
f 675/1/673 644/1/643 605/1/605
f 676/1/674 627/1/626 628/1/627
f 628/1/627 629/1/628 653/1/652
f 653/1/652 583/1/582 654/1/653
f 654/1/653 607/1/607 677/1/675
f 655/1/654 608/1/608 678/1/676
f 677/1/675 607/1/607 655/1/654
f 679/1/677 608/1/608 630/1/629
f 680/1/678 630/1/629 631/1/630
f 631/1/630 632/1/631 634/1/633
f 657/1/655 610/1/610 656/1/679
f 656/1/680 611/1/680 681/1/680
f 635/1/634 633/1/632 657/1/655
f 682/1/681 634/1/633 635/1/634
f 658/1/656 663/1/661 616/1/615
f 659/1/657 658/1/656 613/1/612
f 660/1/658 637/1/636 638/1/637
f 683/1/682 659/1/657 637/1/636
f 639/1/638 684/1/683 614/1/613
f 684/1/683 660/1/658 614/1/613
f 661/1/659 639/1/638 640/1/639
f 662/1/660 661/1/659 590/1/590
f 685/1/684 662/1/660 618/1/617
f 686/1/685 642/1/641 641/1/640
f 686/1/685 641/1/640 663/1/661
f 643/1/642 685/1/684 618/1/617
f 687/1/686 643/1/642 644/1/643
f 623/1/622 664/1/662 688/1/687
f 664/1/662 595/1/595 665/1/663
f 689/1/688 665/1/663 621/1/620
f 666/1/664 598/1/598 667/1/665
f 690/1/689 621/1/620 666/1/664
f 667/1/665 646/1/645 668/1/666
f 668/1/666 597/1/597 669/1/667
f 669/1/667 622/1/621 670/1/668
f 670/1/668 647/1/646 649/1/648
f 648/1/647 625/1/624 691/1/690
f 692/1/691 649/1/648 648/1/647
f 650/1/649 651/1/650 693/1/692
f 671/1/669 650/1/649 694/1/693
f 691/1/690 625/1/624 671/1/669
f 695/1/694 651/1/650 627/1/626
f 672/1/670 623/1/622 688/1/687
f 604/1/604 672/1/670 674/1/672
f 673/1/671 675/1/673 605/1/605
f 673/1/671 652/1/651 674/1/672
f 696/1/695 644/1/643 675/1/673
f 676/1/674 628/1/627 697/1/696
f 698/1/697 627/1/626 676/1/674
f 628/1/627 653/1/652 699/1/698
f 653/1/652 654/1/653 677/1/675
f 677/1/675 655/1/654 678/1/676
f 678/1/676 608/1/608 679/1/677
f 679/1/677 630/1/629 700/1/699
f 680/1/678 631/1/630 701/1/700
f 700/1/699 630/1/629 680/1/678
f 702/1/701 631/1/630 634/1/633
f 657/1/655 656/1/679 703/1/702
f 704/1/703 635/1/634 657/1/655
f 682/1/681 635/1/634 705/1/704
f 706/1/705 634/1/633 682/1/681
f 658/1/656 707/1/706 663/1/661
f 659/1/657 708/1/707 658/1/656
f 660/1/658 683/1/682 637/1/636
f 709/1/708 659/1/657 683/1/682
f 710/1/709 684/1/683 639/1/638
f 710/1/709 660/1/658 684/1/683
f 661/1/659 711/1/710 639/1/638
f 685/1/684 661/1/659 662/1/660
f 712/1/711 685/1/684 643/1/642
f 713/1/712 687/1/686 644/1/643
f 687/1/686 714/1/713 643/1/642
f 688/1/687 664/1/662 665/1/663
f 715/1/714 665/1/663 689/1/688
f 689/1/688 621/1/620 690/1/689
f 690/1/689 666/1/664 667/1/665
f 716/1/715 667/1/665 668/1/666
f 668/1/666 669/1/667 670/1/668
f 717/1/716 670/1/668 649/1/648
f 718/1/717 648/1/647 691/1/690
f 719/1/718 649/1/648 692/1/691
f 692/1/691 648/1/647 720/1/719
f 694/1/693 650/1/649 693/1/692
f 693/1/692 651/1/650 695/1/694
f 691/1/690 671/1/669 694/1/693
f 695/1/694 627/1/626 698/1/697
f 674/1/672 672/1/670 688/1/687
f 696/1/695 675/1/673 673/1/671
f 721/1/720 673/1/671 674/1/672
f 696/1/695 713/1/712 644/1/643
f 698/1/697 676/1/674 697/1/696
f 697/1/696 628/1/627 699/1/698
f 699/1/698 653/1/652 722/1/721
f 722/1/721 653/1/652 677/1/675
f 723/1/722 677/1/675 678/1/676
f 678/1/676 679/1/677 700/1/699
f 700/1/699 680/1/678 701/1/700
f 701/1/700 631/1/630 702/1/701
f 702/1/701 634/1/633 706/1/705
f 724/1/723 657/1/655 703/1/702
f 705/1/704 635/1/634 704/1/703
f 704/1/703 657/1/655 725/1/724
f 706/1/705 682/1/681 705/1/704
f 708/1/707 707/1/706 658/1/656
f 709/1/708 708/1/707 659/1/657
f 726/1/725 683/1/682 660/1/658
f 727/1/726 709/1/708 683/1/682
f 711/1/710 710/1/709 639/1/638
f 710/1/709 728/1/727 660/1/658
f 729/1/728 711/1/710 661/1/659
f 685/1/684 730/1/729 661/1/659
f 712/1/711 731/1/730 685/1/684
f 714/1/713 712/1/711 643/1/642
f 688/1/687 665/1/663 732/1/731
f 732/1/731 665/1/663 715/1/714
f 715/1/714 689/1/688 690/1/689
f 733/1/732 690/1/689 667/1/665
f 716/1/715 668/1/666 734/1/733
f 735/1/734 667/1/665 716/1/715
f 736/1/735 668/1/666 670/1/668
f 717/1/716 649/1/648 719/1/718
f 737/1/736 670/1/668 717/1/716
f 718/1/717 691/1/690 738/1/737
f 720/1/719 648/1/647 718/1/717
f 719/1/718 692/1/691 720/1/719
f 694/1/693 693/1/692 739/1/738
f 693/1/692 695/1/694 698/1/697
f 740/1/739 691/1/690 694/1/693
f 674/1/672 688/1/687 741/1/740
f 742/1/741 696/1/695 673/1/671
f 743/1/742 721/1/720 674/1/672
f 744/1/743 673/1/671 721/1/720
f 698/1/697 697/1/696 745/1/744
f 746/1/745 697/1/696 699/1/698
f 699/1/698 722/1/721 747/1/746
f 722/1/721 677/1/675 747/1/746
f 747/1/746 677/1/675 723/1/722
f 723/1/722 678/1/676 748/1/747
f 749/1/748 678/1/676 700/1/699
f 750/1/749 700/1/699 701/1/700
f 701/1/700 702/1/701 706/1/705
f 725/1/724 657/1/655 724/1/723
f 705/1/704 704/1/703 725/1/724
f 706/1/705 705/1/704 752/1/750
f 709/1/708 753/1/751 708/1/707
f 727/1/726 683/1/682 726/1/725
f 728/1/727 726/1/725 660/1/658
f 727/1/726 754/1/752 709/1/708
f 729/1/728 710/1/709 711/1/710
f 755/1/753 728/1/727 710/1/709
f 730/1/729 729/1/728 661/1/659
f 731/1/730 730/1/729 685/1/684
f 756/1/754 731/1/730 712/1/711
f 714/1/713 756/1/754 712/1/711
f 758/1/755 688/1/687 732/1/731
f 758/1/755 732/1/731 715/1/714
f 759/1/756 715/1/714 690/1/689
f 760/1/757 690/1/689 733/1/732
f 733/1/732 667/1/665 735/1/734
f 735/1/734 716/1/715 734/1/733
f 734/1/733 668/1/666 736/1/735
f 736/1/735 670/1/668 737/1/736
f 737/1/736 717/1/716 719/1/718
f 720/1/719 718/1/717 738/1/737
f 738/1/737 691/1/690 740/1/739
f 761/1/758 719/1/718 720/1/719
f 762/1/759 694/1/693 739/1/738
f 739/1/738 693/1/692 763/1/760
f 763/1/760 693/1/692 698/1/697
f 740/1/739 694/1/693 764/1/761
f 743/1/742 674/1/672 741/1/740
f 741/1/740 688/1/687 758/1/755
f 744/1/743 742/1/741 673/1/671
f 744/1/743 721/1/720 743/1/742
f 765/1/762 698/1/697 745/1/744
f 745/1/744 697/1/696 746/1/745
f 746/1/745 699/1/698 766/1/763
f 767/1/764 699/1/698 747/1/746
f 747/1/746 723/1/722 748/1/747
f 748/1/747 678/1/676 749/1/748
f 749/1/748 700/1/699 768/1/765
f 768/1/765 700/1/699 750/1/749
f 750/1/749 701/1/700 769/1/766
f 701/1/700 706/1/705 770/1/767
f 772/1/768 725/1/724 724/1/723
f 773/1/769 705/1/704 725/1/724
f 770/1/767 706/1/705 752/1/750
f 752/1/750 705/1/704 773/1/769
f 754/1/752 753/1/751 709/1/708
f 774/1/770 727/1/726 726/1/725
f 755/1/753 726/1/725 728/1/727
f 775/1/771 754/1/752 727/1/726
f 729/1/728 776/1/772 710/1/709
f 776/1/772 755/1/753 710/1/709
f 731/1/730 729/1/728 730/1/729
f 756/1/754 777/1/773 731/1/730
f 778/1/774 756/1/754 714/1/713
f 778/1/774 714/1/713 757/1/775
f 779/1/776 758/1/755 715/1/714
f 759/1/756 690/1/689 760/1/757
f 780/1/777 715/1/714 759/1/756
f 760/1/757 733/1/732 735/1/734
f 781/1/778 735/1/734 734/1/733
f 734/1/733 736/1/735 737/1/736
f 737/1/736 719/1/718 782/1/779
f 720/1/719 738/1/737 783/1/780
f 738/1/737 740/1/739 764/1/761
f 761/1/758 720/1/719 784/1/781
f 719/1/718 761/1/758 785/1/782
f 762/1/759 739/1/738 786/1/783
f 764/1/761 694/1/693 762/1/759
f 739/1/738 763/1/760 765/1/762
f 763/1/760 698/1/697 765/1/762
f 743/1/742 741/1/740 758/1/755
f 787/1/784 744/1/743 743/1/742
f 788/1/785 765/1/762 745/1/744
f 745/1/744 746/1/745 766/1/763
f 766/1/763 699/1/698 767/1/764
f 767/1/764 747/1/746 789/1/786
f 790/1/787 747/1/746 748/1/747
f 748/1/747 749/1/748 768/1/765
f 768/1/765 750/1/749 769/1/766
f 769/1/766 701/1/700 770/1/767
f 792/1/788 771/1/789 751/1/790
f 772/1/768 724/1/723 771/1/789
f 773/1/769 725/1/724 772/1/768
f 793/1/791 770/1/767 752/1/750
f 794/1/792 752/1/750 773/1/769
f 775/1/771 727/1/726 774/1/770
f 755/1/753 774/1/770 726/1/725
f 795/1/793 754/1/752 775/1/771
f 796/1/794 776/1/772 729/1/728
f 796/1/794 755/1/753 776/1/772
f 731/1/730 797/1/795 729/1/728
f 777/1/773 797/1/795 731/1/730
f 798/1/796 777/1/773 756/1/754
f 778/1/774 798/1/796 756/1/754
f 800/1/797 758/1/755 779/1/776
f 779/1/776 715/1/714 780/1/777
f 780/1/777 759/1/756 760/1/757
f 801/1/798 760/1/757 735/1/734
f 802/1/799 735/1/734 781/1/778
f 781/1/778 734/1/733 803/1/800
f 734/1/733 737/1/736 804/1/801
f 737/1/736 782/1/779 805/1/802
f 782/1/779 719/1/718 785/1/782
f 784/1/781 720/1/719 783/1/780
f 783/1/780 738/1/737 806/1/803
f 806/1/803 738/1/737 764/1/761
f 785/1/782 761/1/758 784/1/781
f 764/1/761 762/1/759 786/1/783
f 786/1/783 739/1/738 788/1/785
f 739/1/738 765/1/762 788/1/785
f 807/1/804 743/1/742 758/1/755
f 808/1/805 787/1/784 743/1/742
f 788/1/785 745/1/744 809/1/806
f 809/1/806 745/1/744 766/1/763
f 766/1/763 767/1/764 789/1/786
f 789/1/786 747/1/746 790/1/787
f 790/1/787 748/1/747 810/1/807
f 748/1/747 768/1/765 811/1/808
f 812/1/809 768/1/765 769/1/766
f 813/1/810 769/1/766 770/1/767
f 772/1/768 771/1/789 792/1/788
f 814/1/811 773/1/769 772/1/768
f 793/1/791 752/1/750 794/1/792
f 815/1/812 770/1/767 793/1/791
f 816/1/813 794/1/792 773/1/769
f 817/1/814 775/1/771 774/1/770
f 818/1/815 774/1/770 755/1/753
f 819/1/816 795/1/793 775/1/771
f 797/1/795 796/1/794 729/1/728
f 796/1/794 820/1/817 755/1/753
f 821/1/818 797/1/795 777/1/773
f 821/1/818 777/1/773 798/1/796
f 823/1/819 778/1/820 799/1/821
f 800/1/797 807/1/804 758/1/755
f 800/1/797 779/1/776 780/1/777
f 824/1/822 780/1/777 760/1/757
f 801/1/798 735/1/734 802/1/799
f 825/1/823 760/1/757 801/1/798
f 802/1/799 781/1/778 803/1/800
f 734/1/733 804/1/801 803/1/800
f 804/1/801 737/1/736 805/1/802
f 805/1/802 782/1/779 785/1/782
f 826/1/824 784/1/781 783/1/780
f 783/1/780 806/1/803 827/1/825
f 806/1/803 764/1/761 827/1/825
f 785/1/782 784/1/781 828/1/826
f 829/1/827 764/1/761 786/1/783
f 830/1/828 786/1/783 788/1/785
f 808/1/805 743/1/742 807/1/804
f 831/1/829 788/1/785 809/1/806
f 809/1/806 766/1/763 832/1/830
f 833/1/831 766/1/763 789/1/786
f 789/1/786 790/1/787 810/1/807
f 810/1/807 748/1/747 811/1/808
f 811/1/808 768/1/765 812/1/809
f 812/1/809 769/1/766 834/1/832
f 834/1/832 769/1/766 813/1/810
f 813/1/810 770/1/767 815/1/812
f 835/1/833 792/1/788 791/1/834
f 837/1/835 772/1/768 792/1/788
f 838/1/836 814/1/811 772/1/768
f 816/1/813 773/1/769 814/1/811
f 793/1/791 794/1/792 816/1/813
f 839/1/837 815/1/812 793/1/791
f 817/1/814 819/1/816 775/1/771
f 840/1/838 817/1/814 774/1/770
f 818/1/815 840/1/838 774/1/770
f 820/1/817 818/1/815 755/1/753
f 841/1/839 795/1/793 819/1/816
f 797/1/795 820/1/817 796/1/794
f 842/1/840 797/1/795 821/1/818
f 843/1/841 821/1/818 798/1/796
f 844/1/842 798/1/842 822/1/842
f 823/1/819 822/1/843 778/1/820
f 808/1/805 807/1/804 800/1/797
f 845/1/844 800/1/797 780/1/777
f 824/1/822 846/1/845 780/1/777
f 824/1/822 760/1/757 825/1/823
f 825/1/823 801/1/798 802/1/799
f 847/1/846 802/1/799 803/1/800
f 803/1/800 804/1/801 805/1/802
f 805/1/802 785/1/782 848/1/847
f 826/1/824 783/1/780 849/1/848
f 850/1/849 784/1/781 826/1/824
f 851/1/850 783/1/780 827/1/825
f 827/1/825 764/1/761 829/1/827
f 785/1/782 828/1/826 852/1/851
f 828/1/826 784/1/781 850/1/849
f 829/1/827 786/1/783 830/1/828
f 830/1/828 788/1/785 831/1/829
f 831/1/829 809/1/806 853/1/852
f 853/1/852 809/1/806 832/1/830
f 832/1/830 766/1/763 833/1/831
f 833/1/831 789/1/786 854/1/853
f 855/1/854 789/1/786 810/1/807
f 810/1/807 811/1/808 856/1/855
f 811/1/808 812/1/809 834/1/832
f 834/1/832 813/1/810 815/1/812
f 835/1/833 837/1/835 792/1/788
f 836/1/856 835/1/833 791/1/834
f 838/1/836 772/1/768 837/1/835
f 857/1/857 793/1/791 816/1/813
f 858/1/858 815/1/812 839/1/837
f 859/1/859 839/1/837 793/1/791
f 819/1/816 817/1/814 840/1/838
f 820/1/817 840/1/838 818/1/815
f 861/1/860 841/1/839 819/1/816
f 842/1/840 820/1/817 797/1/795
f 862/1/861 842/1/840 821/1/818
f 843/1/841 862/1/861 821/1/818
f 863/1/862 808/1/805 800/1/797
f 846/1/845 845/1/844 780/1/777
f 845/1/844 863/1/862 800/1/797
f 825/1/823 846/1/845 824/1/822
f 864/1/863 825/1/823 802/1/799
f 847/1/846 803/1/800 865/1/864
f 866/1/865 802/1/799 847/1/846
f 803/1/800 805/1/802 867/1/866
f 848/1/847 785/1/782 852/1/851
f 805/1/802 848/1/847 868/1/867
f 850/1/849 826/1/824 849/1/848
f 849/1/848 783/1/780 851/1/850
f 851/1/850 827/1/825 869/1/868
f 827/1/825 829/1/827 830/1/828
f 852/1/851 828/1/826 850/1/849
f 870/1/869 830/1/828 831/1/829
f 872/1/870 831/1/829 853/1/852
f 853/1/852 832/1/830 873/1/871
f 832/1/830 833/1/831 854/1/853
f 854/1/853 789/1/786 855/1/854
f 855/1/854 810/1/807 856/1/855
f 856/1/855 811/1/808 874/1/872
f 874/1/872 811/1/808 834/1/832
f 858/1/858 834/1/832 815/1/812
f 875/1/873 837/1/835 835/1/833
f 876/1/874 835/1/833 836/1/856
f 838/1/836 837/1/835 878/1/875
f 879/1/876 816/1/813 838/1/836
f 880/1/877 857/1/857 816/1/813
f 859/1/859 793/1/791 857/1/857
f 858/1/858 839/1/837 859/1/859
f 861/1/860 819/1/816 840/1/838
f 861/1/860 840/1/838 820/1/817
f 860/1/878 841/1/839 881/1/879
f 881/1/879 841/1/839 861/1/860
f 842/1/840 882/1/880 820/1/817
f 883/1/881 842/1/840 862/1/861
f 871/1/882 808/1/805 863/1/862
f 884/1/883 845/1/844 846/1/845
f 885/1/884 863/1/862 845/1/844
f 886/1/885 846/1/845 825/1/823
f 864/1/863 887/1/886 825/1/823
f 864/1/863 802/1/799 866/1/865
f 866/1/865 847/1/846 865/1/864
f 865/1/864 803/1/800 867/1/866
f 867/1/866 805/1/802 868/1/867
f 868/1/867 848/1/847 852/1/851
f 888/1/887 850/1/849 849/1/848
f 849/1/848 851/1/850 869/1/868
f 869/1/868 827/1/825 889/1/888
f 889/1/888 827/1/825 830/1/828
f 852/1/851 850/1/849 888/1/887
f 890/1/889 830/1/828 870/1/869
f 870/1/869 831/1/829 872/1/870
f 872/1/870 853/1/852 891/1/890
f 891/1/890 853/1/852 873/1/871
f 873/1/871 832/1/830 892/1/891
f 892/1/891 832/1/830 854/1/853
f 854/1/853 855/1/854 893/1/892
f 894/1/893 855/1/854 856/1/855
f 856/1/855 874/1/872 895/1/894
f 874/1/872 834/1/832 895/1/894
f 895/1/894 834/1/832 858/1/858
f 875/1/873 878/1/875 837/1/835
f 896/1/895 875/1/873 835/1/833
f 877/1/896 876/1/874 836/1/856
f 896/1/895 835/1/833 876/1/874
f 897/1/897 838/1/836 878/1/875
f 880/1/877 816/1/813 879/1/876
f 897/1/897 879/1/876 838/1/836
f 859/1/859 857/1/857 880/1/877
f 898/1/898 858/1/858 859/1/859
f 882/1/880 861/1/860 820/1/817
f 899/1/899 860/1/878 881/1/879
f 881/1/879 861/1/860 882/1/880
f 883/1/881 882/1/880 842/1/840
f 885/1/884 871/1/882 863/1/862
f 884/1/883 885/1/884 845/1/844
f 900/1/900 884/1/883 846/1/845
f 887/1/886 886/1/885 825/1/823
f 886/1/885 900/1/900 846/1/845
f 866/1/865 887/1/886 864/1/863
f 901/1/901 866/1/865 865/1/864
f 865/1/864 867/1/866 868/1/867
f 868/1/867 852/1/851 902/1/902
f 888/1/887 849/1/848 903/1/903
f 904/1/904 849/1/848 869/1/868
f 869/1/868 889/1/888 890/1/889
f 889/1/888 830/1/828 890/1/889
f 852/1/851 888/1/887 903/1/903
f 890/1/889 870/1/869 872/1/870
f 872/1/870 891/1/890 905/1/905
f 905/1/905 891/1/890 873/1/871
f 873/1/871 892/1/891 906/1/906
f 892/1/891 854/1/853 893/1/892
f 893/1/892 855/1/854 894/1/893
f 894/1/893 856/1/855 907/1/907
f 908/1/908 856/1/855 895/1/894
f 909/1/909 895/1/894 858/1/858
f 896/1/895 878/1/875 875/1/873
f 910/1/910 876/1/874 877/1/896
f 911/1/911 896/1/895 876/1/874
f 897/1/897 878/1/875 912/1/912
f 880/1/877 879/1/876 897/1/897
f 913/1/913 859/1/859 880/1/877
f 914/1/914 898/1/898 859/1/859
f 909/1/909 858/1/858 898/1/898
f 899/1/899 881/1/879 882/1/880
f 883/1/881 899/1/899 882/1/880
f 915/1/915 885/1/884 884/1/883
f 900/1/900 915/1/915 884/1/883
f 887/1/886 900/1/900 886/1/885
f 916/1/916 887/1/886 866/1/865
f 901/1/901 917/1/917 866/1/865
f 901/1/901 865/1/864 918/1/918
f 919/1/919 865/1/864 868/1/867
f 868/1/867 902/1/902 920/1/920
f 902/1/902 852/1/851 903/1/903
f 903/1/903 849/1/848 904/1/904
f 904/1/904 869/1/868 921/1/921
f 922/1/922 869/1/868 890/1/889
f 923/1/923 890/1/889 872/1/870
f 924/1/924 872/1/870 905/1/905
f 905/1/905 873/1/871 925/1/925
f 925/1/925 873/1/871 906/1/906
f 906/1/906 892/1/891 926/1/926
f 926/1/926 892/1/891 893/1/892
f 893/1/892 894/1/893 907/1/907
f 907/1/907 856/1/855 908/1/908
f 908/1/908 895/1/894 909/1/909
f 927/1/927 878/1/875 896/1/895
f 911/1/911 876/1/874 910/1/910
f 928/1/928 896/1/895 911/1/911
f 929/1/929 897/1/897 912/1/912
f 927/1/927 912/1/912 878/1/875
f 880/1/877 897/1/897 929/1/929
f 914/1/914 859/1/859 913/1/913
f 930/1/930 913/1/913 880/1/877
f 909/1/909 898/1/898 914/1/914
f 931/1/931 915/1/915 900/1/900
f 932/1/932 900/1/900 887/1/886
f 917/1/917 916/1/916 866/1/865
f 916/1/916 933/1/933 887/1/886
f 918/1/918 917/1/917 901/1/901
f 918/1/918 865/1/864 919/1/919
f 919/1/919 868/1/867 934/1/934
f 935/1/935 868/1/867 920/1/920
f 902/1/902 903/1/903 920/1/920
f 903/1/903 904/1/904 921/1/921
f 921/1/921 869/1/868 922/1/922
f 922/1/922 890/1/889 936/1/936
f 923/1/923 872/1/870 924/1/924
f 936/1/936 890/1/889 923/1/923
f 938/1/937 924/1/924 905/1/905
f 939/1/938 905/1/905 925/1/925
f 925/1/925 906/1/906 940/1/939
f 906/1/906 926/1/926 941/1/940
f 926/1/926 893/1/892 941/1/940
f 942/1/941 893/1/892 907/1/907
f 943/1/942 907/1/907 908/1/908
f 944/1/943 908/1/908 909/1/909
f 928/1/928 927/1/927 896/1/895
f 945/1/944 911/1/911 910/1/910
f 946/1/945 928/1/928 911/1/911
f 947/1/946 929/1/929 912/1/912
f 948/1/947 912/1/912 927/1/927
f 930/1/930 880/1/877 929/1/929
f 914/1/914 913/1/913 930/1/930
f 949/1/948 909/1/909 914/1/914
f 931/1/931 937/1/949 915/1/915
f 933/1/933 932/1/932 887/1/886
f 917/1/917 933/1/933 916/1/916
f 950/1/950 917/1/917 918/1/918
f 918/1/918 919/1/919 934/1/934
f 934/1/934 868/1/867 935/1/935
f 935/1/935 920/1/920 951/1/951
f 920/1/920 903/1/903 952/1/952
f 952/1/952 903/1/903 921/1/921
f 921/1/921 922/1/922 936/1/936
f 936/1/936 923/1/923 924/1/924
f 938/1/937 905/1/905 953/1/953
f 954/1/954 924/1/924 938/1/937
f 953/1/953 905/1/905 939/1/938
f 939/1/938 925/1/925 955/1/955
f 940/1/939 906/1/906 956/1/956
f 955/1/955 925/1/925 940/1/939
f 956/1/956 906/1/906 941/1/940
f 941/1/940 893/1/892 942/1/941
f 942/1/941 907/1/907 943/1/942
f 943/1/942 908/1/908 944/1/943
f 957/1/957 944/1/943 909/1/909
f 946/1/945 927/1/927 928/1/928
f 958/1/958 945/1/944 910/1/910
f 959/1/959 911/1/911 945/1/944
f 959/1/959 946/1/945 911/1/911
f 947/1/946 912/1/912 960/1/960
f 961/1/961 929/1/929 947/1/946
f 960/1/960 912/1/912 948/1/947
f 948/1/947 927/1/927 962/1/962
f 963/1/963 930/1/930 929/1/929
f 914/1/914 930/1/930 964/1/964
f 957/1/957 909/1/909 949/1/948
f 965/1/965 949/1/948 914/1/914
f 966/1/966 933/1/933 917/1/917
f 967/1/967 950/1/950 918/1/918
f 950/1/950 968/1/968 917/1/917
f 969/1/969 918/1/918 934/1/934
f 934/1/934 935/1/935 951/1/951
f 951/1/951 920/1/920 970/1/970
f 920/1/920 952/1/952 971/1/971
f 952/1/952 921/1/921 971/1/971
f 972/1/972 921/1/921 936/1/936
f 973/1/973 936/1/936 924/1/924
f 954/1/954 938/1/937 953/1/953
f 973/1/973 924/1/924 954/1/954
f 953/1/953 939/1/938 955/1/955
f 974/1/974 940/1/939 956/1/956
f 975/1/975 955/1/955 940/1/939
f 956/1/956 941/1/940 976/1/976
f 976/1/976 941/1/940 942/1/941
f 977/1/977 942/1/941 943/1/942
f 943/1/942 944/1/943 957/1/957
f 978/1/978 927/1/927 946/1/945
f 959/1/959 945/1/944 958/1/958
f 978/1/978 946/1/945 959/1/959
f 961/1/961 947/1/946 960/1/960
f 963/1/963 929/1/929 961/1/961
f 960/1/960 948/1/947 962/1/962
f 978/1/978 962/1/962 927/1/927
f 964/1/964 930/1/930 963/1/963
f 965/1/965 914/1/914 964/1/964
f 957/1/957 949/1/948 965/1/965
f 968/1/968 966/1/966 917/1/917
f 967/1/967 968/1/968 950/1/950
f 969/1/969 967/1/967 918/1/918
f 979/1/979 969/1/969 934/1/934
f 934/1/934 951/1/951 980/1/980
f 951/1/951 970/1/970 981/1/981
f 970/1/970 920/1/920 971/1/971
f 971/1/971 921/1/921 972/1/972
f 972/1/972 936/1/936 982/1/982
f 982/1/982 936/1/936 973/1/973
f 954/1/954 953/1/953 983/1/983
f 982/1/982 973/1/973 954/1/954
f 984/1/984 953/1/953 955/1/955
f 974/1/974 956/1/956 976/1/976
f 985/1/985 940/1/939 974/1/974
f 984/1/984 955/1/955 975/1/975
f 986/1/986 975/1/975 940/1/939
f 976/1/976 942/1/941 977/1/977
f 987/1/987 977/1/977 943/1/942
f 988/1/988 943/1/942 957/1/957
f 989/1/989 961/1/961 960/1/960
f 964/1/964 963/1/963 961/1/961
f 960/1/960 962/1/962 990/1/990
f 990/1/990 962/1/962 978/1/978
f 991/1/991 965/1/965 964/1/964
f 957/1/957 965/1/965 992/1/992
f 993/1/993 968/1/968 967/1/967
f 979/1/979 967/1/967 969/1/969
f 979/1/979 934/1/934 980/1/980
f 980/1/980 951/1/951 994/1/994
f 994/1/994 951/1/951 981/1/981
f 970/1/970 971/1/971 981/1/981
f 971/1/971 972/1/972 982/1/982
f 995/1/995 954/1/954 983/1/983
f 983/1/983 953/1/953 984/1/984
f 982/1/982 954/1/954 995/1/995
f 996/1/996 974/1/974 976/1/976
f 997/1/997 985/1/985 974/1/974
f 986/1/986 940/1/939 985/1/985
f 984/1/984 975/1/975 986/1/986
f 976/1/976 977/1/977 987/1/987
f 987/1/987 943/1/942 988/1/988
f 998/1/998 988/1/988 957/1/957
f 999/1/999 961/1/961 989/1/989
f 989/1/989 960/1/960 1000/1/1000
f 1001/1/1001 964/1/964 961/1/961
f 1000/1/1000 960/1/960 990/1/990
f 992/1/992 965/1/965 991/1/991
f 991/1/991 964/1/964 1002/1/1002
f 998/1/998 957/1/957 992/1/992
f 1003/1/1003 993/1/993 967/1/967
f 1004/1/1004 967/1/967 979/1/979
f 1005/1/1005 979/1/979 980/1/980
f 980/1/980 994/1/994 1006/1/1006
f 994/1/994 981/1/981 1006/1/1006
f 981/1/981 971/1/971 1007/1/1007
f 1007/1/1007 971/1/971 982/1/982
f 1008/1/1008 995/1/995 983/1/983
f 1009/1/1009 983/1/983 984/1/984
f 1010/1/1010 982/1/982 995/1/995
f 997/1/997 974/1/974 996/1/996
f 996/1/996 976/1/976 1011/1/1011
f 986/1/986 985/1/985 997/1/997
f 1012/1/1012 984/1/984 986/1/986
f 1011/1/1011 976/1/976 987/1/987
f 987/1/987 988/1/988 998/1/998
f 1001/1/1001 961/1/961 999/1/999
f 999/1/999 989/1/989 1000/1/1000
f 1002/1/1002 964/1/964 1001/1/1001
f 1013/1/1013 1000/1/1000 990/1/990
f 992/1/992 991/1/991 1002/1/1002
f 1014/1/1014 998/1/998 992/1/992
f 1004/1/1004 1003/1/1003 967/1/967
f 1005/1/1005 1004/1/1004 979/1/979
f 1005/1/1005 980/1/980 1015/1/1015
f 1015/1/1015 980/1/980 1006/1/1006
f 1006/1/1006 981/1/981 1016/1/1016
f 981/1/981 1007/1/1007 1010/1/1010
f 1007/1/1007 982/1/982 1010/1/1010
f 1008/1/1008 983/1/983 1009/1/1009
f 1017/1/1017 995/1/995 1008/1/1008
f 1009/1/1009 984/1/984 1012/1/1012
f 1010/1/1010 995/1/995 1017/1/1017
f 997/1/997 996/1/996 1018/1/1018
f 996/1/996 1011/1/1011 1019/1/1019
f 1020/1/1020 986/1/986 997/1/997
f 1021/1/1021 1012/1/1012 986/1/986
f 1011/1/1011 987/1/987 1019/1/1019
f 987/1/987 998/1/998 1022/1/1022
f 1002/1/1002 1001/1/1001 999/1/999
f 999/1/999 1000/1/1000 1023/1/1023
f 1023/1/1023 1000/1/1000 1013/1/1013
f 1024/1/1024 992/1/992 1002/1/1002
f 1022/1/1022 998/1/998 1014/1/1014
f 1014/1/1014 992/1/992 1025/1/1025
f 1026/1/1026 1003/1/1003 1004/1/1004
f 1027/1/1027 1004/1/1004 1005/1/1005
f 1027/1/1027 1005/1/1005 1015/1/1015
f 1015/1/1015 1006/1/1006 1028/1/1028
f 1006/1/1006 1016/1/1016 1028/1/1028
f 981/1/981 1010/1/1010 1016/1/1016
f 1029/1/1029 1008/1/1008 1009/1/1009
f 1030/1/1030 1017/1/1017 1008/1/1008
f 1009/1/1009 1012/1/1012 1021/1/1021
f 1016/1/1016 1010/1/1010 1017/1/1017
f 1018/1/1018 996/1/996 1031/1/1031
f 997/1/997 1018/1/1018 1032/1/1032
f 996/1/996 1019/1/1019 1031/1/1031
f 1021/1/1021 986/1/986 1020/1/1020
f 1033/1/1033 1020/1/1020 997/1/997
f 1019/1/1019 987/1/987 1022/1/1022
f 1034/1/1034 1002/1/1002 999/1/999
f 1035/1/1035 999/1/999 1023/1/1023
f 1024/1/1024 1002/1/1002 1036/1/1036
f 1025/1/1025 992/1/992 1024/1/1024
f 1022/1/1022 1014/1/1014 1025/1/1025
f 1037/1/1037 1026/1/1026 1004/1/1004
f 1038/1/1038 1004/1/1004 1027/1/1027
f 1039/1/1039 1027/1/1027 1015/1/1015
f 1039/1/1039 1015/1/1015 1028/1/1028
f 1028/1/1028 1016/1/1016 1040/1/1040
f 1041/1/1041 1029/1/1029 1009/1/1009
f 1042/1/1042 1008/1/1008 1029/1/1029
f 1043/1/1043 1017/1/1017 1030/1/1030
f 1042/1/1042 1030/1/1030 1008/1/1008
f 1044/1/1044 1009/1/1009 1021/1/1021
f 1040/1/1040 1016/1/1016 1017/1/1017
f 1045/1/1045 1018/1/1018 1031/1/1031
f 1033/1/1033 997/1/997 1032/1/1032
f 1032/1/1032 1018/1/1018 1045/1/1045
f 1031/1/1031 1019/1/1019 1046/1/1046
f 1021/1/1021 1020/1/1020 1033/1/1033
f 1046/1/1046 1019/1/1019 1022/1/1022
f 1036/1/1036 1002/1/1002 1034/1/1034
f 1034/1/1034 999/1/999 1035/1/1035
f 1047/1/1047 1035/1/1035 1023/1/1023
f 1025/1/1025 1024/1/1024 1036/1/1036
f 1048/1/1048 1022/1/1022 1025/1/1025
f 1038/1/1038 1037/1/1037 1004/1/1004
f 1050/1/1049 1026/1/1026 1037/1/1037
f 1051/1/1050 1038/1/1038 1027/1/1027
f 1052/1/1051 1027/1/1027 1039/1/1039
f 1052/1/1051 1039/1/1039 1028/1/1028
f 1028/1/1028 1040/1/1040 1043/1/1043
f 1042/1/1042 1029/1/1029 1041/1/1041
f 1041/1/1041 1009/1/1009 1044/1/1044
f 1043/1/1043 1040/1/1040 1017/1/1017
f 1043/1/1043 1030/1/1030 1042/1/1042
f 1053/1/1052 1044/1/1044 1021/1/1021
f 1045/1/1045 1031/1/1031 1054/1/1053
f 1055/1/1054 1033/1/1033 1032/1/1032
f 1032/1/1032 1045/1/1045 1054/1/1053
f 1031/1/1031 1046/1/1046 1056/1/1055
f 1021/1/1021 1033/1/1033 1057/1/1056
f 1046/1/1046 1022/1/1022 1056/1/1055
f 1036/1/1036 1034/1/1034 1035/1/1035
f 1058/1/1057 1035/1/1035 1047/1/1047
f 1059/1/1058 1025/1/1025 1036/1/1036
f 1048/1/1048 1025/1/1025 1060/1/1059
f 1056/1/1055 1022/1/1022 1048/1/1048
f 1050/1/1049 1049/1/1060 1026/1/1026
f 1061/1/1061 1037/1/1037 1038/1/1038
f 1061/1/1061 1050/1/1049 1037/1/1037
f 1051/1/1050 1027/1/1027 1052/1/1051
f 1062/1/1062 1038/1/1038 1051/1/1050
f 1052/1/1051 1028/1/1028 1063/1/1063
f 1063/1/1063 1028/1/1028 1043/1/1043
f 1064/1/1064 1042/1/1042 1041/1/1041
f 1041/1/1041 1044/1/1044 1053/1/1052
f 1065/1/1065 1043/1/1043 1042/1/1042
f 1053/1/1052 1021/1/1021 1057/1/1056
f 1054/1/1053 1031/1/1031 1066/1/1066
f 1057/1/1056 1033/1/1033 1055/1/1054
f 1055/1/1054 1032/1/1032 1067/1/1067
f 1068/1/1068 1032/1/1032 1054/1/1053
f 1066/1/1066 1031/1/1031 1056/1/1055
f 1036/1/1036 1035/1/1035 1058/1/1057
f 1060/1/1059 1025/1/1025 1059/1/1058
f 1059/1/1058 1036/1/1036 1069/1/1069
f 1056/1/1055 1048/1/1048 1060/1/1059
f 1070/1/1070 1061/1/1061 1038/1/1038
f 1071/1/1071 1050/1/1049 1061/1/1061
f 1062/1/1062 1051/1/1050 1052/1/1051
f 1070/1/1070 1038/1/1038 1062/1/1062
f 1052/1/1051 1063/1/1063 1072/1/1072
f 1072/1/1072 1063/1/1063 1043/1/1043
f 1073/1/1073 1042/1/1042 1064/1/1064
f 1074/1/1074 1064/1/1064 1041/1/1041
f 1075/1/1075 1041/1/1041 1053/1/1052
f 1073/1/1073 1065/1/1065 1042/1/1042
f 1072/1/1072 1043/1/1043 1065/1/1065
f 1076/1/1076 1053/1/1052 1057/1/1056
f 1054/1/1053 1066/1/1066 1077/1/1077
f 1057/1/1056 1055/1/1054 1067/1/1067
f 1067/1/1067 1032/1/1032 1068/1/1068
f 1068/1/1068 1054/1/1053 1078/1/1078
f 1066/1/1066 1056/1/1055 1077/1/1077
f 1069/1/1069 1036/1/1036 1058/1/1057
f 1060/1/1059 1059/1/1058 1069/1/1069
f 1080/1/1079 1056/1/1055 1060/1/1059
f 1081/1/1080 1061/1/1061 1070/1/1070
f 1082/1/1081 1071/1/1071 1061/1/1061
f 1083/1/1082 1062/1/1062 1052/1/1051
f 1081/1/1080 1070/1/1070 1062/1/1062
f 1083/1/1082 1052/1/1051 1072/1/1072
f 1073/1/1073 1064/1/1064 1074/1/1074
f 1074/1/1074 1041/1/1041 1075/1/1075
f 1075/1/1075 1053/1/1052 1076/1/1076
f 1072/1/1072 1065/1/1065 1073/1/1073
f 1076/1/1076 1057/1/1056 1084/1/1083
f 1085/1/1084 1054/1/1053 1077/1/1077
f 1086/1/1085 1057/1/1056 1067/1/1067
f 1067/1/1067 1068/1/1068 1078/1/1078
f 1078/1/1078 1054/1/1053 1085/1/1084
f 1077/1/1077 1056/1/1055 1080/1/1079
f 1079/1/1086 1069/1/1069 1058/1/1057
f 1060/1/1059 1069/1/1069 1087/1/1087
f 1080/1/1079 1060/1/1059 1088/1/1088
f 1082/1/1081 1061/1/1061 1081/1/1080
f 1089/1/1089 1062/1/1062 1083/1/1082
f 1090/1/1090 1081/1/1080 1062/1/1062
f 1089/1/1089 1083/1/1082 1072/1/1072
f 1091/1/1091 1073/1/1073 1074/1/1074
f 1092/1/1092 1074/1/1074 1075/1/1075
f 1075/1/1075 1076/1/1076 1084/1/1083
f 1093/1/1093 1072/1/1072 1073/1/1073
f 1084/1/1083 1057/1/1056 1086/1/1085
f 1085/1/1084 1077/1/1077 1094/1/1094
f 1086/1/1085 1067/1/1067 1095/1/1095
f 1096/1/1096 1067/1/1067 1078/1/1078
f 1078/1/1078 1085/1/1084 1094/1/1094
f 1077/1/1077 1080/1/1079 1088/1/1088
f 1087/1/1087 1069/1/1069 1079/1/1086
f 1088/1/1088 1060/1/1059 1087/1/1087
f 1097/1/1097 1082/1/1081 1081/1/1080
f 1090/1/1090 1062/1/1062 1089/1/1089
f 1098/1/1098 1081/1/1080 1090/1/1090
f 1093/1/1093 1089/1/1089 1072/1/1072
f 1091/1/1091 1099/1/1099 1073/1/1073
f 1091/1/1091 1074/1/1074 1092/1/1092
f 1092/1/1092 1075/1/1075 1100/1/1100
f 1100/1/1100 1075/1/1075 1084/1/1083
f 1099/1/1099 1093/1/1093 1073/1/1073
f 1084/1/1083 1086/1/1085 1095/1/1095
f 1094/1/1094 1077/1/1077 1101/1/1101
f 1095/1/1095 1067/1/1067 1096/1/1096
f 1096/1/1096 1078/1/1078 1102/1/1102
f 1103/1/1103 1078/1/1078 1094/1/1094
f 1101/1/1101 1077/1/1077 1088/1/1088
f 1104/1/1104 1088/1/1088 1087/1/1087
f 1105/1/1105 1082/1/1081 1097/1/1097
f 1106/1/1106 1097/1/1097 1081/1/1080
f 1098/1/1098 1090/1/1090 1089/1/1089
f 1106/1/1106 1081/1/1080 1098/1/1098
f 1099/1/1099 1089/1/1089 1093/1/1093
f 1108/1/1107 1099/1/1099 1091/1/1091
f 1109/1/1108 1091/1/1091 1092/1/1092
f 1092/1/1092 1100/1/1100 1110/1/1109
f 1110/1/1109 1100/1/1100 1084/1/1083
f 1111/1/1110 1084/1/1083 1095/1/1095
f 1094/1/1094 1101/1/1101 1112/1/1111
f 1095/1/1095 1096/1/1096 1102/1/1102
f 1102/1/1102 1078/1/1078 1103/1/1103
f 1113/1/1112 1103/1/1103 1094/1/1094
f 1112/1/1111 1101/1/1101 1088/1/1088
f 1114/1/1113 1088/1/1088 1104/1/1104
f 1105/1/1105 1097/1/1097 1115/1/1114
f 1105/1/1105 1107/1/1115 1082/1/1081
f 1115/1/1114 1097/1/1097 1106/1/1106
f 1116/1/1116 1098/1/1098 1089/1/1089
f 1115/1/1114 1106/1/1106 1098/1/1098
f 1116/1/1116 1089/1/1089 1099/1/1099
f 1108/1/1107 1117/1/1117 1099/1/1099
f 1118/1/1118 1108/1/1107 1091/1/1091
f 1109/1/1108 1118/1/1118 1091/1/1091
f 1109/1/1108 1092/1/1092 1119/1/1119
f 1119/1/1119 1092/1/1092 1110/1/1109
f 1110/1/1109 1084/1/1083 1120/1/1120
f 1084/1/1083 1111/1/1110 1121/1/1121
f 1111/1/1110 1095/1/1095 1122/1/1122
f 1123/1/1123 1094/1/1094 1112/1/1111
f 1124/1/1124 1095/1/1095 1102/1/1102
f 1102/1/1102 1103/1/1103 1113/1/1112
f 1113/1/1112 1094/1/1094 1123/1/1123
f 1112/1/1111 1088/1/1088 1114/1/1113
f 1125/1/1125 1105/1/1105 1115/1/1114
f 1117/1/1117 1098/1/1098 1116/1/1116
f 1127/1/1126 1115/1/1114 1098/1/1098
f 1117/1/1117 1116/1/1116 1099/1/1099
f 1118/1/1118 1117/1/1117 1108/1/1107
f 1109/1/1108 1128/1/1127 1118/1/1118
f 1119/1/1119 1129/1/1128 1109/1/1108
f 1119/1/1119 1110/1/1109 1130/1/1129
f 1120/1/1120 1084/1/1083 1121/1/1121
f 1110/1/1109 1120/1/1120 1131/1/1130
f 1121/1/1121 1111/1/1110 1122/1/1122
f 1122/1/1122 1095/1/1095 1124/1/1124
f 1132/1/1131 1123/1/1123 1112/1/1111
f 1133/1/1132 1124/1/1124 1102/1/1102
f 1134/1/1133 1102/1/1102 1113/1/1112
f 1113/1/1112 1123/1/1123 1132/1/1131
f 1135/1/1134 1112/1/1111 1114/1/1113
f 1125/1/1125 1126/1/1135 1105/1/1105
f 1136/1/1136 1125/1/1125 1115/1/1114
f 1127/1/1126 1098/1/1098 1117/1/1117
f 1137/1/1137 1115/1/1114 1127/1/1126
f 1138/1/1138 1117/1/1117 1118/1/1118
f 1128/1/1127 1138/1/1138 1118/1/1118
f 1129/1/1128 1128/1/1127 1109/1/1108
f 1139/1/1139 1129/1/1128 1119/1/1119
f 1139/1/1139 1119/1/1119 1130/1/1129
f 1130/1/1129 1110/1/1109 1131/1/1130
f 1131/1/1130 1120/1/1120 1121/1/1121
f 1121/1/1121 1122/1/1122 1140/1/1140
f 1122/1/1122 1124/1/1124 1133/1/1132
f 1132/1/1131 1112/1/1111 1141/1/1141
f 1133/1/1132 1102/1/1102 1134/1/1133
f 1134/1/1133 1113/1/1112 1142/1/1142
f 1142/1/1142 1113/1/1112 1132/1/1131
f 1141/1/1141 1112/1/1111 1135/1/1134
f 1126/1/1135 1125/1/1125 1136/1/1136
f 1136/1/1136 1115/1/1114 1137/1/1137
f 1137/1/1137 1127/1/1126 1117/1/1117
f 1138/1/1138 1137/1/1137 1117/1/1117
f 1128/1/1127 1143/1/1143 1138/1/1138
f 1144/1/1144 1128/1/1127 1129/1/1128
f 1130/1/1129 1131/1/1130 1145/1/1145
f 1131/1/1130 1121/1/1121 1146/1/1146
f 1140/1/1140 1122/1/1122 1133/1/1132
f 1146/1/1146 1121/1/1121 1140/1/1140
f 1147/1/1147 1132/1/1131 1141/1/1141
f 1148/1/1148 1133/1/1132 1134/1/1133
f 1149/1/1149 1134/1/1133 1142/1/1142
f 1142/1/1142 1132/1/1131 1147/1/1147
f 1150/1/1150 1126/1/1135 1136/1/1136
f 1151/1/1151 1136/1/1136 1137/1/1137
f 1138/1/1138 1151/1/1151 1137/1/1137
f 1144/1/1144 1143/1/1143 1128/1/1127
f 1143/1/1143 1151/1/1151 1138/1/1138
f 1145/1/1145 1131/1/1130 1146/1/1146
f 1140/1/1140 1133/1/1132 1148/1/1148
f 1146/1/1146 1140/1/1140 1152/1/1152
f 1148/1/1148 1134/1/1133 1149/1/1149
f 1153/1/1153 1150/1/1150 1136/1/1136
f 1151/1/1151 1153/1/1153 1136/1/1136
f 1152/1/1152 1140/1/1140 1148/1/1148
f 1154/1/1154 1153/1/1153 1151/1/1151
usemtl Color_M08
f 1155/1/1155 1156/1/1156 1157/1/1157
f 1157/1/1157 1156/1/1156 1158/1/1158
f 1159/1/1159 1160/1/1160 1161/1/1161
f 1162/1/1162 1163/1/1163 1161/1/1161
f 1164/1/1164 1155/1/1155 1157/1/1157
f 1165/1/1165 1157/1/1157 1158/1/1158
f 1161/1/1161 1160/1/1160 1166/1/1166
f 1159/1/1159 1167/1/1167 1160/1/1160
f 1168/1/1168 1163/1/1163 1162/1/1162
f 1162/1/1162 1161/1/1161 1169/1/1169
f 1170/1/1170 1171/1/1171 1159/1/1159
f 1172/1/1172 1164/1/1164 1157/1/1157
f 1165/1/1165 1158/1/1158 1173/1/1173
f 1172/1/1172 1157/1/1157 1165/1/1165
f 1160/1/1160 1174/1/1174 1166/1/1166
f 1169/1/1169 1161/1/1161 1166/1/1166
f 1159/1/1159 1171/1/1171 1167/1/1167
f 1167/1/1167 1175/1/1175 1160/1/1160
f 1176/1/1176 1168/1/1168 1162/1/1162
f 1177/1/1177 1162/1/1162 1169/1/1169
f 1178/1/1178 1171/1/1171 1170/1/1170
f 1179/1/1179 1164/1/1164 1172/1/1172
f 1180/1/1180 1165/1/1165 1173/1/1173
f 1181/1/1181 1172/1/1172 1165/1/1165
f 1174/1/1174 1182/1/1182 1166/1/1166
f 1160/1/1160 1175/1/1175 1174/1/1174
f 1183/1/1183 1169/1/1169 1166/1/1166
f 1171/1/1171 1184/1/1184 1167/1/1167
f 1176/1/1176 1162/1/1162 1177/1/1177
f 1171/1/1171 1178/1/1178 1184/1/1184
f 1187/1/1185 1188/1/1186 1168/1/1187
f 1179/1/1179 1172/1/1172 1181/1/1181
f 1165/1/1165 1180/1/1180 1189/1/1188
f 1180/1/1180 1173/1/1173 1190/1/1189
f 1191/1/1190 1181/1/1181 1165/1/1165
f 1192/1/1191 1166/1/1166 1182/1/1182
f 1193/1/1192 1182/1/1182 1174/1/1174
f 1175/1/1175 1194/1/1193 1174/1/1174
f 1183/1/1183 1166/1/1166 1192/1/1191
f 1186/1/1194 1169/1/1169 1183/1/1183
f 1185/1/1195 1187/1/1185 1168/1/1187
f 1178/1/1178 1196/1/1196 1184/1/1184
f 1188/1/1186 1187/1/1185 1197/1/1197
f 1198/1/1198 1179/1/1179 1181/1/1181
f 1199/1/1199 1165/1/1165 1189/1/1188
f 1189/1/1188 1180/1/1180 1200/1/1200
f 1180/1/1180 1190/1/1189 1200/1/1200
f 1193/1/1192 1201/1/1201 1182/1/1182
f 1192/1/1191 1182/1/1182 1202/1/1202
f 1191/1/1190 1203/1/1203 1181/1/1181
f 1191/1/1190 1165/1/1165 1204/1/1204
f 1194/1/1193 1193/1/1192 1174/1/1174
f 1192/1/1191 1205/1/1205 1183/1/1183
f 1195/1/1206 1186/1/1194 1183/1/1183
f 1197/1/1197 1187/1/1185 1185/1/1195
f 1178/1/1178 1207/1/1207 1196/1/1196
f 1207/1/1207 1178/1/1178 1197/1/1208
f 1203/1/1203 1198/1/1198 1181/1/1181
f 1165/1/1165 1199/1/1199 1208/1/1209
f 1199/1/1199 1189/1/1188 1209/1/1210
f 1189/1/1188 1200/1/1200 1209/1/1210
f 1210/1/1211 1201/1/1201 1211/1/1212
f 1212/1/1213 1202/1/1202 1210/1/1211
f 1193/1/1192 1213/1/1214 1201/1/1201
f 1212/1/1213 1192/1/1191 1202/1/1202
f 1214/1/1215 1215/1/1216 1216/1/1217
f 1217/1/1218 1216/1/1217 1218/1/1219
f 1219/1/1220 1217/1/1218 1220/1/1221
f 1221/1/1222 1214/1/1215 1222/1/1223
f 1204/1/1204 1165/1/1165 1223/1/1224
f 1205/1/1205 1224/1/1225 1183/1/1183
f 1212/1/1213 1205/1/1205 1192/1/1191
f 1224/1/1225 1195/1/1206 1183/1/1183
f 1207/1/1207 1226/1/1226 1196/1/1196
f 1207/1/1207 1197/1/1208 1218/1/1219
f 1223/1/1224 1165/1/1165 1208/1/1209
f 1208/1/1209 1199/1/1199 1227/1/1227
f 1227/1/1227 1199/1/1199 1209/1/1210
f 1210/1/1211 1211/1/1212 1228/1/1228
f 1229/1/1229 1211/1/1212 1201/1/1201
f 1230/1/1230 1212/1/1213 1210/1/1211
f 1229/1/1229 1201/1/1201 1213/1/1214
f 1215/1/1216 1231/1/1231 1216/1/1217
f 1232/1/1232 1215/1/1216 1214/1/1215
f 1218/1/1219 1216/1/1217 1207/1/1207
f 1220/1/1221 1217/1/1218 1218/1/1219
f 1233/1/1233 1219/1/1220 1220/1/1221
f 1221/1/1222 1232/1/1232 1214/1/1215
f 1221/1/1222 1222/1/1223 1234/1/1234
f 1235/1/1235 1219/1/1220 1236/1/1236
f 1212/1/1213 1237/1/1237 1205/1/1205
f 1197/1/1208 1206/1/1238 1238/1/1239
f 1238/1/1239 1206/1/1238 1225/1/1240
f 1207/1/1207 1231/1/1231 1226/1/1226
f 1218/1/1219 1197/1/1208 1238/1/1239
f 1239/1/1241 1235/1/1235 1240/1/1242
f 1241/1/1243 1234/1/1234 1239/1/1241
f 1242/1/1244 1210/1/1211 1228/1/1228
f 1228/1/1228 1211/1/1212 1243/1/1245
f 1244/1/1246 1211/1/1212 1229/1/1229
f 1212/1/1213 1230/1/1230 1237/1/1237
f 1230/1/1230 1210/1/1211 1242/1/1244
f 1216/1/1217 1231/1/1231 1207/1/1207
f 1218/1/1219 1238/1/1239 1220/1/1221
f 1233/1/1233 1220/1/1221 1245/1/1247
f 1219/1/1220 1233/1/1233 1236/1/1236
f 1232/1/1232 1221/1/1222 1241/1/1243
f 1241/1/1243 1221/1/1222 1234/1/1234
f 1235/1/1235 1236/1/1236 1240/1/1242
f 1239/1/1241 1240/1/1242 1247/1/1248
f 1248/1/1249 1241/1/1243 1239/1/1241
f 1249/1/1250 1242/1/1244 1228/1/1228
f 1250/1/1251 1243/1/1245 1211/1/1212
f 1249/1/1250 1228/1/1228 1243/1/1245
f 1244/1/1246 1250/1/1251 1211/1/1212
f 1220/1/1221 1238/1/1239 1251/1/1252
f 1233/1/1233 1245/1/1247 1236/1/1236
f 1220/1/1221 1251/1/1252 1245/1/1247
f 1248/1/1249 1232/1/1232 1241/1/1243
f 1236/1/1236 1252/1/1253 1240/1/1242
f 1246/1/1254 1251/1/1252 1238/1/1239
f 1253/1/1255 1239/1/1241 1247/1/1248
f 1240/1/1242 1254/1/1256 1247/1/1248
f 1253/1/1255 1248/1/1249 1239/1/1241
f 1249/1/1250 1255/1/1257 1242/1/1244
f 1254/1/1256 1243/1/1245 1250/1/1251
f 1254/1/1256 1249/1/1250 1243/1/1245
f 1256/1/1258 1250/1/1251 1244/1/1246
f 1245/1/1247 1257/1/1259 1236/1/1236
f 1258/1/1260 1245/1/1247 1251/1/1252
f 1240/1/1242 1252/1/1253 1249/1/1250
f 1236/1/1236 1257/1/1259 1252/1/1253
f 1258/1/1260 1251/1/1252 1246/1/1254
f 1253/1/1255 1247/1/1248 1256/1/1258
f 1247/1/1248 1254/1/1256 1250/1/1251
f 1240/1/1242 1249/1/1250 1254/1/1256
f 1252/1/1253 1255/1/1257 1249/1/1250
f 1256/1/1258 1247/1/1248 1250/1/1251
f 1245/1/1247 1259/1/1261 1257/1/1259
f 1257/1/1259 1261/1/1262 1252/1/1253
f 1252/1/1253 1261/1/1262 1255/1/1257
f 1257/1/1259 1259/1/1261 1261/1/1262
f 1260/1/1263 1259/1/1261 1245/1/1247
