# Blender 4.2.14 LTS
# www.blender.org
mtllib car_wheel.mtl
o Mercedes_Benz_GLS_580.002
v 0.081074 -0.165577 0.230011
v 0.081074 -0.199287 0.201207
v 0.131427 -0.223184 0.224997
v 0.016811 -0.190646 0.208675
v 0.081074 -0.228091 0.167497
v 0.131427 -0.185419 0.257214
v 0.016807 -0.220730 0.176244
v 0.011936 -0.173791 0.223077
v 0.011559 -0.233745 0.158322
v 0.131427 -0.255401 0.187232
v 0.081074 -0.127812 0.253161
v 0.201942 -0.185419 0.257214
v -0.022726 -0.208718 0.191758
v 0.016833 -0.245373 0.139440
v 0.081074 -0.251347 0.129625
v 0.201942 -0.223184 0.224997
v 0.131427 -0.143067 0.283138
v -0.022726 -0.229051 0.168137
v 0.016843 -0.206328 0.193100
v -0.022726 -0.191180 0.208248
v 0.010114 -0.155869 0.236092
v -0.022726 -0.245831 0.140420
v 0.131427 -0.281324 0.144987
v 0.201942 -0.255401 0.187232
v 0.131427 -0.097195 0.302127
v 0.201942 -0.143067 0.283138
v -0.039154 -0.207984 0.192582
v 0.009609 -0.136986 0.247613
v 0.016839 -0.255401 0.119811
v 0.016824 -0.263935 0.099328
v 0.201942 -0.281324 0.144987
v 0.131427 -0.300313 0.099115
v 0.081074 -0.086847 0.270123
v -0.039154 -0.229051 0.168137
v -0.039154 -0.245733 0.140586
v -0.039154 -0.174644 0.223717
v -0.022726 -0.174644 0.223717
v -0.022726 -0.158600 0.235629
v 0.009549 -0.117251 0.257641
v -0.039154 -0.265109 0.099328
v 0.081074 -0.268309 0.088660
v 0.201942 -0.300313 0.099115
v 0.201942 -0.097195 0.302127
v 0.081074 -0.043641 0.280471
v 0.009787 -0.270869 0.078312
v 0.131427 -0.311835 0.050895
v 0.201942 -0.048975 0.313755
v 0.131427 -0.048975 0.313755
v 0.009715 -0.075645 0.272896
v 0.009510 -0.096768 0.266069
v -0.022726 -0.271474 0.080156
v 0.010280 -0.275990 0.056763
v 0.201942 -0.311835 0.050895
v 0.081074 -0.278657 0.045561
v 0.131427 0.000524 0.317702
v 0.009673 -0.054203 0.278017
v -0.039154 -0.158270 0.235869
v -0.022726 -0.128345 0.254227
v -0.039154 -0.270819 0.082264
v 0.201942 -0.315782 0.001396
v 0.081074 -0.282071 0.001396
v 0.081074 0.000524 0.283991
v 0.009668 -0.032227 0.281431
v -0.022726 -0.087167 0.271296
v -0.039154 -0.279831 0.045775
v 0.009610 -0.279511 0.034893
v 0.131427 -0.315782 0.001396
v 0.009586 -0.281217 0.012811
v 0.201942 0.000524 0.317702
v 0.081074 0.044690 0.280471
v -0.022726 -0.043855 0.281644
v -0.039154 -0.128345 0.254227
v -0.039154 -0.087167 0.271296
v -0.022726 -0.279831 0.045775
v 0.131427 -0.311835 -0.048104
v 0.009783 -0.281324 -0.009379
v 0.081074 -0.278657 -0.042876
v 0.201942 0.050024 0.313755
v 0.016826 0.011939 0.283138
v 0.131427 0.050024 0.313755
v 0.009769 -0.010251 0.283138
v -0.022726 -0.008889 0.284418
v -0.039154 -0.283244 0.001396
v -0.022726 -0.283244 0.001396
v 0.201942 -0.311835 -0.048104
v -0.022726 -0.279831 -0.042983
v 0.016853 -0.279617 -0.031461
v 0.016843 0.055891 0.277910
v 0.131427 0.098243 0.302127
v -0.039154 -0.043855 0.281644
v 0.201942 -0.300313 -0.096323
v 0.131427 -0.300313 -0.096323
v 0.009492 -0.279617 -0.031461
v 0.016727 -0.270976 -0.074880
v 0.201942 0.098243 0.302127
v 0.081074 0.087895 0.270123
v -0.039154 -0.008382 0.284418
v 0.081074 -0.268309 -0.085975
v -0.022726 -0.270051 -0.081979
v 0.016729 -0.276203 -0.053331
v 0.011265 0.077440 0.272683
v -0.039154 0.011619 0.284204
v 0.131427 0.144115 0.283138
v -0.039154 -0.279831 -0.042983
v 0.201942 -0.281324 -0.142195
v 0.131427 -0.281324 -0.142195
v 0.009975 -0.264149 -0.095896
v -0.022726 0.056954 0.278541
v 0.081074 0.128860 0.253161
v -0.022726 0.034022 0.281431
v 0.201942 0.144115 0.283138
v 0.081074 -0.251347 -0.126940
v -0.022726 -0.265109 -0.096536
v -0.039154 -0.271277 -0.078092
v -0.022726 -0.255508 -0.117019
v -0.022726 0.088215 0.271296
v 0.016848 0.034022 0.281431
v 0.011100 0.098456 0.265856
v -0.039154 0.056644 0.278609
v 0.201942 0.186467 0.257214
v 0.081074 0.166625 0.230011
v 0.131427 -0.255401 -0.184547
v 0.081074 -0.228091 -0.164704
v -0.039154 -0.265109 -0.096536
v 0.009775 -0.255721 -0.116378
v -0.039154 0.088215 0.271296
v 0.010317 0.118939 0.257321
v 0.131427 0.186467 0.257214
v 0.009968 0.157450 0.235665
v 0.201942 -0.255401 -0.184547
v 0.009666 -0.234172 -0.154997
v -0.039154 -0.245784 -0.137710
v -0.022726 -0.244881 -0.139249
v 0.010480 -0.245693 -0.136114
v -0.022726 0.116053 0.259572
v 0.009714 0.138674 0.247293
v 0.201942 0.224125 0.224997
v 0.009835 0.175372 0.222650
v 0.081074 0.200336 0.201207
v 0.081074 -0.199287 -0.198522
v 0.131427 -0.223184 -0.222312
v 0.009658 -0.221157 -0.172919
v -0.039154 0.118173 0.258656
v 0.131427 0.224125 0.224997
v -0.022726 0.157877 0.236732
v -0.022726 0.138034 0.247613
v 0.016833 -0.206862 -0.189774
v 0.201942 -0.223184 -0.222312
v -0.022726 -0.229051 -0.165451
v 0.131427 0.256449 0.187232
v 0.009727 0.192228 0.208248
v -0.022726 0.169575 0.228425
v 0.016838 -0.174324 -0.219858
v 0.131427 -0.185419 -0.254529
v -0.022726 -0.208181 -0.189569
v -0.039154 -0.229051 -0.165451
v -0.039154 0.157845 0.236750
v 0.201942 0.256449 0.187232
v 0.009515 0.207803 0.192566
v 0.081074 0.229139 0.167497
v 0.081074 -0.165576 -0.227325
v 0.201942 -0.185419 -0.254529
v -0.022726 -0.191180 -0.205563
v -0.039154 -0.208558 -0.189146
v 0.201942 0.282372 0.144987
v 0.011551 0.222205 0.175711
v -0.039154 0.174224 0.224975
v 0.081074 0.252395 0.129625
v 0.009717 -0.156402 -0.232980
v 0.081074 -0.127812 -0.250475
v 0.131427 -0.143067 -0.280452
v -0.039154 -0.174663 -0.220907
v 0.016853 -0.191180 -0.205456
v 0.131427 0.282372 0.144987
v -0.022726 0.201189 0.202061
v 0.010167 -0.137626 -0.244501
v 0.201942 -0.143067 -0.280452
v 0.201942 0.301361 0.099115
v -0.022726 0.230099 0.168137
v -0.039154 0.201189 0.202061
v 0.011479 0.235220 0.157789
v 0.131427 0.301361 0.099115
v -0.022726 -0.158128 -0.233286
v 0.009624 -0.117891 -0.254636
v 0.131427 -0.097195 -0.299441
v 0.009695 0.246741 0.138906
v 0.081074 0.269357 0.088660
v -0.039154 -0.158129 -0.233284
v 0.009588 -0.097408 -0.263063
v 0.081074 -0.086847 -0.267437
v 0.201942 -0.097195 -0.299441
v 0.201942 0.312883 0.050896
v -0.039154 0.230099 0.168137
v 0.009585 0.256769 0.119171
v 0.081074 0.279705 0.045562
v -0.022726 -0.128345 -0.251542
v 0.081074 -0.043641 -0.277785
v 0.131427 -0.048975 -0.311069
v 0.131427 0.312883 0.050896
v -0.039154 0.253355 0.130265
v -0.022726 0.253355 0.130265
v 0.013343 0.265197 0.098688
v -0.039154 -0.128345 -0.251542
v 0.009791 -0.076392 -0.269997
v -0.022726 -0.087167 -0.268504
v 0.016778 -0.054843 -0.275118
v 0.201942 -0.048975 -0.311069
v 0.131427 0.316830 0.001396
v -0.022726 0.267519 0.095745
v 0.081074 0.283119 0.001396
v 0.011559 0.272024 0.077566
v -0.039154 -0.087167 -0.268504
v -0.022726 -0.043855 -0.278958
v 0.016728 -0.010891 -0.280452
v 0.131427 0.000524 -0.314910
v 0.201942 0.000524 -0.314910
v 0.201942 0.316830 0.001396
v 0.009926 0.282372 0.012064
v -0.015368 0.277231 0.056016
v 0.011921 0.011192 -0.280452
v 0.081074 0.000524 -0.281305
v 0.131427 0.312883 -0.048103
v -0.039154 0.267008 0.097299
v 0.016775 0.282266 -0.010019
v 0.010433 0.280665 0.034147
v -0.039154 0.272985 0.078206
v -0.022726 -0.008970 -0.281732
v -0.039154 -0.043855 -0.278958
v -0.022726 0.034022 -0.278745
v 0.131427 0.050024 -0.311069
v 0.201942 0.050024 -0.311069
v 0.081074 0.279705 -0.042876
v 0.201942 0.312883 -0.048103
v -0.022726 0.282799 0.021132
v -0.039154 0.281558 0.033442
v 0.009492 -0.032973 -0.278638
v -0.022726 0.057703 -0.275690
v -0.022726 0.011619 -0.281519
v 0.016810 0.033275 -0.278745
v 0.081074 0.044690 -0.277785
v 0.081074 0.269357 -0.085975
v 0.201942 0.301361 -0.096323
v -0.022726 0.284293 0.001396
v 0.016819 0.277038 -0.053971
v 0.016853 -0.032973 -0.278638
v -0.039154 -0.008382 -0.281732
v -0.039154 0.056789 -0.275891
v -0.039154 0.011619 -0.281519
v 0.131427 0.098243 -0.299441
v 0.201942 0.098243 -0.299441
v 0.131427 0.301361 -0.096323
v -0.022726 0.281766 -0.028668
v -0.022726 0.088215 -0.268504
v 0.016844 0.055144 -0.275331
v 0.016810 0.076694 -0.270211
v 0.081074 0.087895 -0.267437
v 0.012894 0.271811 -0.075520
v 0.081074 0.252395 -0.126940
v 0.201942 0.282372 -0.142195
v -0.039154 0.284293 0.001396
v 0.016843 0.280559 -0.032101
v -0.039154 0.088215 -0.268504
v 0.011634 0.097816 -0.263383
v 0.131427 0.144115 -0.280452
v -0.022726 0.277252 -0.053331
v 0.131427 0.282372 -0.142195
v -0.039154 0.281604 -0.030286
v -0.022726 0.117876 -0.255991
v 0.016834 0.118299 -0.254849
v 0.081074 0.128860 -0.250475
v 0.201942 0.144115 -0.280452
v 0.010111 0.264983 -0.096536
v 0.131427 0.256449 -0.184547
v 0.201942 0.256449 -0.184547
v -0.039154 0.272985 -0.075520
v -0.039154 0.118302 -0.255807
v 0.131427 0.186467 -0.254529
v 0.201942 0.186467 -0.254529
v -0.022726 0.272985 -0.075520
v 0.009574 0.256449 -0.117019
v 0.081074 0.229139 -0.164704
v -0.022726 0.138034 -0.244928
v 0.016847 0.138034 -0.244821
v 0.016826 0.156917 -0.233299
v 0.081074 0.166625 -0.227325
v 0.009514 0.246421 -0.136754
v 0.131427 0.224125 -0.222311
v 0.009781 0.234793 -0.155636
v -0.039154 0.157877 -0.233940
v 0.081074 0.200336 -0.198522
v 0.201942 0.224125 -0.222311
v -0.039154 0.266896 -0.094949
v -0.022726 0.269357 -0.087362
v 0.009792 0.174839 -0.220285
v 0.009690 0.191694 -0.205989
v -0.022726 0.266797 -0.095256
v 0.010396 0.221778 -0.173559
v -0.022726 0.174529 -0.222062
v 0.009731 0.207376 -0.190307
v -0.022726 0.253356 -0.127473
v -0.039154 0.174263 -0.222255
v -0.022726 0.201189 -0.199269
v -0.022726 0.230099 -0.165451
v -0.039154 0.201189 -0.199269
v -0.039154 0.253356 -0.127473
v -0.039154 0.230099 -0.165451
v 0.009492 0.278639 -0.088962
v 0.009492 0.291333 -0.029221
v 0.009492 0.291333 0.031907
v -0.047582 0.316617 -0.101337
v -0.047582 0.288346 -0.164811
v 0.009492 0.278639 0.091754
v -0.047582 0.331018 -0.033382
v 0.009492 0.217831 -0.194361
v -0.047582 0.316617 0.104022
v -0.047582 0.331018 0.036067
v -0.064011 0.324831 -0.067519
v -0.047582 0.247488 -0.221031
v 0.009492 0.253782 0.147547
v -0.064011 0.330165 -0.033275
v 0.009492 0.172385 -0.235220
v -0.047582 0.288346 0.167497
v -0.064011 0.324831 0.070311
v -0.047582 0.195855 -0.267544
v 0.201942 0.344247 0.001396
v 0.201942 0.339979 -0.052371
v 0.201942 0.316830 0.001396
v 0.201942 0.339979 0.055163
v 0.201942 0.312883 0.050896
v 0.009492 0.217831 0.197047
v -0.047582 0.247488 0.223717
v 0.009492 0.119472 -0.265837
v 0.201942 0.327391 0.107543
v 0.201942 0.327391 -0.104857
v -0.047582 0.135687 -0.302215
v 0.201942 0.306695 -0.154676
v 0.201942 0.256449 -0.184547
v 0.201942 0.306695 0.157362
v 0.201942 0.312883 -0.048103
v 0.009492 0.172385 0.238012
v -0.047582 0.069653 -0.323657
v -0.064011 0.166305 -0.285679
v 0.201942 0.278532 -0.200655
v 0.201942 0.282372 -0.142195
v 0.201942 0.301361 0.099115
v 0.201942 0.301361 -0.096323
v 0.201942 0.224125 0.224997
v 0.201942 0.278532 0.203341
v -0.047582 0.195855 0.270229
v -0.064011 0.102937 -0.313949
v -0.064011 0.135367 -0.301468
v -0.064011 0.163180 -0.299784
v -0.064011 0.166305 -0.285679
v 0.189887 0.202576 -0.276718
v 0.201942 0.243541 -0.241621
v 0.201942 0.224125 -0.222311
v 0.201942 0.282372 0.144987
v 0.201942 0.202576 0.279404
v 0.201942 0.243541 0.244413
v 0.201942 0.256449 0.187232
v 0.189887 0.202576 0.279404
v -0.047582 0.135687 0.305007
v 0.009492 0.000524 -0.291120
v -0.064011 0.135367 -0.301468
v 0.201942 0.202576 -0.276718
v 0.201942 0.202576 -0.276718
v 0.189887 0.000524 -0.329952
v 0.009492 0.119472 0.268523
v 0.201942 0.202576 0.279404
v 0.189887 0.156597 0.307567
v -0.064011 0.166305 0.288472
v -0.047582 0.000524 -0.331018
v 0.131427 0.000524 -0.329952
v 0.189887 0.156597 -0.304882
v 0.201942 0.156597 -0.304882
v 0.201942 0.186467 0.257214
v 0.201942 0.156597 0.307567
v 0.009492 0.061332 0.287405
v -0.064011 0.135367 0.304260
v -0.064011 0.172705 0.297219
v -0.047582 -0.068604 -0.323657
v 0.201942 0.156597 -0.304882
v 0.201942 0.186467 -0.254529
v 0.189887 -0.068391 -0.322697
v 0.131427 0.000524 0.332744
v 0.201942 0.156597 0.307567
v 0.189887 0.106777 0.328263
v -0.064011 0.146852 0.310879
v -0.064011 0.166305 0.288472
v -0.064011 0.135367 0.304260
v -0.064011 0.172705 0.297219
v 0.009492 -0.060283 -0.284719
v 0.201942 0.106777 -0.325471
v 0.201942 0.144115 -0.280452
v 0.189887 0.000524 0.332744
v 0.201942 0.144115 0.283138
v 0.201942 0.106777 0.328263
v -0.047582 0.000524 0.333704
v -0.072758 0.157510 0.305694
v 0.189887 0.106777 -0.325471
v 0.201942 0.098243 -0.299441
v 0.201942 0.106777 -0.325471
v 0.131427 -0.068391 0.325490
v 0.009492 0.000524 0.293806
v 0.189887 -0.068391 0.325490
v 0.201942 0.098243 0.302127
v 0.201942 0.054291 0.340851
v 0.201942 0.106777 0.328263
v 0.189887 0.054291 0.340851
v -0.064011 0.146852 0.310879
v 0.189887 0.054291 -0.338059
v 0.201942 0.054291 -0.338059
v 0.201942 0.050024 -0.311069
v 0.189887 -0.053243 -0.338059
v 0.189887 -0.105729 -0.325471
v 0.201942 -0.105729 -0.325471
v 0.189887 0.000524 -0.342326
v 0.201942 -0.053243 -0.338059
v 0.009492 -0.060284 0.287405
v 0.201942 0.050024 0.313755
v 0.201942 0.054291 0.340851
v 0.201942 -0.053243 0.340851
v 0.201942 0.000524 -0.342326
v 0.201942 0.054291 -0.338059
v 0.201942 -0.155549 -0.304882
v 0.189887 -0.134213 0.304047
v 0.131427 -0.134213 0.304047
v 0.189887 0.000524 0.345012
v 0.201942 0.000524 0.345012
v -0.047582 -0.068605 0.326450
v 0.189887 -0.155549 -0.304882
v 0.201942 0.000524 -0.342326
v 0.201942 -0.155549 -0.304882
v 0.201942 -0.105729 -0.325471
v 0.201942 -0.053243 -0.338059
v 0.201942 -0.053243 0.340851
v 0.189887 -0.053243 0.340851
v 0.201942 -0.105729 0.328263
v 0.189887 -0.105729 0.328263
v 0.201942 0.000524 0.317702
v 0.201942 0.000524 0.345012
v 0.201942 -0.201528 -0.276718
v 0.201942 0.000524 -0.314910
v 0.201942 -0.048975 -0.311069
v 0.131427 -0.194273 0.269376
v 0.189887 -0.155549 0.307567
v 0.201942 -0.048975 0.313755
v 0.189887 -0.201528 -0.276718
v 0.201942 -0.201528 -0.276718
v 0.201942 -0.143067 -0.280452
v 0.201942 -0.097195 -0.299441
v 0.189887 -0.194273 0.269376
v 0.201942 -0.155549 0.307567
v 0.201942 -0.105729 0.328263
v 0.201942 -0.155549 0.307567
v 0.201942 -0.097195 0.302127
v 0.189887 -0.242493 -0.241621
v 0.201942 -0.242493 -0.241621
v 0.201942 -0.242493 -0.241621
v 0.201942 -0.143067 0.283138
v 0.189887 -0.201528 0.279404
v 0.201942 -0.277484 -0.200656
v 0.189887 -0.277484 -0.200656
v 0.201942 -0.185419 -0.254529
v 0.201942 -0.185419 0.257214
v 0.201942 -0.201528 0.279404
v 0.201942 -0.305754 -0.154676
v 0.201942 -0.255401 -0.184547
v 0.201942 -0.277484 -0.200656
v 0.201942 -0.223184 -0.222312
v 0.189887 -0.242493 0.244413
v 0.201942 -0.223184 0.224997
v 0.201942 -0.242493 0.244413
v 0.201942 -0.201528 0.279404
v 0.189887 -0.305754 -0.154676
v 0.201942 -0.305754 -0.154676
v 0.201942 -0.242493 0.244413
v 0.201942 -0.326343 -0.104857
v 0.201942 -0.326343 -0.104857
v 0.189887 -0.277484 0.203341
v 0.201942 -0.255401 0.187232
v 0.189887 -0.326343 -0.104857
v 0.201942 -0.281324 -0.142195
v 0.201942 -0.277484 0.203341
v 0.189887 -0.305754 0.157362
v 0.201942 -0.277484 0.203341
v 0.189887 -0.338931 -0.052371
v 0.201942 -0.300313 -0.096323
v 0.201942 -0.305754 0.157362
v 0.201942 -0.326343 0.107542
v 0.201942 -0.343198 0.001396
v 0.189887 -0.343198 0.001396
v 0.201942 -0.338931 -0.052371
v 0.201942 -0.311835 -0.048104
v 0.201942 -0.305754 0.157362
v 0.201942 -0.326343 0.107542
v 0.189887 -0.326343 0.107542
v 0.201942 -0.281324 0.144987
v 0.201942 -0.338931 0.055163
v 0.201942 -0.315782 0.001396
v 0.201942 -0.338931 -0.052371
v 0.189887 -0.338931 0.055163
v 0.201942 -0.300313 0.099115
v 0.201942 -0.338931 0.055163
v 0.201942 -0.343198 0.001396
v 0.201942 -0.311835 0.050895
v -0.065077 -0.124399 -0.028901
v -0.055690 -0.126639 -0.024314
v -0.058997 -0.169524 -0.051411
v -0.046405 -0.129431 -0.018351
v -0.068385 -0.168244 -0.056638
v -0.042135 -0.091228 -0.017269
v -0.049601 -0.171445 -0.044903
v -0.056116 -0.212089 -0.074774
v -0.053983 -0.089727 -0.022820
v -0.033608 -0.100288 -0.011506
v -0.051635 -0.211235 -0.070506
v -0.037030 -0.172175 -0.044286
v -0.070518 -0.211876 -0.084695
v -0.038834 -0.072552 -0.016526
v -0.042565 -0.093244 0.001452
v -0.033929 -0.130694 -0.018127
v -0.063612 -0.251098 -0.099223
v -0.064651 -0.251560 -0.105284
v -0.044008 -0.064107 -0.018262
v -0.038728 -0.072646 -0.013634
v -0.039794 -0.078952 -0.007245
v -0.021243 -0.112172 0.001396
v -0.021979 -0.110957 -0.012453
v -0.021979 -0.110957 -0.012453
v -0.038836 -0.208565 -0.067739
v -0.053001 -0.241089 -0.087989
v -0.071798 -0.254974 -0.113391
v -0.038834 -0.063484 -0.016633
v -0.040434 -0.082046 0.001396
v -0.033608 -0.100288 0.014190
v -0.022082 -0.108727 -0.013881
v -0.045661 -0.193102 -0.099944
v -0.039978 -0.240528 -0.086018
v -0.035954 -0.126105 -0.040529
v -0.044808 -0.153204 -0.076157
v -0.066902 -0.274425 -0.111406
v -0.070732 -0.283244 -0.130034
v -0.035314 -0.053029 -0.015779
v -0.037234 -0.064017 -0.015886
v -0.007684 -0.078952 -0.007245
v -0.038834 -0.081299 0.001396
v -0.039901 -0.079486 0.010250
v -0.042139 -0.091223 0.019957
v -0.021980 -0.110956 0.015158
v -0.021980 -0.110956 0.015158
v -0.022512 -0.105622 -0.035515
v -0.040679 -0.235193 -0.107562
v -0.041290 -0.136133 -0.069007
v -0.052719 -0.251028 -0.093534
v -0.041821 -0.242706 -0.087255
v -0.072012 -0.296793 -0.141128
v -0.039474 -0.052389 -0.016526
v -0.035634 -0.055376 -0.013539
v -0.007684 -0.072658 -0.013539
v -0.007684 -0.081299 0.001396
v -0.046401 -0.129413 0.021132
v -0.033928 -0.130693 0.020829
v -0.022081 -0.108727 0.016565
v -0.021979 -0.100194 -0.011407
v -0.052383 -0.155122 -0.074667
v -0.042144 -0.224253 -0.123522
v -0.039154 -0.242493 -0.111044
v -0.037984 -0.121621 -0.062930
v -0.049609 -0.132399 -0.065492
v -0.068923 -0.287565 -0.119307
v -0.045342 -0.271190 -0.098775
v -0.043101 -0.262655 -0.090029
v -0.072758 -0.297859 -0.142408
v -0.035100 -0.040654 -0.016206
v -0.034140 -0.049082 -0.007245
v -0.007684 -0.055376 -0.013539
v -0.007684 -0.064017 -0.015886
v -0.038408 -0.078952 0.009930
v -0.038728 -0.072658 0.016331
v -0.055690 -0.126639 0.027106
v -0.022939 -0.102422 -0.057171
v -0.057183 -0.195020 -0.098456
v -0.041181 -0.237372 -0.133020
v -0.061862 -0.235229 -0.125551
v -0.041181 -0.261908 -0.091629
v -0.044808 -0.264042 -0.091415
v -0.072758 -0.314928 -0.101123
v -0.032860 -0.039588 -0.015673
v -0.007684 -0.049082 -0.007245
v -0.007684 -0.078952 0.009930
v -0.038834 -0.072552 0.019212
v -0.065077 -0.124398 0.031693
v -0.058997 -0.169524 0.054203
v -0.037033 -0.172169 0.047086
v -0.022512 -0.105622 0.038307
v -0.021979 -0.101035 0.001396
v -0.021979 -0.097835 -0.023887
v -0.022193 -0.096021 -0.069119
v -0.058138 -0.118443 -0.047788
v -0.060507 -0.161701 -0.072228
v -0.042141 -0.237799 -0.135154
v -0.052073 -0.249201 -0.140169
v -0.039154 -0.239167 -0.134653
v -0.023306 -0.104007 -0.059936
v -0.047475 -0.114477 -0.058345
v -0.068919 -0.297118 -0.091205
v -0.043101 -0.268171 -0.073057
v -0.032860 -0.034680 -0.024527
v -0.032540 -0.040548 -0.007352
v -0.032220 -0.046735 0.001396
v -0.007684 -0.072658 0.016331
v -0.053983 -0.089727 0.025506
v -0.038834 -0.063484 0.019318
v -0.051579 -0.210862 0.072953
v -0.035954 -0.126105 0.043215
v 0.023253 -0.101035 0.001396
v -0.021979 -0.093888 -0.036049
v 0.023253 -0.100182 -0.011406
v -0.021979 -0.088447 -0.047570
v -0.066784 -0.242706 -0.124593
v -0.041084 -0.238448 -0.136329
v -0.042141 -0.237799 -0.135154
v -0.065385 -0.264571 -0.146782
v -0.045386 -0.278920 -0.076070
v -0.044912 -0.269832 -0.073726
v -0.041181 -0.261908 -0.091629
v -0.072758 -0.327090 -0.050557
v -0.034780 -0.034787 -0.024634
v -0.032540 -0.033293 -0.023567
v -0.032519 -0.041401 0.001396
v -0.032540 -0.037774 -0.015673
v -0.007684 -0.046735 0.001396
v -0.037234 -0.064017 0.018678
v -0.044089 -0.064310 0.021089
v -0.068385 -0.168244 0.059323
v -0.056116 -0.212089 0.077459
v -0.044808 -0.153204 0.078949
v -0.038838 -0.208569 0.070526
v -0.022939 -0.102422 0.059857
v -0.037982 -0.121625 0.065703
v -0.021979 -0.093888 0.038734
v -0.021979 -0.100182 0.014091
v 0.023253 -0.093888 -0.036049
v 0.023253 -0.097835 -0.023887
v -0.041824 -0.089816 -0.064699
v -0.021979 -0.081513 -0.058558
v -0.044168 -0.085353 -0.044050
v -0.068278 -0.161629 -0.068053
v -0.070518 -0.205688 -0.096003
v -0.054303 -0.270123 -0.154143
v -0.041078 -0.222973 -0.161399
v -0.042812 -0.097157 -0.056144
v -0.045348 -0.286985 -0.042557
v -0.041181 -0.268146 -0.073133
v -0.043101 -0.275883 -0.040743
v -0.068919 -0.307575 -0.047464
v -0.035100 -0.028600 -0.032848
v -0.032865 -0.027748 -0.031997
v -0.030193 -0.040548 -0.007352
v -0.033500 -0.046095 0.001396
v -0.007684 -0.049082 0.010037
v -0.007684 -0.064017 0.018678
v -0.035634 -0.055376 0.016331
v -0.035314 -0.053029 0.018571
v -0.063612 -0.251098 0.101909
v -0.045661 -0.193102 0.102737
v -0.041288 -0.136141 0.071772
v -0.039987 -0.240746 0.088908
v -0.022192 -0.096016 0.071901
v -0.021979 -0.088447 0.050255
v 0.023253 -0.093888 0.038734
v -0.021979 -0.097835 0.026572
v 0.023253 -0.100182 0.014091
v -0.023325 -0.089708 -0.079555
v 0.023253 -0.081513 -0.058558
v -0.021979 -0.073198 -0.068592
v -0.055370 -0.087167 -0.035195
v -0.064865 -0.117476 -0.040536
v -0.071798 -0.249214 -0.124593
v -0.069558 -0.283564 -0.153716
v -0.052809 -0.232785 -0.168545
v -0.068796 -0.276732 -0.153610
v -0.052809 -0.260095 -0.147422
v -0.039154 -0.222905 -0.161473
v -0.041181 -0.275883 -0.040743
v -0.044915 -0.277697 -0.041063
v -0.068919 -0.311411 0.001396
v -0.032540 -0.027213 -0.030288
v -0.008111 -0.037774 -0.015673
v -0.034140 -0.049082 0.010037
v -0.039474 -0.052389 0.019318
v -0.070518 -0.211876 0.087380
v -0.064651 -0.251560 0.107969
v -0.052930 -0.241032 0.090632
v -0.052383 -0.155122 0.077352
v -0.049609 -0.132399 0.068284
v -0.040679 -0.235187 0.110335
v -0.023328 -0.103999 0.062724
v 0.023253 -0.097835 0.026572
v 0.023253 -0.088447 -0.047570
v -0.042802 -0.084033 -0.074200
v -0.038621 -0.052923 -0.037756
v -0.039353 -0.057561 -0.032685
v -0.052844 -0.252149 -0.182588
v -0.052809 -0.269589 -0.154251
v -0.041075 -0.203875 -0.183800
v -0.045399 -0.290456 0.001396
v -0.043101 -0.279191 0.001396
v -0.044915 -0.281004 0.001396
v -0.072758 -0.331250 0.001396
v -0.039474 -0.032547 -0.043836
v -0.032540 -0.020065 -0.035409
v -0.008111 -0.027213 -0.030288
v -0.008111 -0.033293 -0.023567
v -0.030193 -0.040548 0.010037
v -0.032540 -0.040548 0.010037
v -0.007684 -0.055376 0.016331
v -0.032861 -0.039588 0.018465
v -0.066902 -0.274426 0.114199
v -0.057183 -0.195020 0.101142
v -0.042143 -0.224251 0.126318
v -0.041821 -0.242706 0.090047
v -0.039154 -0.242493 0.113837
v -0.047475 -0.114477 0.061030
v -0.041825 -0.089815 0.067383
v -0.021979 -0.081513 0.061350
v 0.023253 -0.088447 0.050255
v -0.037982 -0.098047 -0.095361
v -0.047475 -0.091434 -0.090029
v 0.023253 -0.073192 -0.068586
v -0.044309 -0.059575 -0.030240
v -0.072758 -0.292409 -0.153496
v -0.069558 -0.261695 -0.189454
v -0.052074 -0.210903 -0.192862
v -0.068803 -0.256786 -0.185931
v -0.039154 -0.202594 -0.185080
v -0.041181 -0.279191 0.001396
v -0.068919 -0.307575 0.050150
v -0.072758 -0.327090 0.053242
v -0.035314 -0.032013 -0.044690
v -0.034140 -0.022625 -0.043623
v -0.035100 -0.040654 0.018892
v -0.071798 -0.254974 0.116077
v -0.070732 -0.283244 0.132826
v -0.052891 -0.251162 0.096422
v -0.058158 -0.118778 0.050661
v -0.060277 -0.158962 0.073192
v -0.061871 -0.235234 0.128237
v -0.041181 -0.237372 0.135706
v -0.043101 -0.262655 0.092714
v -0.041181 -0.261908 0.094314
v -0.042829 -0.097141 0.058919
v -0.023302 -0.089715 0.082249
v -0.021979 -0.073197 0.071384
v 0.023253 -0.081513 0.061350
v -0.022512 -0.067004 -0.088642
v -0.039346 -0.049520 -0.043839
v -0.044168 -0.068925 -0.066666
v -0.040434 -0.046522 -0.033168
v 0.023253 -0.063911 -0.077334
v -0.021979 -0.063911 -0.077334
v -0.040861 -0.050469 -0.028688
v -0.072758 -0.267669 -0.193828
v -0.052809 -0.221157 -0.200976
v -0.068810 -0.232145 -0.214949
v -0.042141 -0.202594 -0.183587
v -0.041181 -0.200461 -0.183800
v -0.045350 -0.286987 0.045244
v -0.043101 -0.275883 0.043535
v -0.041181 -0.275883 0.043535
v -0.043457 -0.037114 -0.053252
v -0.032540 -0.012064 -0.039036
v -0.008111 -0.020065 -0.035409
v -0.032540 -0.037774 0.018465
v -0.008111 -0.037774 0.018465
v -0.032860 -0.034680 0.027319
v -0.068923 -0.287563 0.122106
v -0.045372 -0.271214 0.101586
v -0.063797 -0.200887 0.099542
v -0.066784 -0.242706 0.127385
v -0.042141 -0.237799 0.137840
v -0.052075 -0.249207 0.142949
v -0.044808 -0.264042 0.094101
v -0.039154 -0.239186 0.137413
v -0.044168 -0.085353 0.046842
v -0.042762 -0.084074 0.077015
v -0.022939 -0.086527 0.081726
v -0.038621 -0.052923 0.040548
v -0.049609 -0.103809 -0.104857
v -0.058140 -0.082671 -0.097147
v -0.022081 -0.047399 -0.098387
v -0.069558 -0.234385 -0.221458
v -0.052835 -0.230546 -0.208024
v -0.065385 -0.221903 -0.205557
v -0.042147 -0.187341 -0.174308
v -0.039154 -0.181152 -0.195535
v -0.044915 -0.277697 0.043855
v -0.068919 -0.297118 0.093998
v -0.038834 -0.035960 -0.054398
v -0.035634 -0.030626 -0.047677
v -0.008111 -0.012064 -0.039036
v -0.033607 -0.013770 -0.044047
v -0.032540 -0.033293 0.026252
v -0.034780 -0.034787 0.027319
v -0.072012 -0.296793 0.143920
v -0.068278 -0.161629 0.070845
v -0.070518 -0.205688 0.098688
v -0.065396 -0.264575 0.149468
v -0.041074 -0.238439 0.139013
v -0.043101 -0.268166 0.075862
v -0.041901 -0.064880 0.036763
v -0.039265 -0.049438 0.046340
v -0.047475 -0.091434 0.092714
v -0.037982 -0.098047 0.098154
v -0.039261 -0.057296 0.035427
v 0.023253 -0.073192 0.071378
v -0.055370 -0.087167 0.037881
v -0.041291 -0.108352 -0.107335
v -0.033929 -0.058175 -0.117864
v -0.051209 -0.067004 -0.072960
v -0.040897 -0.043475 -0.038378
v -0.021979 -0.053563 -0.084908
v -0.072758 -0.236945 -0.229886
v -0.061024 -0.192460 -0.183693
v -0.042141 -0.202594 -0.183587
v -0.040680 -0.175512 -0.189593
v -0.044912 -0.269824 0.076541
v -0.045373 -0.278906 0.078853
v -0.072758 -0.314928 0.103915
v -0.038834 -0.038734 -0.063145
v -0.007684 -0.030626 -0.047677
v -0.032540 -0.003530 -0.040849
v -0.034140 -0.006197 -0.048957
v -0.007684 -0.013771 -0.044050
v -0.032868 -0.027749 0.034789
v -0.035100 -0.028600 0.035640
v -0.072758 -0.297862 0.145194
v -0.064872 -0.117559 0.043276
v -0.069558 -0.283564 0.156509
v -0.052810 -0.260095 0.150214
v -0.041181 -0.261908 0.094314
v -0.039154 -0.223084 0.164005
v -0.044168 -0.068925 0.069458
v -0.022512 -0.067004 0.091327
v -0.040434 -0.046522 0.035960
v -0.021979 -0.063911 0.080126
v 0.023253 -0.063911 0.080126
v -0.052383 -0.119491 -0.123633
v -0.044808 -0.120448 -0.121396
v -0.054594 -0.059993 -0.069491
v 0.023253 -0.053563 -0.084908
v -0.021246 -0.034142 -0.106255
v -0.021983 -0.046733 -0.100800
v -0.021983 -0.046733 -0.100800
v -0.071798 -0.196087 -0.197668
v -0.066784 -0.194167 -0.191481
v -0.045675 -0.155329 -0.152017
v -0.039985 -0.156850 -0.201488
v -0.041181 -0.268117 0.076011
v -0.038728 -0.035960 -0.063999
v -0.053983 -0.049935 -0.077440
v -0.037234 -0.035534 -0.055144
v -0.007684 -0.022625 -0.043623
v -0.008111 -0.033293 0.026252
v -0.032540 -0.027213 0.033080
v -0.071798 -0.249214 0.127278
v -0.068787 -0.276729 0.156297
v -0.041078 -0.222973 0.164192
v -0.052824 -0.269594 0.156936
v -0.052824 -0.252161 0.185284
v -0.044437 -0.059891 0.033067
v -0.041941 -0.053103 0.053215
v -0.058145 -0.082747 0.099903
v -0.049609 -0.103809 0.107543
v -0.035954 -0.078099 0.109356
v -0.040861 -0.050469 0.031373
v -0.040882 -0.043455 0.041132
v -0.022081 -0.047401 0.101072
v -0.037022 -0.095917 -0.149232
v -0.060462 -0.118717 -0.130310
v -0.064864 -0.075435 -0.098352
v 0.023253 -0.042361 -0.090989
v -0.021979 -0.042361 -0.090989
v -0.021979 -0.030520 -0.095683
v -0.021979 -0.018147 -0.098895
v -0.033607 -0.042465 -0.090990
v -0.057183 -0.154482 -0.154250
v -0.038836 -0.129524 -0.176647
v -0.041181 -0.168670 -0.219965
v -0.042139 -0.045134 -0.080644
v -0.007684 -0.035534 -0.055144
v -0.032860 0.004685 -0.042556
v -0.008111 0.005218 -0.040849
v -0.007684 -0.006197 -0.048957
v -0.008111 -0.027213 0.033080
v -0.039474 -0.032547 0.046628
v -0.032540 -0.020065 0.038201
v -0.069558 -0.261695 0.192246
v -0.072758 -0.292399 0.156194
v -0.052809 -0.232785 0.171230
v -0.039154 -0.202607 0.187752
v -0.051209 -0.067004 0.075645
v -0.046167 -0.120137 0.124387
v -0.041287 -0.108388 0.110108
v -0.033932 -0.058157 0.120553
v -0.021979 -0.053563 0.087593
v -0.046408 -0.058048 -0.116596
v -0.068278 -0.115224 -0.131954
v 0.023253 -0.030520 -0.095683
v -0.022081 -0.018451 -0.107719
v -0.070518 -0.155442 -0.165131
v -0.051620 -0.132931 -0.178254
v -0.039901 -0.032333 -0.072533
v -0.065077 -0.066471 -0.108591
v -0.035314 0.000631 -0.055358
v -0.032540 0.005218 -0.040849
v -0.007684 -0.002143 -0.056851
v -0.035314 -0.032013 0.047482
v -0.034140 -0.022625 0.046308
v -0.072758 -0.267669 0.196620
v -0.068790 -0.256783 0.188617
v -0.041077 -0.203888 0.186581
v -0.052076 -0.210901 0.195648
v -0.054959 -0.060431 0.073012
v -0.052383 -0.119491 0.126425
v -0.021236 -0.033926 0.109115
v -0.021979 -0.046733 0.103597
v -0.021979 -0.046733 0.103597
v 0.023253 -0.053563 0.087593
v -0.049582 -0.096339 -0.148384
v -0.042564 -0.027950 -0.088349
v -0.021979 -0.020493 -0.109338
v -0.021979 -0.020493 -0.109338
v -0.053012 -0.158740 -0.201289
v -0.038408 -0.031800 -0.072000
v -0.039901 -0.032333 -0.072533
v -0.007684 -0.035960 -0.063999
v -0.055690 -0.062844 -0.112111
v -0.035100 0.004791 -0.043730
v -0.035634 -0.002143 -0.056851
v -0.032540 0.014072 -0.038929
v -0.008111 0.014072 -0.038929
v -0.043403 -0.037048 0.055916
v -0.008111 -0.020065 0.038201
v -0.032540 -0.012064 0.041722
v -0.069558 -0.234381 0.224141
v -0.068797 -0.232143 0.217632
v -0.052809 -0.221157 0.203661
v -0.041181 -0.200461 0.186486
v -0.064864 -0.075432 0.101035
v -0.060507 -0.119207 0.133409
v -0.045661 -0.155331 0.154699
v -0.044808 -0.120448 0.124081
v -0.037022 -0.095917 0.151918
v -0.021979 -0.018147 0.101582
v -0.033607 -0.042466 0.093674
v 0.023253 -0.042361 0.093781
v -0.021979 -0.042361 0.093781
v -0.021979 -0.030520 0.098475
v -0.058997 -0.101889 -0.144542
v 0.023253 -0.018145 -0.098883
v -0.033607 -0.018041 -0.098882
v -0.033929 -0.021131 -0.129929
v -0.021979 -0.005557 -0.100483
v -0.022512 0.003191 -0.111471
v -0.063644 -0.172561 -0.207368
v -0.041821 -0.158642 -0.203109
v -0.040198 -0.024440 -0.076912
v -0.007684 -0.031800 -0.072000
v -0.039474 0.001591 -0.054931
v -0.032860 0.014713 -0.040636
v -0.038834 -0.001823 -0.065492
v -0.007684 -0.002676 -0.065812
v -0.038834 -0.035960 0.057190
v -0.035634 -0.030626 0.050362
v -0.008111 -0.012064 0.041721
v -0.033500 -0.013558 0.046202
v -0.072758 -0.236933 0.232562
v -0.042141 -0.202594 0.186379
v -0.052809 -0.230545 0.210701
v -0.054303 -0.230651 0.211129
v -0.039154 -0.181152 0.198327
v -0.068278 -0.115224 0.134639
v -0.057183 -0.154482 0.156935
v -0.046402 -0.058043 0.119279
v -0.022081 -0.018448 0.110511
v 0.023253 -0.030520 0.098475
v -0.042140 -0.009825 -0.092163
v -0.021979 0.007245 -0.100483
v -0.066899 -0.191323 -0.225740
v -0.056116 -0.137200 -0.177826
v -0.052830 -0.167190 -0.209056
v -0.043101 -0.167390 -0.221138
v -0.039794 -0.015478 -0.077334
v -0.007684 -0.024439 -0.076907
v -0.068385 -0.106369 -0.141768
v -0.043462 -0.000207 -0.065278
v -0.034780 0.014713 -0.040743
v -0.037234 -0.002676 -0.065812
v -0.032861 0.023887 -0.036369
v -0.032540 0.022394 -0.035302
v -0.038834 -0.038734 0.065831
v -0.007684 -0.030626 0.050362
v -0.032540 -0.003530 0.043535
v -0.034140 -0.006197 0.051642
v -0.032220 -0.013771 0.046842
v -0.065396 -0.221903 0.208248
v -0.071798 -0.196087 0.200461
v -0.042162 -0.187441 0.177008
v -0.040681 -0.175480 0.192256
v -0.042141 -0.202594 0.186379
v -0.070518 -0.155442 0.167817
v -0.066784 -0.194167 0.194273
v -0.061024 -0.192460 0.186379
v -0.049608 -0.096341 0.151175
v -0.042560 -0.028320 0.090902
v -0.021979 -0.020493 0.112129
v -0.021979 -0.020493 0.112129
v -0.042141 -0.045135 0.083433
v 0.023253 -0.005557 -0.100483
v -0.046407 -0.020492 -0.128753
v -0.021979 0.019941 -0.098891
v 0.023253 0.007245 -0.100483
v -0.037982 0.024302 -0.135151
v -0.064651 -0.178485 -0.205883
v -0.045342 -0.178377 -0.226580
v -0.044808 -0.169097 -0.221992
v -0.035100 0.024420 -0.037329
v -0.038834 -0.004703 -0.074133
v -0.038728 -0.007477 -0.073280
v -0.008111 0.022394 -0.035302
v -0.038728 -0.035960 0.066791
v -0.053983 -0.049936 0.080232
v -0.037234 -0.035534 0.057830
v -0.007684 -0.022625 0.046308
v -0.008111 -0.003530 0.043535
v -0.033500 -0.013558 0.046202
v -0.040007 -0.158735 0.203861
v -0.038836 -0.129525 0.179438
v -0.051613 -0.132930 0.181047
v -0.058997 -0.101889 0.147334
v -0.033607 -0.018041 0.101674
v -0.033928 -0.021131 0.132616
v -0.022512 0.003191 0.114157
v -0.021979 -0.005557 0.103169
v 0.023253 -0.018145 0.101568
v -0.055690 -0.062844 0.114797
v -0.055690 -0.013984 -0.127900
v -0.049584 -0.008280 -0.176754
v -0.023346 0.026870 -0.117412
v -0.022193 0.038075 -0.112751
v -0.070732 -0.211769 -0.228392
v -0.070518 -0.146587 -0.174519
v -0.043101 -0.152978 -0.231629
v -0.007684 -0.015478 -0.077334
v -0.053983 -0.004063 -0.092375
v -0.040455 0.035547 -0.046351
v -0.032540 0.029541 -0.030075
v -0.007684 -0.007477 -0.073280
v -0.007684 -0.035534 0.057830
v -0.032860 0.004685 0.045348
v -0.008111 0.005218 0.043535
v -0.007684 -0.006197 0.051642
v -0.007684 -0.013771 0.046842
v -0.041181 -0.168670 0.222757
v -0.039794 -0.031800 0.074792
v -0.042140 -0.009825 0.094849
v -0.022939 0.024740 0.117891
v -0.021979 0.007245 0.103169
v -0.065077 -0.066578 0.111278
v -0.065077 -0.008970 -0.127261
v -0.041288 0.025590 -0.150836
v -0.037026 -0.009077 -0.177399
v 0.023253 0.019940 -0.098883
v -0.047475 0.022073 -0.126940
v -0.021979 0.032528 -0.095576
v -0.068924 -0.202992 -0.235822
v -0.071798 -0.187232 -0.206630
v -0.044912 -0.154152 -0.233042
v -0.041181 -0.168670 -0.219965
v -0.035314 0.034662 -0.044263
v -0.034140 0.036475 -0.035089
v -0.008111 0.029541 -0.030075
v -0.007684 -0.035960 0.066791
v -0.032540 0.005218 0.043535
v -0.035314 0.000631 0.058043
v -0.007684 -0.002143 0.059643
v -0.040008 -0.157149 0.204835
v -0.039693 -0.150645 0.198329
v -0.056116 -0.137200 0.180618
v -0.040217 -0.024442 0.079709
v -0.039901 -0.015371 0.080766
v -0.046405 -0.020492 0.131439
v -0.035954 0.001591 0.135279
v -0.037982 0.024295 0.137834
v -0.021979 0.019941 0.101577
v 0.023253 0.007245 0.103169
v 0.023253 -0.005557 0.103169
v -0.058997 -0.001503 -0.177186
v -0.049609 0.023460 -0.146142
v -0.044812 0.027081 -0.169294
v -0.051634 0.003831 -0.222738
v 0.023253 0.032528 -0.095576
v -0.041822 0.035759 -0.105497
v -0.042810 0.025401 -0.109835
v -0.021979 0.044690 -0.090775
v -0.072012 -0.226578 -0.237872
v -0.068919 -0.179130 -0.253573
v -0.045378 -0.159199 -0.240910
v -0.041181 -0.153103 -0.231538
v -0.043101 -0.124611 -0.248982
v -0.038535 0.042822 -0.051051
v -0.032541 0.035410 -0.023568
v -0.008111 0.035408 -0.023567
v -0.032540 0.014072 0.041614
v -0.035100 0.004791 0.046522
v -0.035634 -0.002143 0.059643
v -0.008111 0.014072 0.041614
v -0.052928 -0.158674 0.204022
v -0.063613 -0.172525 0.210055
v -0.068385 -0.106369 0.144454
v -0.007684 -0.024439 0.079699
v -0.038728 -0.007477 0.076072
v -0.055690 -0.013984 0.130692
v -0.037022 -0.009077 0.180191
v -0.023347 0.026870 0.120101
v -0.022193 0.038075 0.115437
v -0.068385 0.003831 -0.177613
v -0.045665 0.037435 -0.214631
v -0.038835 0.002021 -0.219324
v -0.023339 0.049906 -0.109951
v -0.044168 0.017593 -0.094829
v -0.058141 0.010847 -0.127542
v -0.021979 0.066526 -0.080750
v -0.072758 -0.194167 -0.267437
v -0.072758 -0.228091 -0.238420
v -0.045362 -0.129742 -0.258923
v -0.041181 -0.124611 -0.248982
v -0.044915 -0.125465 -0.250582
v -0.038834 0.050024 -0.056318
v -0.035634 0.037862 -0.043836
v -0.033500 0.039142 -0.026341
v -0.007684 -0.031800 0.074792
v -0.032860 0.014713 0.043321
v -0.039474 0.001591 0.057723
v -0.038499 -0.002001 0.068352
v -0.007684 -0.002676 0.068604
v -0.041821 -0.158642 0.205795
v -0.064651 -0.178485 0.208675
v -0.070518 -0.146588 0.177311
v -0.038408 -0.015478 0.080126
v -0.007684 -0.024439 0.079699
v -0.038834 -0.004703 0.076925
v -0.065077 -0.008970 0.130052
v -0.058997 -0.001503 0.179978
v -0.049607 -0.008224 0.179765
v -0.041288 0.025594 0.153628
v -0.047343 0.022130 0.129777
v -0.021979 0.032528 0.098368
v 0.023253 0.019940 0.101568
v -0.056116 0.007565 -0.224872
v -0.052383 0.025060 -0.170572
v -0.039984 0.009567 -0.255561
v -0.042816 0.046638 -0.102895
v -0.038621 0.021647 -0.061972
v -0.039343 0.015322 -0.064876
v 0.023253 0.044690 -0.090775
v -0.021979 0.055891 -0.084695
v -0.072758 -0.149681 -0.294641
v -0.044915 -0.086100 -0.266904
v -0.043101 -0.085567 -0.265197
v -0.038728 0.051837 -0.053971
v -0.053983 0.060265 -0.071466
v -0.007684 0.043516 -0.050877
v -0.007684 0.036475 -0.035089
v -0.032540 0.039782 -0.015993
v -0.034140 0.046610 -0.021113
v -0.008111 0.022394 0.037987
v -0.032860 0.023887 0.039054
v -0.034780 0.014713 0.043428
v -0.043426 -0.000194 0.067878
v -0.043101 -0.167390 0.223930
v -0.066899 -0.191325 0.228427
v -0.052796 -0.167168 0.211797
v -0.007684 -0.015478 0.080126
v -0.053983 -0.004063 0.095168
v -0.044807 0.027083 0.172085
v -0.051630 0.003831 0.225425
v -0.049609 0.023460 0.148934
v -0.041824 0.035758 0.108181
v -0.042813 0.025400 0.112517
v -0.021979 0.044690 0.093567
v 0.023253 0.032528 0.098368
v -0.063610 0.018800 -0.269504
v -0.070518 0.017059 -0.227752
v -0.057183 0.035408 -0.215911
v -0.040680 0.031655 -0.256923
v -0.053019 0.011191 -0.256551
v -0.038003 0.062394 -0.122748
v -0.047325 0.059454 -0.114950
v -0.055370 0.008525 -0.093762
v -0.060277 0.019940 -0.173025
v 0.023253 0.055891 -0.084695
v -0.022512 0.065599 -0.091202
v -0.021979 0.066132 -0.077227
v -0.068919 -0.140725 -0.277047
v -0.041181 -0.085567 -0.265197
v -0.042140 0.064747 -0.067946
v -0.007684 0.037862 -0.043836
v -0.032220 0.039676 -0.026767
v -0.008111 0.039782 -0.015993
v -0.032540 0.022394 0.037987
v -0.035100 0.024420 0.040121
v -0.044808 -0.169097 0.224784
v -0.045342 -0.178377 0.229265
v -0.070732 -0.211769 0.231078
v -0.071798 -0.187233 0.209422
v -0.068385 0.003831 0.180298
v -0.045664 0.037430 0.217317
v -0.038835 0.002021 0.222117
v -0.023324 0.049908 0.112642
v -0.058144 0.010859 0.130307
v -0.044168 0.017593 0.097515
v -0.021979 0.066638 0.083355
v -0.064651 0.024420 -0.271811
v -0.061024 0.048743 -0.261996
v -0.042143 0.050236 -0.251543
v -0.039154 0.032635 -0.264983
v -0.041821 0.010019 -0.257836
v -0.039261 0.028154 -0.060478
v -0.044168 0.044156 -0.086188
v -0.040434 0.019193 -0.054504
v -0.044593 0.012299 -0.066763
v -0.064864 0.004258 -0.124274
v -0.068278 0.016739 -0.174839
v -0.022082 0.080911 -0.075456
v -0.021979 0.075529 -0.068488
v -0.068919 -0.095489 -0.295817
v -0.045428 -0.089013 -0.275855
v -0.043101 -0.044495 -0.275011
v -0.041181 -0.044495 -0.275011
v -0.039901 0.060905 -0.053224
v -0.007684 0.051837 -0.053971
v -0.065084 0.084714 -0.096942
v -0.007684 0.039676 -0.026767
v -0.032860 0.043943 -0.008739
v -0.008111 0.042449 -0.007672
v -0.007684 0.046610 -0.021113
v -0.032540 0.029541 0.032867
v -0.035314 0.034662 0.047055
v -0.007684 -0.007477 0.076072
v -0.043101 -0.152961 0.234327
v -0.068924 -0.203002 0.238604
v -0.056116 0.007565 0.227664
v -0.052383 0.025061 0.173364
v -0.039984 0.009570 0.258288
v -0.042815 0.046638 0.105582
v -0.022939 0.050344 0.109463
v -0.038621 0.021647 0.064764
v -0.039347 0.015321 0.067574
v -0.021979 0.055891 0.087380
v 0.023253 0.044690 0.093567
v -0.066900 0.023165 -0.295427
v -0.071798 0.031035 -0.277572
v -0.063797 0.031995 -0.220925
v -0.066784 0.045543 -0.269357
v -0.041181 0.055144 -0.266904
v -0.041181 0.008205 -0.277465
v -0.043101 0.006392 -0.277678
v -0.052607 0.013365 -0.267564
v -0.035954 0.079254 -0.107311
v -0.049609 0.069653 -0.131207
v -0.041928 0.033579 -0.066046
v -0.058140 0.068789 -0.108618
v -0.040861 0.013646 -0.056851
v -0.070518 0.029754 -0.225299
v -0.033929 0.096088 -0.091760
v 0.023253 0.066132 -0.077227
v 0.023253 0.075520 -0.068479
v -0.072758 -0.101675 -0.314590
v -0.045350 -0.046203 -0.286115
v -0.044915 -0.044708 -0.276825
v -0.042557 0.077267 -0.054164
v -0.039901 0.060905 -0.053224
v -0.038408 0.060692 -0.052584
v -0.007684 0.060692 -0.052584
v -0.055690 0.089176 -0.094403
v -0.035314 0.054824 -0.016526
v -0.032540 0.042449 -0.007672
v -0.030193 0.042449 -0.007672
v -0.007684 0.055464 -0.019727
v -0.034140 0.036475 0.037774
v -0.039474 0.033702 0.047268
v -0.044913 -0.154108 0.235760
v -0.041181 -0.168670 0.222757
v -0.072012 -0.226575 0.240555
v -0.070518 0.017060 0.230438
v -0.063611 0.018800 0.272190
v -0.057183 0.035408 0.218703
v -0.053016 0.011190 0.259235
v -0.047396 0.059434 0.117651
v -0.037983 0.062415 0.125443
v -0.060277 0.019940 0.175711
v -0.055307 0.008547 0.096396
v -0.022512 0.065599 0.093888
v -0.021979 0.066132 0.079912
v 0.023253 0.055891 0.087380
v -0.070732 0.038182 -0.309576
v -0.065387 0.059839 -0.297091
v -0.052070 0.058339 -0.280338
v -0.042141 0.057064 -0.267970
v -0.039154 0.056211 -0.269144
v -0.044808 0.007352 -0.279385
v -0.045342 0.012151 -0.288453
v -0.041289 0.070613 -0.136220
v -0.040874 0.025084 -0.053143
v -0.055370 0.050877 -0.080001
v -0.021246 0.092503 -0.065324
v -0.021980 0.083520 -0.075626
v -0.021980 0.083520 -0.075626
v 0.023253 0.083628 -0.058665
v -0.068919 -0.047909 -0.307235
v -0.072758 -0.051002 -0.326751
v -0.043101 -0.011271 -0.277678
v -0.044913 -0.011364 -0.279490
v -0.040220 0.067632 -0.047041
v -0.033652 0.075397 -0.068541
v -0.058997 0.107951 -0.141661
v -0.046406 0.094944 -0.091223
v -0.035123 0.044914 -0.008885
v -0.035634 0.055464 -0.019727
v -0.031687 0.043730 0.001396
v -0.008111 0.035408 0.026359
v -0.035634 0.037862 0.046628
v -0.043628 0.041484 0.054860
v -0.032536 0.035470 0.026402
v -0.045356 -0.159185 0.243679
v -0.041181 -0.152947 0.234337
v -0.043101 -0.124611 0.251667
v -0.068919 -0.179130 0.256259
v -0.072758 -0.194167 0.270229
v -0.072758 -0.228091 0.241212
v -0.064651 0.024420 0.274497
v -0.042143 0.050237 0.254229
v -0.061024 0.048743 0.264789
v -0.041821 0.010019 0.260628
v -0.039261 0.028154 0.063164
v -0.044168 0.044156 0.088874
v -0.040434 0.019193 0.057296
v -0.068278 0.016739 0.177524
v -0.064864 0.004259 0.126964
v -0.043208 0.012792 0.066151
v -0.022081 0.080918 0.078241
v -0.021979 0.075529 0.071173
v -0.068922 0.026610 -0.310456
v -0.072012 0.044582 -0.325898
v -0.069556 0.060571 -0.317214
v -0.041076 0.057918 -0.268932
v -0.043101 0.006392 -0.277678
v -0.052383 0.082668 -0.151903
v -0.044811 0.080231 -0.152003
v -0.049502 0.040422 -0.069119
v -0.064864 0.072213 -0.102083
v -0.021979 0.083628 -0.058665
v -0.068919 -0.002995 -0.310754
v -0.041181 -0.011052 -0.277678
v -0.039794 0.070826 -0.038716
v -0.007684 0.067626 -0.047037
v -0.068385 0.103897 -0.145075
v -0.039474 0.054824 -0.015459
v -0.032860 0.045116 0.001396
v -0.038834 0.063785 -0.021967
v -0.007684 0.063785 -0.022927
v -0.038834 0.042663 0.053776
v -0.007684 0.036475 0.037774
v -0.033500 0.039142 0.029026
v -0.045362 -0.129742 0.261715
v -0.041181 -0.124611 0.251667
v -0.044915 -0.125465 0.253374
v -0.071798 0.031035 0.280364
v -0.066900 0.023164 0.298111
v -0.063797 0.031995 0.223717
v -0.066784 0.045543 0.272150
v -0.052648 0.013379 0.270335
v -0.043101 0.006392 0.280364
v -0.041934 0.033589 0.068850
v -0.058147 0.068840 0.111505
v -0.049609 0.069653 0.133892
v -0.035954 0.079254 0.109996
v -0.040861 0.013646 0.059537
v -0.070518 0.029754 0.227984
v -0.033936 0.096105 0.094530
v 0.023253 0.075520 0.071165
v 0.023253 0.066132 0.079912
v -0.072758 0.045434 -0.327384
v -0.071798 0.043516 -0.275545
v -0.052829 0.065364 -0.304079
v -0.068786 0.062512 -0.310634
v -0.039154 0.086431 -0.262040
v -0.041181 0.008205 -0.277465
v -0.037027 0.114330 -0.137403
v -0.060277 0.088215 -0.150836
v -0.068278 0.091842 -0.150409
v -0.022081 0.098835 -0.050853
v -0.021979 0.090455 -0.047890
v -0.045368 -0.011851 -0.288802
v -0.042350 0.081818 -0.046612
v -0.049608 0.113392 -0.137501
v -0.056116 0.128753 -0.185507
v -0.043601 0.064038 -0.020468
v -0.034780 0.045223 0.001396
v -0.037234 0.063785 -0.022927
v -0.032869 0.043947 0.011425
v -0.008111 0.042449 0.010357
v -0.031687 0.040422 0.017931
v -0.037234 0.043516 0.053563
v -0.032220 0.039676 0.029453
v -0.007684 0.037862 0.046628
v -0.038834 0.050024 0.059110
v -0.034140 0.046610 0.023799
v -0.043101 -0.085567 0.267882
v -0.044915 -0.086100 0.269589
v -0.072758 -0.149681 0.297433
v -0.070732 0.038182 0.312261
v -0.042141 0.057064 0.270656
v -0.052066 0.058338 0.283124
v -0.065387 0.059839 0.299777
v -0.045377 0.012174 0.291174
v -0.044808 0.007352 0.282071
v -0.039154 0.056241 0.271823
v -0.040868 0.025073 0.055923
v -0.055370 0.050877 0.082793
v -0.041287 0.070625 0.139004
v -0.021238 0.092672 0.067947
v -0.021981 0.083520 0.078311
v -0.021981 0.083520 0.078311
v 0.023253 0.083628 0.061350
v -0.072758 0.000844 -0.330805
v -0.052809 0.068479 -0.278745
v -0.069558 0.101337 -0.307442
v -0.072758 0.057598 -0.325578
v -0.041075 0.086615 -0.261996
v -0.045661 0.098568 -0.194785
v -0.057183 0.100910 -0.194575
v -0.021979 0.099736 -0.053331
v -0.021979 0.099736 -0.053331
v -0.021979 0.099278 -0.035563
v 0.023253 0.090455 -0.047890
v -0.007684 0.070826 -0.038716
v -0.042139 0.086616 -0.037864
v -0.051635 0.130460 -0.181560
v -0.070518 0.122673 -0.193401
v -0.035133 0.044819 0.011571
v -0.038834 0.071040 -0.027408
v -0.038728 0.069439 -0.029861
v -0.032540 0.042449 0.010357
v -0.030193 0.042449 0.010357
v -0.032860 0.041383 0.019425
v -0.008111 0.039782 0.018678
v -0.038728 0.051667 0.056968
v -0.007684 0.039676 0.029453
v -0.053983 0.060265 0.074258
v -0.033500 0.039142 0.029026
v -0.068919 -0.140724 0.279836
v -0.041181 -0.085567 0.267882
v -0.072012 0.044578 0.328673
v -0.068922 0.026597 0.313142
v -0.041077 0.057939 0.271614
v -0.069556 0.060574 0.320015
v -0.043101 -0.011258 0.280364
v -0.043101 0.006392 0.280364
v -0.049502 0.040422 0.071911
v -0.064864 0.072215 0.104879
v -0.052383 0.082668 0.154588
v -0.044811 0.080224 0.154798
v -0.038301 0.087362 0.126638
v -0.021979 0.092693 0.052746
v -0.033607 0.075416 0.071267
v -0.021979 0.083628 0.061350
v -0.052818 0.097711 -0.296349
v -0.072758 0.103683 -0.314483
v -0.068789 0.099521 -0.301677
v -0.052808 0.090348 -0.273517
v -0.039154 0.115394 -0.249846
v -0.070518 0.111044 -0.198842
v -0.063797 0.106671 -0.196708
v -0.033936 0.119047 -0.060265
v -0.022512 0.109018 -0.031461
v -0.021979 0.095896 -0.036262
v -0.033607 0.090562 -0.047783
v -0.063606 0.145845 -0.228186
v -0.064651 0.142728 -0.233406
v -0.053983 0.088642 -0.032422
v -0.040962 0.057800 0.019947
v -0.007684 0.069439 -0.029861
v -0.007684 0.043516 0.053563
v -0.007684 0.051837 0.056763
v -0.007684 0.046610 0.023799
v -0.042140 0.064747 0.070631
v -0.045375 -0.088993 0.278583
v -0.043101 -0.044495 0.277804
v -0.041181 -0.044495 0.277804
v -0.068918 -0.095489 0.298608
v -0.072758 0.045432 0.330062
v -0.052825 0.065376 0.306799
v -0.071798 0.043516 0.278230
v -0.068795 0.062508 0.313429
v -0.045349 -0.011430 0.291567
v -0.041181 0.008205 0.280151
v -0.044913 -0.011350 0.282175
v -0.041075 0.086615 0.264789
v -0.068278 0.091842 0.153201
v -0.060277 0.088215 0.153521
v -0.037027 0.114328 0.140090
v -0.022081 0.098837 0.053643
v -0.046408 0.094936 0.093994
v -0.021979 0.090455 0.050575
v -0.069556 0.140155 -0.291403
v -0.068801 0.134617 -0.287277
v -0.041077 0.113831 -0.250651
v -0.041077 0.113831 -0.250651
v -0.038835 0.130028 -0.177722
v -0.061024 0.117232 -0.239807
v -0.066784 0.124166 -0.243861
v -0.021979 0.099843 -0.024207
v -0.022939 0.119152 -0.012152
v 0.023253 0.095896 -0.036262
v -0.046408 0.118094 -0.059306
v -0.052990 0.144422 -0.213210
v -0.071798 0.140701 -0.241941
v -0.035314 0.054824 0.019212
v -0.039794 0.060692 0.055376
v -0.065081 0.084710 0.099588
v -0.035634 0.055464 0.022412
v -0.045364 -0.046205 0.288816
v -0.044915 -0.044708 0.279617
v -0.072758 -0.101675 0.317382
v -0.072758 0.000844 0.333597
v -0.052809 0.090349 0.276310
v -0.052809 0.068479 0.281537
v -0.069558 0.101337 0.310234
v -0.072758 0.057596 0.328366
v -0.041181 -0.011022 0.280364
v -0.039154 0.086694 0.264756
v -0.057183 0.100910 0.197367
v -0.045661 0.098568 0.197472
v -0.042565 0.077381 0.056685
v -0.021979 0.099728 0.056029
v -0.021979 0.099728 0.056029
v -0.021979 0.099277 0.038250
v 0.023253 0.090455 0.050575
v -0.052809 0.111151 -0.264877
v -0.072756 0.147397 -0.296457
v -0.052067 0.120219 -0.260285
v -0.039154 0.131954 -0.232766
v -0.040679 0.128112 -0.225568
v -0.042144 0.109872 -0.232127
v -0.035954 0.128540 -0.039462
v -0.021979 0.102198 -0.011620
v 0.023253 0.099843 -0.024207
v -0.037982 0.138030 -0.018665
v -0.055690 0.119367 -0.052904
v -0.039985 0.145157 -0.211521
v -0.066902 0.157561 -0.251812
v -0.070732 0.153716 -0.272024
v -0.065077 0.120326 -0.047890
v -0.044117 0.065540 0.023864
v -0.007684 0.060692 0.055376
v -0.055690 0.089175 0.097196
v -0.007684 0.055464 0.022412
v -0.068919 -0.047910 0.310026
v -0.072758 -0.051002 0.329543
v -0.068920 -0.002994 0.313550
v -0.052818 0.097700 0.299000
v -0.072758 0.103684 0.317275
v -0.068809 0.099523 0.304473
v -0.041080 0.113834 0.253388
v -0.041080 0.113834 0.253388
v -0.070518 0.111044 0.201634
v -0.063797 0.106671 0.199501
v -0.049605 0.113392 0.140186
v -0.033607 0.090560 0.050472
v -0.033928 0.119055 0.063042
v -0.022512 0.109018 0.034147
v -0.021979 0.095896 0.039054
v -0.021979 0.095896 0.039054
v -0.052868 0.128553 -0.283649
v -0.071905 0.142195 -0.284613
v -0.065396 0.128860 -0.274585
v -0.071798 0.129393 -0.247595
v -0.038301 0.146782 -0.042023
v -0.037026 0.168011 -0.063465
v -0.023318 0.122010 -0.010762
v -0.022193 0.120965 0.001396
v -0.058997 0.170145 -0.056211
v -0.052589 0.149116 -0.223430
v -0.041821 0.146142 -0.213670
v -0.072012 0.158197 -0.288986
v -0.044613 0.065952 0.022739
v -0.038512 0.063785 0.024931
v -0.040221 0.067627 0.049723
v -0.058997 0.107951 0.144347
v -0.007684 0.063785 0.025612
v -0.069558 0.140168 0.294126
v -0.068808 0.134620 0.289964
v -0.052080 0.120220 0.262958
v -0.039154 0.115418 0.252627
v -0.061024 0.117232 0.242493
v -0.066784 0.124166 0.246546
v -0.038836 0.130027 0.180515
v -0.051635 0.130460 0.184245
v -0.042140 0.086616 0.040550
v -0.022939 0.119152 0.014838
v -0.021979 0.099843 0.026893
v 0.023253 0.095896 0.039054
v -0.071798 0.128540 -0.247275
v -0.071905 0.142195 -0.284613
v -0.041287 0.153389 -0.022306
v -0.049572 0.167798 -0.062612
v 0.023253 0.102190 -0.011619
v -0.047391 0.129596 -0.018233
v -0.021979 0.103043 0.001396
v -0.068923 0.163594 -0.265937
v -0.045343 0.162358 -0.239595
v -0.043101 0.160651 -0.227539
v -0.072758 0.158334 -0.290674
v -0.053983 0.087682 0.034894
v -0.038834 0.071040 0.030200
v -0.007684 0.067626 0.049722
v -0.039794 0.070826 0.041401
v -0.068385 0.103897 0.147761
v -0.072225 0.146246 0.298287
v -0.042146 0.109873 0.234814
v -0.039154 0.131954 0.235452
v -0.040679 0.128120 0.228384
v -0.046408 0.118086 0.062097
v -0.035954 0.128540 0.042254
v -0.037986 0.138009 0.021382
v -0.021979 0.102190 0.014411
v 0.023253 0.099843 0.026893
v -0.049609 0.148276 -0.022927
v -0.044808 0.171425 -0.026558
v -0.051606 0.214953 -0.065279
v 0.023253 0.103043 0.001396
v -0.041834 0.113379 0.001396
v -0.042833 0.114294 -0.009813
v -0.068385 0.172065 -0.051304
v -0.044808 0.160971 -0.229459
v -0.072758 0.196388 -0.267330
v -0.038728 0.069439 0.032547
v -0.053983 0.088642 0.035107
v -0.007684 0.070826 0.041401
v -0.056116 0.128753 0.188299
v -0.052809 0.124806 0.275243
v -0.054303 0.128967 0.286551
v -0.065394 0.128859 0.277376
v -0.072758 0.147418 0.299128
v -0.071798 0.129393 0.250280
v -0.039985 0.145157 0.214308
v -0.055690 0.119366 0.055589
v -0.037025 0.168011 0.066257
v -0.038301 0.146782 0.044708
v -0.023347 0.121999 0.013447
v -0.045661 0.217723 -0.030720
v -0.038834 0.211217 -0.065919
v -0.044168 0.097603 -0.012579
v -0.058139 0.126570 -0.029123
v -0.056116 0.218258 -0.062399
v -0.068919 0.187750 -0.248773
v -0.043101 0.174306 -0.217534
v -0.070518 0.122673 0.196087
v -0.007684 0.069439 0.032547
v -0.052809 0.128540 0.286338
v -0.072225 0.146246 0.298287
v -0.071798 0.128540 0.250067
v -0.052987 0.144421 0.216001
v -0.063603 0.145846 0.230869
v -0.065077 0.120326 0.050575
v -0.058997 0.170145 0.058897
v -0.051584 0.213763 0.067897
v -0.041288 0.153394 0.025085
v -0.047450 0.129529 0.020922
v 0.023253 0.102190 0.014411
v -0.052383 0.172065 -0.028901
v -0.039982 0.247994 -0.069881
v -0.042806 0.114327 0.012503
v -0.038621 0.067626 0.001396
v -0.041903 0.075202 -0.008721
v -0.070518 0.223805 -0.054184
v -0.063588 0.264125 -0.065450
v -0.045355 0.181995 -0.225843
v -0.044911 0.175972 -0.218653
v -0.041181 0.159157 -0.228392
v -0.072758 0.235967 -0.233513
v -0.064651 0.142728 0.236092
v -0.041181 0.159157 0.231185
v -0.041821 0.146142 0.216356
v -0.044819 0.171426 0.029248
v -0.038835 0.211217 0.068710
v -0.049609 0.148276 0.025719
v -0.057183 0.218258 -0.033062
v -0.040680 0.256086 -0.049293
v -0.052929 0.249412 -0.068693
v -0.039265 0.068313 0.008121
v -0.039261 0.068266 -0.005325
v -0.055370 0.093869 -0.020900
v -0.060487 0.175661 -0.034752
v -0.064651 0.268077 -0.060798
v -0.045353 0.208238 -0.203438
v -0.041181 0.173873 -0.217856
v -0.043101 0.200336 -0.195535
v -0.068919 0.221997 -0.219543
v -0.071798 0.140701 0.244733
v -0.066901 0.157560 0.254490
v -0.043101 0.160651 0.230331
v -0.052670 0.149134 0.226296
v -0.068385 0.172065 0.053989
v -0.056116 0.218258 0.065084
v -0.045661 0.217723 0.033512
v -0.039981 0.247969 0.072670
v -0.058154 0.126864 0.031861
v -0.044168 0.097603 0.015371
v -0.061024 0.266264 -0.034662
v -0.042143 0.256766 -0.029979
v -0.039154 0.264130 -0.050877
v -0.041821 0.250368 -0.070186
v -0.040434 0.059838 0.001396
v -0.044280 0.068637 -0.008621
v -0.064864 0.121499 -0.034342
v -0.068278 0.173452 -0.038076
v -0.071798 0.275652 -0.056318
v -0.066901 0.290106 -0.069214
v -0.041181 0.200336 -0.195535
v -0.044915 0.201616 -0.196815
v -0.068919 0.253892 -0.182308
v -0.070732 0.153716 0.274710
v -0.044808 0.160971 0.232145
v -0.045363 0.162360 0.242411
v -0.063639 0.264180 0.068206
v -0.052383 0.172065 0.031693
v -0.040680 0.256108 0.052085
v -0.053010 0.249501 0.071378
v -0.066784 0.272238 -0.039996
v -0.041077 0.275616 -0.028059
v -0.041077 0.275616 -0.028059
v -0.041181 0.268397 -0.077974
v -0.043101 0.268077 -0.079681
v -0.052954 0.260968 -0.069973
v -0.041933 0.075280 0.011542
v -0.040876 0.060299 0.007387
v -0.040871 0.060285 -0.004589
v -0.070518 0.225512 -0.041383
v -0.070732 0.308189 -0.059411
v -0.045378 0.236852 -0.169954
v -0.044915 0.229246 -0.164384
v -0.043101 0.227752 -0.163317
v -0.072758 0.269784 -0.193935
v -0.072012 0.158180 0.291731
v -0.043101 0.174974 0.219828
v -0.068922 0.163600 0.268613
v -0.070733 0.232473 0.057226
v -0.070487 0.306579 0.062157
v -0.057183 0.218258 0.035854
v -0.042156 0.256774 0.032769
v -0.041821 0.250368 0.072978
v -0.039154 0.264130 0.053563
v -0.060428 0.174838 0.037486
v -0.054623 0.094936 0.023265
v -0.065391 0.302960 -0.034980
v -0.052082 0.286730 -0.031149
v -0.039154 0.275333 -0.029734
v -0.044808 0.269997 -0.079361
v -0.045374 0.280163 -0.077560
v -0.072012 0.325791 -0.058345
v -0.068923 0.305423 -0.070592
v -0.041181 0.227752 -0.163317
v -0.068919 0.279395 -0.140599
v -0.072758 0.296988 -0.149556
v -0.072758 0.158304 0.293379
v -0.045350 0.181567 0.228927
v -0.041181 0.159157 0.231185
v -0.044912 0.176003 0.221317
v -0.066899 0.290093 0.072009
v -0.061024 0.266264 0.037347
v -0.041181 0.272878 0.032760
v -0.052752 0.260765 0.072765
v -0.043101 0.268077 0.082473
v -0.041181 0.268397 0.080659
v -0.068278 0.173452 0.040868
v -0.064864 0.121504 0.037134
v -0.071798 0.277465 -0.043836
v -0.069557 0.322467 -0.040422
v -0.052809 0.290053 0.001396
v -0.041076 0.278000 0.001396
v -0.043101 0.262711 -0.096097
v -0.049502 0.080321 0.017078
v -0.072758 0.327366 -0.057990
v -0.045347 0.259868 -0.132382
v -0.043101 0.249835 -0.127260
v -0.041181 0.249835 -0.127260
v -0.072758 0.196388 0.270016
v -0.072758 0.166838 0.288152
v -0.041181 0.174908 0.219876
v -0.043101 0.200336 0.198220
v -0.072012 0.325786 0.061137
v -0.068923 0.305424 0.073378
v -0.066784 0.272238 0.042681
v -0.041103 0.275680 0.030744
v -0.052075 0.286629 0.033938
v -0.045375 0.280170 0.080331
v -0.044808 0.269997 0.082153
v -0.039154 0.275331 0.032547
v -0.070518 0.225512 0.044068
v -0.052811 0.299761 -0.031675
v -0.068811 0.316830 -0.036582
v -0.052827 0.314006 0.001396
v -0.039154 0.277978 0.001649
v -0.044911 0.264336 -0.096974
v -0.041181 0.268397 -0.077974
v -0.072758 0.316937 -0.101443
v -0.068920 0.296679 -0.098990
v -0.044915 0.251435 -0.128113
v -0.068919 0.187750 0.251565
v -0.045368 0.208250 0.206138
v -0.041181 0.200336 0.198220
v -0.044915 0.201616 0.199501
v -0.072758 0.327386 0.060723
v -0.065390 0.302960 0.037665
v -0.043101 0.262629 0.099133
v -0.071905 0.316617 -0.044583
v -0.052837 0.311502 -0.031893
v -0.069558 0.325791 0.001396
v -0.045385 0.273034 -0.100499
v -0.041181 0.262869 -0.095625
v -0.072758 0.235967 0.236198
v -0.043101 0.227752 0.166110
v -0.044915 0.229246 0.167177
v -0.072012 0.315336 0.104022
v -0.068920 0.296677 0.101676
v -0.071798 0.277465 0.046522
v -0.069557 0.322469 0.043215
v -0.052811 0.299761 0.034467
v -0.044913 0.264299 0.099877
v -0.041181 0.268397 0.080659
v -0.072758 0.329524 -0.045863
v -0.072758 0.333152 0.001396
v -0.068807 0.319709 0.001396
v -0.068919 0.221996 0.222229
v -0.041181 0.227752 0.166110
v -0.072758 0.316242 0.103974
v -0.045391 0.273040 0.103294
v -0.068811 0.316830 0.039267
v -0.052838 0.311502 0.034579
v -0.041181 0.262760 0.098736
v -0.043101 0.249835 0.130052
v -0.071798 0.276505 -0.043516
v -0.071905 0.316617 -0.044583
v -0.068919 0.253892 0.184995
v -0.045378 0.236852 0.172748
v -0.041181 0.249835 0.130052
v -0.072758 0.296988 0.152241
v -0.045345 0.259866 0.135174
v -0.071905 0.316617 0.047268
v -0.044915 0.251435 0.130905
v -0.072758 0.329525 0.048549
v -0.072758 0.269784 0.196620
v -0.068919 0.279394 0.143285
v -0.071798 0.276505 0.046308
v -0.071905 0.316617 0.047268
v 0.164924 -0.434623 0.077139
v -0.048969 -0.440704 0.021985
v -0.048969 -0.434623 0.077139
v -0.058143 -0.438677 0.021878
v -0.048969 -0.421715 0.131012
v 0.164924 -0.440704 0.021985
v -0.058143 -0.437717 -0.033275
v -0.058143 -0.432596 0.076819
v 0.164924 -0.421715 0.131012
v 0.164924 -0.439744 -0.033488
v 0.174099 -0.438677 0.021878
v -0.071265 -0.430783 -0.032742
v -0.048969 -0.439744 -0.033488
v -0.071265 -0.431636 0.021558
v -0.048969 -0.402086 0.182965
v 0.174099 -0.432596 0.076819
v -0.058143 -0.419688 0.130479
v 0.174099 -0.437717 -0.033275
v -0.071265 -0.423102 -0.086508
v -0.058143 -0.429929 -0.088002
v -0.071265 -0.425769 0.075538
v 0.164924 -0.402086 0.182965
v 0.174099 -0.419688 0.130479
v 0.174099 -0.429929 -0.088002
v 0.164924 -0.431956 -0.088428
v 0.187220 -0.430783 -0.032742
v 0.187220 -0.431636 0.021558
v -0.071265 -0.430783 -0.032742
v -0.071265 -0.423102 -0.086508
v -0.071265 -0.408700 -0.138995
v -0.087587 -0.405286 -0.107097
v -0.048969 -0.431956 -0.088428
v -0.087587 -0.416061 -0.053331
v -0.058143 -0.400272 0.182112
v -0.048969 -0.376162 0.232038
v 0.187220 -0.425769 0.075538
v -0.071265 -0.413074 0.128452
v 0.187220 -0.423102 -0.086508
v -0.071265 -0.408700 -0.138995
v -0.071265 -0.430783 -0.032742
v -0.071265 -0.408700 -0.138995
v -0.087587 -0.387684 -0.158944
v -0.058143 -0.415314 -0.141235
v -0.087587 -0.419581 0.001396
v 0.164924 -0.376162 0.232038
v 0.174099 -0.400272 0.182112
v 0.187220 -0.413074 0.128452
v 0.187220 -0.408700 -0.138995
v 0.174099 -0.415314 -0.141235
v 0.164924 -0.417341 -0.141875
v 0.187220 -0.430783 -0.032742
v 0.187220 -0.408700 -0.138995
v 0.187220 -0.423102 -0.086508
v 0.203542 -0.405286 -0.107097
v 0.203542 -0.416061 -0.053331
v -0.087587 -0.363361 -0.208123
v -0.072332 -0.313861 -0.128433
v -0.072332 -0.328263 -0.086401
v -0.048969 -0.417341 -0.141875
v -0.072332 -0.336904 -0.042876
v -0.071265 -0.393871 0.179231
v -0.058143 -0.374456 0.230864
v -0.048969 -0.344265 0.277377
v 0.203542 -0.419581 0.001396
v -0.087587 -0.416061 0.056016
v 0.187220 -0.430783 -0.032742
v 0.203542 -0.387684 -0.158944
v 0.187220 -0.408700 -0.138995
v -0.071265 -0.387897 -0.189134
v -0.071265 -0.361014 -0.236287
v -0.072332 -0.294232 -0.168225
v -0.058143 -0.394191 -0.192228
v -0.072332 -0.339785 0.001396
v 0.164924 -0.344265 0.277377
v 0.174099 -0.374456 0.230864
v 0.187220 -0.393871 0.179231
v 0.203542 -0.416061 0.056016
v 0.187220 -0.387897 -0.189134
v 0.174099 -0.394191 -0.192228
v 0.164924 -0.396005 -0.193081
v 0.203542 -0.363361 -0.208123
v 0.188287 -0.328263 -0.086401
v 0.188287 -0.313861 -0.128433
v 0.188287 -0.336904 -0.042876
v -0.071265 -0.387897 -0.189134
v -0.071265 -0.361014 -0.236287
v -0.087587 -0.332744 -0.253676
v -0.072332 -0.269483 -0.205029
v -0.048969 -0.396005 -0.193081
v -0.087587 -0.405286 0.109783
v -0.071265 -0.368482 0.227237
v -0.058143 -0.342665 0.276097
v -0.048969 -0.307034 0.318449
v 0.188287 -0.339785 0.001396
v -0.072332 -0.336904 0.045668
v 0.187220 -0.361014 -0.236287
v 0.187220 -0.387897 -0.189134
v 0.188287 -0.294232 -0.168225
v 0.187220 -0.361014 -0.236287
v -0.071265 -0.328370 -0.279812
v -0.058143 -0.366775 -0.240127
v 0.164924 -0.307034 0.318449
v 0.174099 -0.342665 0.276097
v 0.187220 -0.368482 0.227237
v 0.203542 -0.405286 0.109783
v 0.188287 -0.336904 0.045668
v 0.174099 -0.366775 -0.240127
v -0.048969 -0.368588 -0.241301
v 0.188287 -0.269483 -0.205029
v 0.203542 -0.332744 -0.253676
v -0.087587 -0.296579 -0.294854
v -0.072332 -0.240146 -0.238420
v -0.072332 -0.328263 0.089194
v -0.087587 -0.387684 0.161736
v -0.071265 -0.337224 0.271723
v -0.058143 -0.305541 0.316955
v 0.164924 -0.264789 0.354506
v 0.164924 -0.368588 -0.241301
v 0.187220 -0.328370 -0.279812
v -0.071265 -0.290499 -0.318750
v -0.058143 -0.333704 -0.284293
v -0.048969 -0.264789 0.354506
v 0.174099 -0.305541 0.316955
v 0.187220 -0.337224 0.271723
v 0.203542 -0.387684 0.161736
v 0.188287 -0.328263 0.089194
v 0.174099 -0.333704 -0.284293
v -0.048969 -0.335197 -0.285573
v 0.188287 -0.240146 -0.238420
v 0.203542 -0.296579 -0.294854
v -0.087587 -0.255188 -0.331018
v -0.072332 -0.206648 -0.267650
v -0.072332 -0.313861 0.131225
v -0.087587 -0.363361 0.210809
v -0.071265 -0.300740 0.311941
v -0.058143 -0.263615 0.352800
v -0.048969 -0.218490 0.384910
v 0.174099 -0.263615 0.352800
v 0.164924 -0.335197 -0.285573
v 0.187220 -0.290499 -0.318750
v -0.071265 -0.248147 -0.352674
v -0.058143 -0.295192 -0.323871
v 0.164924 -0.218490 0.384910
v 0.187220 -0.300740 0.311941
v 0.203542 -0.363361 0.210809
v 0.188287 -0.313861 0.131225
v 0.174099 -0.295192 -0.323871
v 0.164924 -0.296579 -0.325471
v 0.188287 -0.206648 -0.267650
v 0.203542 -0.255188 -0.331018
v -0.087587 -0.209529 -0.361422
v -0.072332 -0.169630 -0.292294
v -0.048969 -0.296579 -0.325471
v -0.072332 -0.294232 0.171017
v -0.087587 -0.332744 0.256468
v -0.071265 -0.259348 0.347252
v -0.058143 -0.217423 0.383203
v -0.048969 -0.168670 0.409340
v 0.174099 -0.217423 0.383203
v 0.187220 -0.259348 0.347252
v 0.187220 -0.248147 -0.352674
v -0.071265 -0.201741 -0.381051
v -0.058143 -0.252094 -0.358435
v 0.164924 -0.168670 0.409340
v 0.203542 -0.332744 0.256468
v 0.188287 -0.294232 0.171017
v 0.174099 -0.252094 -0.358435
v -0.048969 -0.253267 -0.360142
v 0.188287 -0.169630 -0.292294
v 0.203542 -0.209529 -0.361422
v -0.087587 -0.160243 -0.385639
v -0.072332 -0.129732 -0.311923
v -0.072332 -0.269483 0.207928
v -0.087587 -0.296579 0.297646
v -0.071265 -0.214009 0.377123
v -0.058143 -0.167924 0.407420
v 0.164924 -0.116184 0.427369
v 0.174099 -0.167924 0.407420
v 0.187220 -0.214009 0.377123
v 0.203542 -0.296579 0.297646
v 0.164924 -0.253267 -0.360142
v 0.187220 -0.201741 -0.381051
v -0.071265 -0.152241 -0.403454
v -0.058143 -0.205048 -0.387239
v -0.048969 -0.116184 0.427369
v 0.188287 -0.269483 0.207928
v 0.174099 -0.205048 -0.387239
v -0.048969 -0.206008 -0.389052
v 0.188287 -0.129732 -0.311923
v 0.203542 -0.160243 -0.385639
v -0.087587 -0.108183 -0.403347
v -0.072332 -0.087593 -0.326218
v -0.072332 -0.240146 0.241319
v -0.087587 -0.255188 0.333811
v -0.071265 -0.165257 0.401019
v -0.058143 -0.115650 0.425342
v -0.048969 -0.061884 0.438677
v 0.174099 -0.115650 0.425342
v 0.187220 -0.165257 0.401019
v 0.203542 -0.255188 0.333811
v 0.188287 -0.240146 0.241319
v 0.164924 -0.206008 -0.389052
v 0.187220 -0.152241 -0.403454
v -0.071265 -0.100288 -0.419349
v -0.058143 -0.154695 -0.409962
v 0.164924 -0.061884 0.438677
v 0.174099 -0.154695 -0.409962
v -0.048969 -0.155442 -0.411882
v 0.188287 -0.087593 -0.326218
v 0.203542 -0.108183 -0.403347
v -0.087587 -0.054309 -0.414015
v -0.072332 -0.043961 -0.334859
v -0.072332 -0.206648 0.270549
v -0.087587 -0.209529 0.364214
v -0.071265 -0.113837 0.418621
v -0.058143 -0.061564 0.436543
v -0.048969 -0.006623 0.442944
v 0.174099 -0.061564 0.436543
v 0.187220 -0.113837 0.418621
v 0.203542 -0.209529 0.364214
v 0.188287 -0.206648 0.270549
v 0.164924 -0.155442 -0.411882
v 0.187220 -0.100288 -0.419349
v -0.071265 -0.046735 -0.428737
v -0.058143 -0.101889 -0.426177
v 0.164924 -0.006623 0.442944
v 0.174099 -0.101889 -0.426177
v 0.164924 -0.102422 -0.428204
v 0.188287 -0.043961 -0.334859
v 0.203542 -0.054309 -0.414015
v -0.087587 0.000631 -0.417536
v -0.072332 0.000417 -0.337739
v -0.048969 -0.102422 -0.428204
v -0.072332 -0.169630 0.295192
v -0.087587 -0.160243 0.388431
v -0.071265 -0.060604 0.429716
v -0.058143 -0.006623 0.440917
v 0.164924 0.048850 0.440384
v 0.174099 -0.006623 0.440917
v 0.187220 -0.060604 0.429716
v 0.203542 -0.160243 0.388431
v 0.188287 -0.169630 0.295192
v 0.187220 -0.046735 -0.428737
v -0.071265 0.007458 -0.431191
v -0.058143 -0.047482 -0.435671
v -0.048969 0.048850 0.440384
v 0.174099 -0.047482 -0.435671
v -0.048969 -0.047802 -0.437698
v 0.188287 0.000417 -0.337739
v 0.203542 0.000631 -0.417536
v -0.087587 0.055464 -0.414015
v -0.072332 0.044796 -0.334859
v -0.072332 -0.129732 0.314822
v -0.087587 -0.108183 0.406033
v -0.071265 -0.006410 0.433983
v -0.058143 0.048530 0.438357
v -0.048969 0.103470 0.430889
v 0.174099 0.048530 0.438357
v 0.187220 -0.006410 0.433983
v 0.203542 -0.108183 0.406033
v 0.188287 -0.129732 0.314822
v 0.164924 -0.047802 -0.437698
v 0.187220 0.007458 -0.431191
v -0.071265 0.061652 -0.426924
v -0.058143 0.007565 -0.438232
v 0.164924 0.103470 0.430889
v 0.174099 0.007565 -0.438232
v 0.164924 0.007672 -0.440259
v 0.188287 0.044796 -0.334859
v 0.203542 0.055464 -0.414015
v -0.087587 0.109338 -0.403347
v -0.072332 0.088535 -0.326218
v -0.048969 0.007672 -0.440259
v -0.072332 -0.087594 0.329117
v -0.087587 -0.054309 0.416701
v -0.071265 0.047783 0.431423
v -0.058143 0.102937 0.428862
v -0.048969 0.156490 0.414567
v 0.174099 0.102937 0.428862
v 0.187220 0.047783 0.431423
v 0.203542 -0.054309 0.416701
v 0.188287 -0.087594 0.329117
v 0.187220 0.061652 -0.426924
v -0.071265 0.114885 -0.415936
v -0.058143 0.062612 -0.433858
v 0.164924 0.156490 0.414567
v 0.174099 0.062612 -0.433858
v 0.164924 0.062932 -0.435885
v 0.188287 0.088535 -0.326218
v 0.203542 0.109338 -0.403347
v -0.087587 0.161397 -0.385638
v -0.072332 0.130673 -0.311923
v -0.048969 0.062932 -0.435885
v -0.072332 -0.043962 0.337758
v -0.087587 0.000631 0.420328
v -0.071265 0.101337 0.422142
v -0.058143 0.155743 0.412754
v -0.048969 0.207056 0.391845
v 0.187220 0.101337 0.422142
v 0.203542 0.000631 0.420328
v 0.188287 -0.043962 0.337758
v 0.187220 0.114885 -0.415936
v -0.071265 0.166305 -0.398227
v -0.058143 0.116699 -0.422656
v 0.164924 0.207056 0.391845
v 0.174099 0.116699 -0.422656
v -0.048969 0.117232 -0.424577
v 0.188287 0.130673 -0.311923
v 0.203542 0.161397 -0.385638
v -0.087587 0.210683 -0.361422
v -0.072332 0.170572 -0.292293
v -0.072332 0.000417 0.340638
v -0.087587 0.055464 0.416701
v -0.071265 0.153290 0.406140
v -0.058143 0.206096 0.390031
v -0.048969 0.254316 0.362828
v 0.203542 0.055464 0.416701
v 0.188287 0.000417 0.340638
v 0.164924 0.117232 -0.424577
v 0.187220 0.166305 -0.398227
v -0.071265 0.215057 -0.374330
v -0.058143 0.168972 -0.404734
v 0.164924 0.254316 0.362828
v 0.174099 0.168972 -0.404734
v 0.164924 0.169718 -0.406654
v 0.188287 0.170572 -0.292293
v 0.203542 0.210683 -0.361422
v -0.087587 0.256342 -0.331018
v -0.072332 0.207590 -0.267650
v -0.048969 0.169718 -0.406654
v -0.072332 0.044796 0.337758
v -0.087587 0.109338 0.406033
v -0.071265 0.202789 0.383844
v -0.058143 0.253142 0.361121
v 0.164924 0.297628 0.328157
v 0.203542 0.109338 0.406033
v 0.188287 0.044796 0.337758
v 0.187220 0.215057 -0.374330
v -0.071265 0.260396 -0.344460
v -0.058143 0.218471 -0.380411
v -0.048969 0.297628 0.328157
v 0.174099 0.218471 -0.380411
v -0.048969 0.219538 -0.382225
v 0.188287 0.207590 -0.267650
v 0.203542 0.256342 -0.331018
v -0.087587 0.297734 -0.294854
v -0.072332 0.240981 -0.238420
v -0.072332 0.088535 0.329117
v -0.087587 0.161397 0.388431
v -0.071265 0.249088 0.355467
v -0.058143 0.296241 0.326663
v -0.048969 0.336245 0.288365
v 0.203542 0.161397 0.388431
v 0.188287 0.088535 0.329117
v 0.164924 0.219538 -0.382225
v -0.071265 0.301788 -0.309149
v -0.058143 0.264663 -0.350114
v 0.164924 0.336245 0.288365
v 0.164924 0.265837 -0.351714
v 0.188287 0.240981 -0.238420
v 0.203542 0.297734 -0.294854
v -0.087587 0.334005 -0.253675
v -0.072332 0.270424 -0.205029
v -0.048969 0.265837 -0.351714
v -0.072332 0.130673 0.314822
v -0.087587 0.210683 0.364214
v -0.071265 0.291547 0.321542
v -0.058143 0.334752 0.286978
v -0.048969 0.369530 0.243986
v 0.203542 0.210683 0.364214
v 0.188287 0.130673 0.314822
v -0.071265 0.338273 -0.269037
v -0.058143 0.306589 -0.314269
v 0.164924 0.369530 0.243986
v 0.164924 0.308082 -0.315656
v 0.188287 0.270424 -0.205029
v 0.203542 0.334005 -0.253675
v -0.087587 0.364516 -0.208123
v -0.072332 0.295067 -0.168225
v -0.048969 0.308082 -0.315656
v -0.072332 0.170572 0.295193
v -0.087587 0.256342 0.333811
v -0.071265 0.329418 0.282498
v -0.058143 0.367823 0.242919
v 0.164924 0.397053 0.195873
v 0.203542 0.256342 0.333811
v 0.188287 0.170572 0.295193
v -0.071265 0.369530 -0.224552
v -0.058143 0.343713 -0.273411
v -0.048969 0.397053 0.195873
v 0.164924 0.345313 -0.274585
v 0.188287 0.295067 -0.168225
v 0.203542 0.364516 -0.208123
v -0.087587 0.388839 -0.158944
v -0.072332 0.314803 -0.128433
v -0.048969 0.345313 -0.274585
v -0.072332 0.207590 0.270549
v -0.087587 0.297734 0.297646
v -0.071265 0.362062 0.239079
v -0.058143 0.395240 0.194913
v -0.048969 0.418282 0.144560
v 0.203542 0.297734 0.297646
v 0.188287 0.207590 0.270549
v -0.071265 0.394920 -0.176546
v -0.058143 0.375504 -0.228179
v 0.164924 0.418282 0.144560
v -0.048969 0.377211 -0.229246
v 0.188287 0.314803 -0.128433
v 0.203542 0.388839 -0.158944
v -0.087587 0.406441 -0.107097
v -0.072332 0.329098 -0.086401
v -0.072332 0.240981 0.241319
v -0.087587 0.334005 0.256468
v -0.071265 0.388945 0.191926
v -0.058143 0.416362 0.143920
v -0.048969 0.433004 0.091114
v 0.203542 0.334005 0.256468
v 0.188287 0.240981 0.241319
v 0.164924 0.377211 -0.229246
v -0.071265 0.414122 -0.125660
v -0.058143 0.401320 -0.179319
v 0.164924 0.433004 0.091114
v 0.164924 0.403134 -0.180173
v 0.188287 0.329098 -0.086401
v 0.203542 0.406441 -0.107097
v -0.087587 0.417216 -0.053331
v -0.072332 0.337739 -0.042876
v -0.048969 0.403134 -0.180173
v -0.072332 0.270424 0.207928
v -0.087587 0.364516 0.210809
v -0.071265 0.409748 0.141680
v -0.058143 0.430977 0.090687
v 0.164924 0.440792 0.036174
v 0.203542 0.364516 0.210809
v 0.188287 0.270424 0.207928
v -0.071265 0.426710 -0.072853
v -0.058143 0.420736 -0.127687
v -0.048969 0.440792 0.036174
v 0.164924 0.422763 -0.128327
v 0.188287 0.337739 -0.042876
v 0.203542 0.417216 -0.053331
v -0.087587 0.420843 0.001396
v -0.072332 0.340726 0.001396
v -0.048969 0.422763 -0.128327
v -0.072332 0.295067 0.171017
v -0.087587 0.388839 0.161736
v -0.071265 0.424150 0.089300
v -0.058143 0.438765 0.036067
v -0.048969 0.441752 -0.019300
v 0.203542 0.388839 0.161736
v 0.188287 0.295067 0.171017
v -0.071265 0.432684 -0.018766
v -0.058143 0.433644 -0.074027
v 0.164924 0.441752 -0.019300
v -0.048969 0.435671 -0.074347
v 0.188287 0.340726 0.001396
v 0.203542 0.420843 0.001396
v -0.087587 0.417216 0.056016
v -0.072332 0.337739 0.045668
v -0.072332 0.314803 0.131225
v -0.087587 0.406441 0.109783
v -0.071265 0.431831 0.035534
v -0.058143 0.439725 -0.019193
v 0.164924 0.435671 -0.074347
v 0.203542 0.406441 0.109783
v 0.188287 0.314803 0.131225
v 0.188287 0.337739 0.045668
v 0.203542 0.417216 0.056016
v -0.072332 0.329098 0.089194
v 0.188287 0.329098 0.089194
v -0.072438 0.234799 0.207875
v -0.072438 0.233193 0.205048
v -0.072438 0.244409 0.202019
v -0.072438 0.234988 0.211264
v -0.072438 0.246172 0.195585
v -0.071912 0.241255 0.208198
v -0.071798 0.236073 0.209422
v -0.072438 0.227979 0.210827
v -0.072438 0.242458 0.194574
v -0.072438 0.252479 0.210421
v -0.071798 0.240131 0.209999
v -0.072438 0.244074 0.208568
v -0.071798 0.230239 0.213705
v -0.060704 0.228237 0.210510
v -0.072438 0.257983 0.175467
v -0.072438 0.257819 0.206208
v -0.072438 0.251590 0.213469
v -0.072438 0.234047 0.216036
v -0.071798 0.226588 0.217334
v -0.072438 0.216742 0.221959
v -0.070625 0.251748 0.182454
v -0.072438 0.250857 0.193351
v -0.060704 0.244835 0.191556
v -0.071798 0.259214 0.204401
v -0.072438 0.265010 0.209136
v -0.071798 0.250795 0.211449
v -0.072438 0.247595 0.218063
v -0.072438 0.228182 0.215609
v -0.071798 0.230239 0.213705
v -0.072438 0.228182 0.215609
v -0.071798 0.226588 0.217334
v -0.072438 0.216967 0.225538
v -0.060704 0.216219 0.222464
v -0.070625 0.251748 0.182454
v -0.072354 0.262530 0.166536
v -0.072438 0.257983 0.175467
v -0.072438 0.255270 0.186071
v -0.072438 0.250857 0.193351
v -0.071798 0.248464 0.195034
v -0.072438 0.246172 0.195585
v -0.071798 0.248464 0.195034
v -0.072438 0.251782 0.224452
v -0.071798 0.243327 0.220090
v -0.071798 0.219687 0.224035
v -0.072438 0.209227 0.228477
v -0.060704 0.209190 0.228411
v -0.060704 0.253580 0.179813
v -0.072354 0.262530 0.166536
v -0.071798 0.262065 0.175311
v -0.072438 0.260716 0.182218
v -0.071798 0.256022 0.190219
v -0.071798 0.248464 0.195034
v -0.072438 0.261066 0.202175
v -0.072438 0.244256 0.222328
v -0.071798 0.226574 0.219241
v -0.072438 0.222952 0.227024
v -0.072438 0.210961 0.230199
v -0.060704 0.266707 0.159469
v -0.072438 0.264174 0.171038
v -0.072438 0.265922 0.180675
v -0.072209 0.259452 0.184681
v -0.071798 0.262908 0.194210
v -0.072438 0.259682 0.186260
v -0.072438 0.266245 0.195149
v -0.072438 0.238267 0.238178
v -0.072438 0.229991 0.220198
v -0.072438 0.213589 0.230741
v -0.072438 0.202044 0.233637
v -0.071798 0.207851 0.233219
v -0.072438 0.267275 0.158456
v -0.072438 0.278870 0.175369
v -0.072438 0.262567 0.182358
v -0.071798 0.261356 0.182752
v -0.072438 0.282851 0.184056
v -0.072245 0.232263 0.234172
v -0.072438 0.230099 0.233531
v -0.072438 0.213589 0.230741
v -0.071798 0.214097 0.228411
v -0.072438 0.216967 0.225538
v -0.072438 0.203558 0.235894
v -0.060704 0.202043 0.233644
v -0.071798 0.214097 0.228411
v -0.060704 0.274907 0.143387
v -0.072438 0.274272 0.150913
v -0.072438 0.271361 0.168376
v -0.072438 0.262567 0.182358
v -0.071798 0.261356 0.182752
v -0.072438 0.260716 0.182218
v -0.072438 0.227612 0.238523
v -0.071798 0.226899 0.236412
v -0.072438 0.206630 0.265749
v -0.060704 0.202043 0.233644
v -0.072438 0.202044 0.233637
v -0.072438 0.206630 0.265749
v -0.072438 0.203558 0.235894
v -0.071798 0.207851 0.233219
v -0.071798 0.204920 0.235643
v -0.072438 0.274907 0.143387
v -0.071798 0.274230 0.155407
v -0.071798 0.267971 0.166963
v -0.071798 0.278655 0.173230
v -0.072438 0.297631 0.158728
v -0.072438 0.259682 0.186260
v -0.071798 0.261356 0.182752
v -0.072438 0.262567 0.182358
v -0.072438 0.211215 0.236733
v -0.071798 0.204920 0.235643
v -0.072438 0.211215 0.236733
v -0.072438 0.203558 0.235894
v -0.071798 0.204920 0.235643
v -0.072438 0.295799 0.144036
v -0.072438 0.283829 0.154736
v -0.071798 0.278318 0.154375
v -0.071798 0.278655 0.173230
v -0.072438 0.271361 0.168376
v -0.072438 0.278444 0.172244
v -0.072438 0.278870 0.175369
v -0.071798 0.278655 0.173230
v -0.072438 0.282052 0.166216
v -0.072438 0.282052 0.166216
v -0.060704 0.294380 0.143930
v -0.072438 0.276855 0.157195
v -0.072438 0.278444 0.172244
v -0.072438 0.278057 0.159995
v -0.071798 0.278655 0.173230
v -0.072438 0.278444 0.172244
v -0.072438 0.282052 0.166216
v -0.072438 0.286960 0.158109
v -0.060704 0.305949 0.144347
v -0.072218 0.287673 0.156126
v -0.071798 0.282888 0.156287
v -0.071798 0.279708 0.157936
v -0.072438 0.290480 0.157149
v -0.072438 0.281891 0.160953
v -0.072434 0.305937 0.144372
v -0.065081 0.084710 0.099588
v -0.055370 0.050024 0.082473
v -0.053983 0.060265 0.074258
v -0.064971 0.071362 0.104562
v -0.049502 0.040422 0.071911
v -0.068278 0.090882 0.152881
v -0.047475 0.047143 0.061350
v -0.068385 0.103897 0.147761
v -0.040417 0.034496 0.048624
v -0.070518 0.121819 0.195767
v -0.041006 0.024178 0.055670
v -0.070518 0.110084 0.201314
v -0.035100 0.024420 0.040121
v -0.071798 0.128540 0.250067
v -0.034780 0.014713 0.043428
v -0.071798 0.140701 0.244733
v -0.040434 0.018553 0.056870
v -0.072758 0.147418 0.299128
v -0.035100 0.004791 0.046522
v -0.072758 0.157342 0.293056
v -0.040861 0.013646 0.059537
v -0.072758 0.157510 0.305694
v -0.039474 0.001591 0.057723
v -0.072758 0.106457 0.327410
v -0.072758 0.166838 0.288152
v -0.043426 -0.000194 0.067878
v -0.072758 0.103684 0.317275
v -0.072758 0.243434 0.244306
v -0.043208 0.012792 0.066151
v -0.072758 0.057596 0.328366
v -0.072758 0.195535 0.269696
v -0.072758 0.202362 0.279084
v -0.055307 0.008547 0.096396
v -0.072758 0.065971 0.337409
v -0.072758 0.235113 0.235985
v -0.053983 -0.004063 0.095168
v -0.072758 0.035088 0.341918
v -0.072758 0.065971 0.337409
v -0.072758 0.269784 0.196620
v -0.065077 -0.008970 0.130052
v -0.072758 0.045432 0.330062
v -0.072758 0.326964 0.107543
v -0.064864 0.004259 0.126964
v -0.071798 0.031035 0.280364
v -0.072758 0.000844 0.333597
v -0.072758 0.296988 0.152241
v -0.072758 0.278425 0.203341
v -0.068385 0.003831 0.180298
v -0.071798 0.043516 0.278230
v -0.072758 -0.053243 0.340638
v -0.072758 0.316242 0.103974
v -0.072758 0.306589 0.157362
v -0.068278 0.016739 0.177524
v -0.070518 0.017060 0.230438
v -0.072758 0.000417 0.344692
v -0.072758 -0.051002 0.329543
v -0.072758 0.327386 0.060723
v -0.070518 0.029754 0.227984
v -0.072758 -0.101675 0.317382
v -0.072012 0.325786 0.061137
v -0.072758 0.335072 0.073725
v -0.072758 -0.105622 0.328050
v -0.072758 0.339879 0.046250
v -0.072758 -0.149681 0.297433
v -0.072758 0.329525 0.048549
v -0.072758 -0.227664 0.256574
v -0.070692 0.229978 0.056947
v -0.072758 0.343393 0.001396
v -0.072758 -0.155442 0.307461
v -0.072758 -0.194167 0.270229
v -0.071798 0.276505 0.046308
v -0.072758 0.333152 0.001396
v -0.072758 -0.201208 0.279190
v -0.072758 -0.228091 0.241212
v -0.070518 0.225512 0.044068
v -0.072758 0.341260 -0.033275
v -0.072758 -0.241533 0.243559
v -0.068385 0.171105 0.053669
v -0.072758 0.329524 -0.045863
v -0.072758 -0.236933 0.232562
v -0.068278 0.172599 0.040548
v -0.072758 0.335943 -0.066531
v -0.072758 -0.254761 0.229691
v -0.071798 -0.187233 0.209422
v -0.065079 0.119375 0.050257
v -0.072758 0.327366 -0.057990
v -0.072758 -0.267669 0.196620
v -0.071798 -0.196087 0.200461
v -0.064971 0.120541 0.036814
v -0.070687 0.229772 -0.054146
v -0.072758 0.316937 -0.101443
v -0.072758 -0.276844 0.202914
v -0.070518 -0.146588 0.177311
v -0.054703 0.091341 0.022607
v -0.071798 0.276505 -0.043516
v -0.072758 0.326964 -0.104750
v -0.072758 -0.297780 0.169388
v -0.070518 -0.155442 0.167817
v -0.053983 0.087682 0.034894
v -0.070518 0.225512 -0.041383
v -0.072758 0.306589 -0.154570
v -0.072758 -0.292399 0.156194
v -0.068278 -0.115224 0.134639
v -0.044613 0.065952 0.022739
v -0.068385 0.171105 -0.050984
v -0.072758 0.296988 -0.149556
v -0.072758 -0.297862 0.145194
v -0.068385 -0.106369 0.144454
v -0.040876 0.060299 0.007387
v -0.068278 0.172492 -0.037755
v -0.072758 0.269784 -0.193935
v -0.072758 -0.312688 0.139546
v -0.071798 -0.254974 0.116077
v -0.065077 -0.066578 0.111278
v -0.040962 0.057800 0.019947
v -0.064971 0.120540 -0.034128
v -0.072758 0.278425 -0.200549
v -0.072758 -0.314928 0.103915
v -0.071798 -0.249214 0.127278
v -0.064864 -0.075432 0.101035
v -0.040328 0.057918 0.007477
v -0.065077 0.119366 -0.047570
v -0.072758 0.235113 -0.233193
v -0.072758 -0.327090 0.053242
v -0.070518 -0.205688 0.098688
v -0.053983 -0.049936 0.080232
v -0.040434 0.058878 0.001396
v -0.035133 0.044819 0.011571
v -0.053983 0.087682 -0.032101
v -0.072758 0.243434 -0.241514
v -0.072758 -0.338824 0.055163
v -0.070518 -0.211876 0.087380
v -0.054959 -0.060431 0.073012
v -0.034780 0.045223 0.001396
v -0.054629 0.091167 -0.019743
v -0.072758 0.156063 -0.303708
v -0.072758 -0.331250 0.001396
v -0.072758 -0.326023 0.107436
v -0.068385 -0.168244 0.059323
v -0.043403 -0.037048 0.055916
v -0.040871 0.060285 -0.004589
v -0.044979 0.066741 -0.020319
v -0.072758 0.195535 -0.267010
v -0.072758 0.202362 -0.276291
v -0.072758 -0.342985 0.001396
v -0.068278 -0.161629 0.070845
v -0.039474 -0.032547 0.046628
v -0.035123 0.044914 -0.008885
v -0.043601 0.064038 -0.020468
v -0.072758 0.158334 -0.290674
v -0.072758 -0.338824 -0.052371
v -0.064872 -0.117559 0.043276
v -0.040882 -0.043455 0.041132
v -0.039474 0.054824 -0.015459
v -0.072758 0.157342 -0.290369
v -0.072758 -0.327090 -0.050557
v -0.065077 -0.124398 0.031693
v -0.035100 -0.028600 0.035640
v -0.072756 0.147397 -0.296457
v -0.072758 -0.312688 -0.136754
v -0.053983 -0.089727 0.025506
v -0.040434 -0.046522 0.035960
v -0.071798 0.140701 -0.241941
v -0.072758 0.054077 -0.336886
v -0.072758 -0.326023 -0.104644
v -0.072758 -0.314928 -0.101123
v -0.055370 -0.087167 0.037881
v -0.034780 -0.034787 0.027319
v -0.071798 0.128540 -0.247275
v -0.072758 0.103683 -0.314483
v -0.072758 0.138781 -0.312029
v -0.072758 -0.297859 -0.142408
v -0.044437 -0.059891 0.033067
v -0.035100 -0.040654 0.018892
v -0.070518 0.110084 -0.198629
v -0.072758 0.057598 -0.325578
v -0.072758 0.106457 -0.324724
v -0.072758 -0.304580 -0.154036
v -0.044089 -0.064310 0.021089
v -0.040861 -0.050469 0.031373
v -0.070518 0.121819 -0.193081
v -0.072758 0.045434 -0.327384
v -0.072758 -0.292409 -0.153496
v -0.039474 -0.052389 0.019318
v -0.068385 0.103897 -0.145075
v -0.071798 0.043516 -0.275545
v -0.072758 0.000844 -0.330805
v -0.072758 -0.267669 -0.193828
v -0.071798 -0.249214 -0.124593
v -0.068278 0.090882 -0.150089
v -0.071798 0.031035 -0.277572
v -0.072758 -0.053243 -0.337953
v -0.072758 -0.276844 -0.200122
v -0.071798 -0.254974 -0.113391
v -0.065084 0.084714 -0.096942
v -0.070518 0.029754 -0.225299
v -0.072758 -0.051002 -0.326751
v -0.072758 0.000417 -0.341900
v -0.072758 -0.254761 -0.226899
v -0.070518 -0.211876 -0.084695
v -0.064864 0.072213 -0.102083
v -0.070518 0.017059 -0.227752
v -0.072758 -0.101675 -0.314590
v -0.072758 -0.241533 -0.240767
v -0.070518 -0.205688 -0.096003
v -0.055370 0.050024 -0.079681
v -0.068385 0.003831 -0.177613
v -0.072758 -0.105622 -0.325364
v -0.072758 -0.236945 -0.229886
v -0.068385 -0.168244 -0.056638
v -0.053983 0.060265 -0.071466
v -0.068278 0.016739 -0.174839
v -0.072758 -0.149681 -0.294641
v -0.072758 -0.228091 -0.238420
v -0.068278 -0.161629 -0.068053
v -0.044135 0.031595 -0.058414
v -0.064864 0.004258 -0.124274
v -0.072758 -0.194167 -0.267437
v -0.072758 -0.227664 -0.253889
v -0.071798 -0.187232 -0.206630
v -0.064865 -0.117476 -0.040536
v -0.041678 0.036741 -0.048216
v -0.065077 -0.008970 -0.127261
v -0.071798 -0.196087 -0.197668
v -0.065077 -0.124399 -0.028901
v -0.040976 0.024117 -0.052921
v -0.055370 0.008525 -0.093762
v -0.072758 -0.155442 -0.304775
v -0.070518 -0.146587 -0.174519
v -0.055370 -0.087167 -0.035195
v -0.049502 0.040422 -0.069119
v -0.035100 0.024420 -0.037329
v -0.053983 -0.004063 -0.092375
v -0.070518 -0.155442 -0.165131
v -0.053983 -0.089727 -0.022820
v -0.034780 0.014713 -0.040743
v -0.043462 -0.000207 -0.065278
v -0.068278 -0.115224 -0.131954
v -0.044309 -0.059575 -0.030240
v -0.040434 0.018553 -0.054184
v -0.044593 0.012299 -0.066763
v -0.068385 -0.106369 -0.141768
v -0.044008 -0.064107 -0.018262
v -0.040861 0.013646 -0.056851
v -0.039474 0.001591 -0.054931
v -0.064864 -0.075435 -0.098352
v -0.039474 -0.052389 -0.016526
v -0.035100 0.004791 -0.043730
v -0.065077 -0.066471 -0.108591
v -0.040861 -0.050469 -0.028688
v -0.053983 -0.049935 -0.077440
v -0.035100 -0.040654 -0.016206
v -0.054594 -0.059993 -0.069491
v -0.040434 -0.046522 -0.033168
v -0.043457 -0.037114 -0.053252
v -0.034780 -0.034787 -0.024634
v -0.040897 -0.043475 -0.038378
v -0.035100 -0.028600 -0.032848
v -0.039474 -0.032547 -0.043836
v -0.020245 -0.007456 0.062975
v -0.030940 -0.007797 0.062743
v -0.021445 -0.010144 0.057616
v -0.030940 -0.012957 0.072343
v -0.030940 -0.010144 0.057616
v -0.019845 -0.008650 0.056763
v -0.021445 -0.010251 0.068178
v -0.031109 -0.012470 0.066855
v -0.031130 -0.011304 0.062844
v -0.030940 -0.013416 0.052890
v -0.020474 -0.013286 0.052746
v -0.018565 -0.006517 0.055589
v -0.019845 -0.008864 0.069031
v -0.020443 -0.013704 0.073047
v -0.031260 -0.015371 0.069885
v -0.030816 -0.012531 0.058917
v -0.031131 -0.015213 0.055877
v -0.018565 -0.011851 0.050149
v -0.018352 -0.004170 0.062950
v -0.030940 -0.014758 0.073199
v -0.030513 -0.015691 0.069351
v -0.025926 -0.011744 0.062844
v -0.031083 -0.019212 0.054755
v -0.021445 -0.019212 0.052176
v -0.019845 -0.019212 0.050469
v -0.016218 -0.006090 0.055376
v -0.018352 -0.006303 0.070525
v -0.021445 -0.019532 0.073298
v -0.031043 -0.019425 0.070690
v -0.025926 -0.012811 0.066684
v -0.025926 -0.015478 0.056229
v -0.025926 -0.012704 0.059003
v -0.030940 -0.024329 0.052355
v -0.018565 -0.019105 0.048015
v -0.016218 -0.011531 0.049722
v -0.016218 -0.004170 0.062950
v -0.018565 -0.012171 0.075539
v -0.016218 -0.006303 0.070525
v -0.019845 -0.019532 0.075005
v -0.020452 -0.025473 0.072737
v -0.025926 -0.019425 0.070311
v -0.025926 -0.015691 0.069351
v -0.030940 -0.025576 0.072424
v -0.024219 -0.016043 0.064591
v -0.024219 -0.016326 0.060182
v -0.025926 -0.019212 0.055163
v -0.031034 -0.023201 0.055751
v -0.020332 -0.025112 0.052405
v -0.018565 -0.026466 0.049935
v -0.016218 -0.011957 0.076072
v -0.025926 -0.023266 0.069244
v -0.031067 -0.023424 0.069640
v -0.024219 -0.019964 0.058853
v -0.031111 -0.025826 0.058896
v -0.030940 -0.030725 0.061567
v -0.016218 -0.026786 0.049509
v -0.016218 -0.019105 0.047588
v -0.018565 -0.019532 0.077459
v -0.016218 -0.019532 0.077992
v -0.021445 -0.028600 0.067858
v -0.024219 -0.020311 0.066618
v -0.030940 -0.030799 0.063459
v -0.023792 -0.019318 0.062737
v -0.025926 -0.023052 0.056123
v -0.019845 -0.029880 0.056443
v -0.021445 -0.028386 0.057296
v -0.018565 -0.032013 0.055163
v -0.018565 -0.026893 0.075325
v -0.019845 -0.029986 0.068711
v -0.025926 -0.025933 0.066471
v -0.031146 -0.025933 0.066471
v -0.024219 -0.022839 0.060603
v -0.025926 -0.025826 0.058896
v -0.031260 -0.027533 0.062630
v -0.020354 -0.031142 0.062538
v -0.016218 -0.032440 0.054949
v -0.024219 -0.023223 0.063711
v -0.030513 -0.026893 0.062630
v -0.030513 -0.026893 0.062630
v -0.031260 -0.027533 0.062630
v -0.031111 -0.025826 0.058896
v -0.016218 -0.034574 0.062524
v -0.016218 -0.027106 0.075752
v -0.018565 -0.032227 0.069885
v -0.025926 -0.026893 0.062630
v -0.030513 -0.026893 0.062630
v -0.031146 -0.025933 0.066471
v -0.031260 -0.027533 0.062630
v -0.018565 -0.034040 0.062524
v -0.016218 -0.032653 0.070205
v -0.020324 -0.020611 -0.071713
v -0.030940 -0.025612 -0.068586
v -0.021445 -0.025612 -0.068586
v -0.019845 -0.026573 -0.069973
v -0.030940 -0.020292 -0.071427
v -0.020305 -0.030273 -0.064941
v -0.018565 -0.020812 -0.074560
v -0.021275 -0.014972 -0.069705
v -0.031001 -0.024115 -0.066480
v -0.030940 -0.030098 -0.064558
v -0.018565 -0.027959 -0.072000
v -0.018565 -0.013344 -0.073280
v -0.030940 -0.010791 -0.067314
v -0.030824 -0.020172 -0.067741
v -0.031260 -0.026893 -0.063359
v -0.021445 -0.029986 -0.058985
v -0.018565 -0.032867 -0.066132
v -0.016218 -0.020812 -0.075094
v -0.020351 -0.009799 -0.066661
v -0.031073 -0.016171 -0.067199
v -0.025926 -0.023906 -0.066132
v -0.030513 -0.026359 -0.063145
v -0.031039 -0.027481 -0.059230
v -0.030940 -0.029087 -0.053612
v -0.018712 -0.033865 -0.058689
v -0.016218 -0.028279 -0.072427
v -0.016218 -0.013131 -0.073813
v -0.018565 -0.007477 -0.068479
v -0.030940 -0.009610 -0.065919
v -0.031260 -0.012811 -0.064639
v -0.025926 -0.016331 -0.066879
v -0.025926 -0.020172 -0.067519
v -0.020330 -0.029125 -0.053110
v -0.016218 -0.034680 -0.058558
v -0.016218 -0.033293 -0.066346
v -0.016218 -0.007050 -0.068693
v -0.018664 -0.005000 -0.061307
v -0.021445 -0.008970 -0.060905
v -0.031260 -0.012811 -0.064639
v -0.030513 -0.013238 -0.064319
v -0.031073 -0.016171 -0.067199
v -0.030513 -0.013238 -0.064319
v -0.024219 -0.020720 -0.063724
v -0.025926 -0.026359 -0.063145
v -0.025926 -0.027106 -0.059305
v -0.030864 -0.025920 -0.055420
v -0.021445 -0.023906 -0.050344
v -0.018565 -0.031480 -0.051517
v -0.016218 -0.004383 -0.061332
v -0.031209 -0.011957 -0.060692
v -0.030940 -0.008764 -0.055957
v -0.025926 -0.013238 -0.064319
v -0.024219 -0.023414 -0.060710
v -0.031021 -0.022877 -0.052755
v -0.030940 -0.019305 -0.048462
v -0.019845 -0.024652 -0.048850
v -0.016218 -0.031907 -0.051197
v -0.016218 -0.005663 -0.053544
v -0.020400 -0.008844 -0.055016
v -0.025926 -0.011957 -0.060692
v -0.024219 -0.016304 -0.061949
v -0.023792 -0.019532 -0.059945
v -0.025926 -0.025719 -0.055571
v -0.025926 -0.022732 -0.053117
v -0.020446 -0.018283 -0.048282
v -0.018565 -0.025719 -0.046610
v -0.016218 -0.025826 -0.046183
v -0.018565 -0.006197 -0.053758
v -0.031260 -0.012064 -0.056531
v -0.030940 -0.009397 -0.054398
v -0.030513 -0.012598 -0.056745
v -0.024219 -0.021966 -0.056842
v -0.031075 -0.018785 -0.051969
v -0.030940 -0.017718 -0.048530
v -0.016218 -0.010784 -0.047570
v -0.019845 -0.012491 -0.049917
v -0.021445 -0.013451 -0.051304
v -0.025926 -0.012598 -0.056745
v -0.024219 -0.016246 -0.057678
v -0.024219 -0.019105 -0.055891
v -0.025926 -0.018785 -0.052371
v -0.018565 -0.018145 -0.045330
v -0.016218 -0.018145 -0.044796
v -0.018565 -0.010997 -0.047997
v -0.030940 -0.013451 -0.051304
v -0.030513 -0.012598 -0.056745
v -0.031260 -0.012064 -0.056531
v -0.031043 -0.014931 -0.053454
v -0.030513 -0.012598 -0.056745
v -0.025926 -0.015158 -0.053758
v -0.031075 -0.018785 -0.051969
v -0.031043 -0.014931 -0.053454
v -0.031043 -0.014931 -0.053454
v -0.030940 0.063723 0.036071
v -0.020411 0.056574 0.028101
v -0.021225 0.060868 0.032171
v -0.018352 0.064212 0.029239
v -0.020350 0.064339 0.036955
v -0.030940 0.055677 0.028109
v -0.018565 0.067199 0.036387
v -0.018352 0.057705 0.024866
v -0.030940 0.064176 0.037892
v -0.021445 0.050770 0.028919
v -0.031157 0.055343 0.031552
v -0.016218 0.067626 0.036280
v -0.016218 0.064212 0.029239
v -0.019845 0.050344 0.027213
v -0.019845 0.064319 0.043215
v -0.031260 0.060798 0.037667
v -0.021445 0.062719 0.042681
v -0.020320 0.044924 0.030340
v -0.030841 0.051257 0.031566
v -0.031171 0.058451 0.034253
v -0.016218 0.067199 0.044175
v -0.018565 0.049917 0.024759
v -0.018565 0.066666 0.043961
v -0.031097 0.060361 0.041804
v -0.020457 0.060297 0.048202
v -0.030940 0.045096 0.030634
v -0.025926 0.055251 0.032013
v -0.016218 0.049810 0.024332
v -0.030940 0.060275 0.047948
v -0.030513 0.060265 0.037774
v -0.030513 0.060265 0.037774
v -0.031171 0.058451 0.034253
v -0.031260 0.060798 0.037667
v -0.030940 0.041298 0.040585
v -0.030999 0.047506 0.033229
v -0.025926 0.051304 0.031800
v -0.025926 0.058451 0.034253
v -0.016218 0.062719 0.050682
v -0.018565 0.043089 0.028173
v -0.016218 0.042769 0.027746
v -0.018565 0.062399 0.050255
v -0.031041 0.058037 0.045223
v -0.025926 0.059945 0.041721
v -0.030513 0.060265 0.037774
v -0.030940 0.050141 0.050313
v -0.031260 0.045543 0.036814
v -0.021223 0.042547 0.035780
v -0.025926 0.047783 0.033507
v -0.024219 0.052728 0.035253
v -0.024219 0.056121 0.037012
v -0.018565 0.038822 0.034467
v -0.019845 0.055144 0.051216
v -0.030988 0.054252 0.046968
v -0.025926 0.060265 0.037774
v -0.030513 0.060265 0.037774
v -0.021445 0.054824 0.049615
v -0.031260 0.044796 0.040761
v -0.020343 0.041130 0.041409
v -0.016218 0.055678 0.054096
v -0.018565 0.055571 0.053669
v -0.025926 0.057811 0.044921
v -0.024219 0.055382 0.041953
v -0.031116 0.050172 0.046845
v -0.020341 0.048974 0.050386
v -0.030940 0.041596 0.042148
v -0.030513 0.045330 0.040654
v -0.018565 0.038289 0.042041
v -0.025926 0.045543 0.036814
v -0.024219 0.049240 0.037810
v -0.023792 0.052797 0.039267
v -0.016218 0.038396 0.034360
v -0.025926 0.054184 0.046628
v -0.025926 0.050344 0.046415
v -0.030940 0.048224 0.049734
v -0.031260 0.046610 0.044601
v -0.019845 0.043516 0.047268
v -0.021445 0.044796 0.046202
v -0.016218 0.047890 0.053563
v -0.018565 0.047997 0.053136
v -0.030513 0.047037 0.044175
v -0.025926 0.045330 0.040654
v -0.018565 0.041703 0.048869
v -0.016218 0.037862 0.042148
v -0.024219 0.050641 0.042579
v -0.025926 0.047037 0.044175
v -0.016218 0.041276 0.049189
v -0.030940 0.054240 -0.048038
v -0.021445 0.048530 -0.046290
v -0.020274 0.054120 -0.048392
v -0.021445 0.058985 -0.045010
v -0.030940 0.043999 -0.044183
v -0.019845 0.047890 -0.047890
v -0.019845 0.059945 -0.046397
v -0.030940 0.058985 -0.045010
v -0.030938 0.049582 -0.043866
v -0.020313 0.043197 -0.043708
v -0.018352 0.046717 -0.050557
v -0.018565 0.054398 -0.051197
v -0.020261 0.063569 -0.041277
v -0.031127 0.053632 -0.044595
v -0.030990 0.046337 -0.041373
v -0.030940 0.042983 -0.042876
v -0.018352 0.040529 -0.045757
v -0.018565 0.061438 -0.048424
v -0.030887 0.057385 -0.042876
v -0.030940 0.063389 -0.040818
v -0.025926 0.053544 -0.044156
v -0.025926 0.046610 -0.041169
v -0.021358 0.042143 -0.037874
v -0.018565 0.038075 -0.038396
v -0.016218 0.054504 -0.051731
v -0.018565 0.066132 -0.042449
v -0.031140 0.060072 -0.039748
v -0.021445 0.063145 -0.035409
v -0.025926 0.049704 -0.043623
v -0.025926 0.045116 -0.037542
v -0.031100 0.044697 -0.037542
v -0.030940 0.041821 -0.032880
v -0.016218 0.040529 -0.045757
v -0.016218 0.046717 -0.050557
v -0.016218 0.061758 -0.048744
v -0.018565 0.067306 -0.034875
v -0.025926 0.057171 -0.042663
v -0.025926 0.059625 -0.039569
v -0.030940 0.063145 -0.035409
v -0.019845 0.064852 -0.035195
v -0.024219 0.051870 -0.040545
v -0.024219 0.049384 -0.039036
v -0.020344 0.041815 -0.031868
v -0.016218 0.037542 -0.038396
v -0.016218 0.066666 -0.042556
v -0.024219 0.055144 -0.039889
v -0.030917 0.060504 -0.035671
v -0.020468 0.061948 -0.029476
v -0.030940 0.061988 -0.029871
v -0.024219 0.048800 -0.035487
v -0.030513 0.045650 -0.033595
v -0.031260 0.045223 -0.033382
v -0.018565 0.039142 -0.030821
v -0.030940 0.042407 -0.031302
v -0.016218 0.038716 -0.030608
v -0.016218 0.067733 -0.034768
v -0.018565 0.064425 -0.027834
v -0.025926 0.060158 -0.035729
v -0.031110 0.059112 -0.031845
v -0.023792 0.052691 -0.036582
v -0.025926 0.045650 -0.033595
v -0.018565 0.043836 -0.024847
v -0.021325 0.046218 -0.028058
v -0.024219 0.056645 -0.036782
v -0.030940 0.056851 -0.026874
v -0.019845 0.057491 -0.025381
v -0.025926 0.048103 -0.030501
v -0.024219 0.051518 -0.032812
v -0.031088 0.048103 -0.030501
v -0.016218 0.043516 -0.024421
v -0.030940 0.051124 -0.025193
v -0.016218 0.064852 -0.027514
v -0.025926 0.058771 -0.032101
v -0.021445 0.056851 -0.026874
v -0.018565 0.058451 -0.023140
v -0.030739 0.055742 -0.029487
v -0.024219 0.054988 -0.033371
v -0.031260 0.051731 -0.028581
v -0.018565 0.050877 -0.022074
v -0.020282 0.051339 -0.024843
v -0.025926 0.051731 -0.029114
v -0.030513 0.051731 -0.029114
v -0.016218 0.050877 -0.021540
v -0.016218 0.058665 -0.022607
v -0.025926 0.055678 -0.029648
v -0.020444 -0.055936 -0.007074
v -0.021445 -0.053883 -0.001698
v -0.030940 -0.055541 -0.006362
v -0.018721 -0.050221 -0.002780
v -0.030940 -0.052602 0.003210
v -0.030940 -0.056763 -0.007458
v -0.020337 -0.052468 0.004046
v -0.018565 -0.053989 -0.009379
v -0.031157 -0.056090 0.003195
v -0.030994 -0.058584 -0.004357
v -0.021445 -0.061670 -0.008845
v -0.018565 -0.049615 0.004703
v -0.019845 -0.061244 -0.010445
v -0.016218 -0.049509 -0.003085
v -0.030940 -0.053085 0.004897
v -0.031163 -0.056763 -0.000844
v -0.030940 -0.061670 -0.008845
v -0.018565 -0.053243 0.011424
v -0.018565 -0.060710 -0.012899
v -0.016218 -0.053669 -0.009699
v -0.021320 -0.056137 0.008735
v -0.031040 -0.058169 0.006850
v -0.025926 -0.056550 0.003103
v -0.025926 -0.056763 -0.000844
v -0.030920 -0.062252 -0.006255
v -0.030940 -0.066684 -0.009805
v -0.020373 -0.067325 -0.009863
v -0.016218 -0.049189 0.004810
v -0.030940 -0.060499 0.012400
v -0.025926 -0.058790 -0.004151
v -0.031120 -0.066344 -0.006205
v -0.025926 -0.062310 -0.005965
v -0.016218 -0.052816 0.011744
v -0.020271 -0.060531 0.012797
v -0.016218 -0.060603 -0.013326
v -0.018565 -0.068284 -0.012579
v -0.025926 -0.058470 0.006623
v -0.031030 -0.061629 0.009053
v -0.024219 -0.060458 0.000196
v -0.025926 -0.066258 -0.005858
v -0.030940 -0.068316 -0.009035
v -0.018352 -0.059537 0.016011
v -0.019845 -0.072978 -0.006818
v -0.030940 -0.071090 0.010409
v -0.024219 -0.061640 0.004657
v -0.031197 -0.065724 0.008864
v -0.024219 -0.063703 -0.002519
v -0.025926 -0.069565 -0.003725
v -0.031260 -0.069565 -0.003725
v -0.021445 -0.071698 -0.005752
v -0.016218 -0.059537 0.016011
v -0.018352 -0.067324 0.016224
v -0.016218 -0.068498 -0.013112
v -0.018565 -0.074792 -0.008525
v -0.021445 -0.066364 0.011744
v -0.025926 -0.061777 0.008757
v -0.023792 -0.064017 0.001396
v -0.024219 -0.067004 -0.001378
v -0.030995 -0.071722 -0.000273
v -0.030940 -0.075216 -0.001119
v -0.019845 -0.066684 0.013344
v -0.020386 -0.075567 -0.000926
v -0.018565 -0.078312 -0.001804
v -0.020441 -0.071911 0.010103
v -0.031085 -0.069464 0.007295
v -0.024219 -0.065933 0.004919
v -0.025926 -0.065724 0.008864
v -0.025926 -0.071378 -0.000204
v -0.016218 -0.074365 0.012597
v -0.018565 -0.073938 0.012277
v -0.016218 -0.075112 -0.008845
v -0.016218 -0.078846 -0.001911
v -0.030940 -0.072419 0.009171
v -0.024219 -0.067964 0.001835
v -0.031083 -0.071678 0.003800
v -0.018565 -0.077992 0.005770
v -0.016218 -0.078526 0.005983
v -0.021315 -0.074175 0.004632
v -0.025926 -0.069138 0.007050
v -0.025926 -0.071271 0.003636
v -0.031687 -0.016011 0.041294
v -0.031687 -0.029986 0.031906
v -0.031047 -0.007294 0.027176
v -0.031047 -0.027042 0.002619
v -0.031687 0.000524 0.044601
v -0.031047 0.012574 -0.022859
v -0.031687 -0.039374 0.017931
v -0.031687 0.017060 0.041294
v -0.031047 -0.015415 -0.022276
v -0.031047 0.025516 0.012525
v -0.031687 -0.042681 0.001396
v -0.031687 -0.039374 -0.015139
v -0.031687 0.000524 -0.041809
v -0.031687 0.040422 -0.015139
v -0.031687 0.031035 0.031906
v -0.031687 -0.029986 -0.029114
v -0.031687 -0.016011 -0.038502
v -0.031687 0.017060 -0.038502
v -0.031687 0.031035 -0.029114
v -0.031687 0.043730 0.001396
v -0.031687 0.040422 0.017931
v -0.007684 0.063785 -0.022927
v -0.007684 0.043516 -0.050877
v -0.007684 0.070826 -0.038716
v -0.007684 0.067626 -0.047037
v -0.007684 0.069439 -0.029861
v -0.007684 0.055464 -0.019727
v -0.007684 0.060692 -0.052584
v -0.007684 0.046610 -0.021113
v -0.007684 0.051837 -0.053971
v -0.007684 0.039676 -0.026767
v -0.007684 0.036475 -0.035089
v -0.007684 0.037862 -0.043836
v -0.007684 -0.013771 -0.044050
v -0.007684 -0.015478 -0.077334
v -0.007684 -0.002676 -0.065812
v -0.007684 -0.024439 -0.076907
v -0.007684 -0.007477 -0.073280
v -0.007684 -0.002143 -0.056851
v -0.007684 -0.031800 -0.072000
v -0.007684 -0.006197 -0.048957
v -0.007684 -0.035534 -0.055144
v -0.007684 -0.030626 -0.047677
v -0.007684 -0.035960 -0.063999
v -0.007684 -0.022625 -0.043623
v -0.007684 -0.015478 0.080126
v -0.007684 -0.031800 0.074792
v -0.007684 -0.035534 0.057830
v -0.007684 -0.024439 0.079699
v -0.007684 -0.035960 0.066791
v -0.007684 -0.030626 0.050362
v -0.007684 -0.022625 0.046308
v -0.007684 -0.013771 0.046842
v -0.007684 -0.006197 0.051642
v -0.007684 -0.002143 0.059643
v -0.007684 -0.002676 0.068604
v -0.007684 -0.007477 0.076072
v -0.007684 0.060692 0.055376
v -0.007684 0.043516 0.053563
v -0.007684 0.055464 0.022412
v -0.007684 0.067626 0.049722
v -0.007684 0.051837 0.056763
v -0.007684 0.037862 0.046628
v -0.007684 0.070826 0.041401
v -0.007684 0.036475 0.037774
v -0.007684 0.063785 0.025612
v -0.007684 0.039676 0.029453
v -0.007684 0.069439 0.032547
v -0.007684 0.046610 0.023799
v -0.007684 -0.055376 0.016331
v -0.007684 -0.078952 0.009930
v -0.007684 -0.064017 -0.015886
v -0.007684 -0.064017 0.018678
v -0.007684 -0.081299 0.001396
v -0.007684 -0.049082 0.010037
v -0.007684 -0.072658 0.016331
v -0.007684 -0.078952 -0.007245
v -0.007684 -0.046735 0.001396
v -0.007684 -0.072658 -0.013539
v -0.007684 -0.049082 -0.007245
v -0.007684 -0.055376 -0.013539
v -0.031047 0.000524 -0.037969
v -0.030513 -0.007157 -0.037222
v -0.032007 -0.007157 -0.037222
v -0.032007 0.000524 -0.037969
v -0.030513 -0.014518 -0.034982
v -0.032007 0.008205 -0.037222
v -0.032691 -0.007533 -0.039002
v -0.032220 -0.014518 -0.034982
v -0.032860 0.012390 -0.037465
v -0.031047 0.008205 -0.037222
v -0.032860 0.000524 -0.039462
v -0.030513 -0.021345 -0.031355
v -0.032220 0.015566 -0.034982
v -0.030513 0.015566 -0.034982
v -0.032262 0.000524 -0.040431
v -0.032379 -0.015387 -0.037057
v -0.032220 -0.021345 -0.031355
v -0.032220 0.008632 -0.039676
v -0.032860 0.022927 -0.032208
v -0.030513 -0.007690 -0.039676
v -0.032753 -0.022305 -0.032848
v -0.032007 -0.027319 -0.026447
v -0.032220 0.016526 -0.037329
v -0.032327 0.023780 -0.033382
v -0.031047 0.022394 -0.031355
v -0.030513 0.008632 -0.039676
v -0.031047 -0.022732 -0.033382
v -0.030513 -0.015478 -0.037329
v -0.031047 -0.027319 -0.026447
v -0.032753 -0.030264 -0.023993
v -0.032860 0.029114 -0.027194
v -0.031793 0.028368 -0.026447
v -0.032007 -0.029026 -0.028261
v -0.031047 -0.032227 -0.020473
v -0.030513 0.023780 -0.033382
v -0.030513 0.016526 -0.037329
v -0.031793 0.030074 -0.028261
v -0.030513 0.028368 -0.026447
v -0.031047 -0.029026 -0.028261
v -0.032220 -0.035854 -0.013646
v -0.032220 -0.034254 -0.021860
v -0.032220 0.033275 -0.020473
v -0.032860 0.036947 -0.016488
v -0.030513 0.033275 -0.020473
v -0.030513 -0.034254 -0.021860
v -0.030513 -0.035854 -0.013646
v -0.032614 -0.037634 -0.014434
v -0.030513 0.030074 -0.028261
v -0.031047 0.035302 -0.021860
v -0.031047 -0.038094 -0.006285
v -0.032753 -0.038734 -0.006498
v -0.030513 -0.038201 -0.014606
v -0.032131 0.036902 -0.013646
v -0.032215 0.039142 -0.014606
v -0.032540 -0.040548 -0.007352
v -0.032753 0.039782 -0.006498
v -0.030513 0.036902 -0.013646
v -0.030513 0.039142 -0.014606
v -0.032197 0.041505 -0.006818
v -0.032279 -0.038841 0.001396
v -0.032817 -0.039270 0.006090
v -0.031047 0.039142 -0.006285
v -0.030513 -0.038841 0.001396
v -0.032519 -0.041401 0.001396
v -0.032860 0.040760 0.005011
v -0.032007 0.039889 0.001396
v -0.030193 0.042449 -0.007672
v -0.030513 0.039142 -0.014606
v -0.030513 -0.038094 0.009077
v -0.032433 -0.038094 0.009077
v -0.032540 -0.040548 0.010037
v -0.032316 0.042343 0.001396
v -0.031047 0.039889 0.001396
v -0.030513 0.042343 0.001396
v -0.032753 -0.036917 0.016899
v -0.032433 0.039142 0.009077
v -0.032141 0.041512 0.009504
v -0.032007 -0.035854 0.016438
v -0.032007 -0.038201 0.017398
v -0.032540 0.037222 0.016545
v -0.032860 0.038289 0.016971
v -0.030513 0.039142 0.009077
v -0.030513 -0.035854 0.016438
v -0.032500 -0.032579 0.023477
v -0.032559 -0.033859 0.024337
v -0.030513 0.036902 0.016438
v -0.030193 0.042449 0.010357
v -0.032319 0.039142 0.017398
v -0.031047 -0.032227 0.023265
v -0.031047 -0.034254 0.024652
v -0.032540 0.033595 0.023479
v -0.030513 0.039142 0.017398
v -0.032220 0.035302 0.024652
v -0.030513 0.039142 0.017398
v -0.032339 -0.027319 0.029239
v -0.032112 -0.029026 0.030946
v -0.032860 0.030143 0.028717
v -0.030513 0.033275 0.023265
v -0.030513 0.035302 0.024652
v -0.030513 -0.027319 0.029239
v -0.032007 0.028368 0.029239
v -0.032119 0.030074 0.030946
v -0.031047 -0.021345 0.034040
v -0.032860 -0.019502 0.036728
v -0.030513 -0.022732 0.036174
v -0.032299 0.022560 0.034291
v -0.030513 0.028368 0.029239
v -0.030513 0.030074 0.030946
v -0.032767 0.022433 0.035934
v -0.032007 -0.021345 0.034040
v -0.032220 -0.022732 0.036174
v -0.030513 0.022394 0.034040
v -0.031047 0.023780 0.036174
v -0.032220 -0.014518 0.037774
v -0.032326 -0.015478 0.040014
v -0.032007 0.015566 0.037774
v -0.031047 0.015566 0.037774
v -0.032172 0.016526 0.040014
v -0.030513 -0.014518 0.037774
v -0.032860 -0.000612 0.041979
v -0.032860 -0.000612 0.041979
v -0.032326 -0.007584 0.042361
v -0.030513 -0.015478 0.040014
v -0.032860 0.008418 0.040974
v -0.030513 0.016526 0.040014
v -0.032220 0.008632 0.042361
v -0.030513 -0.007157 0.040014
v -0.032220 -0.007157 0.040014
v -0.030513 -0.007690 0.042361
v -0.032433 0.008205 0.040014
v -0.030513 0.008632 0.042361
v -0.032007 0.000524 0.040761
v -0.032220 0.000524 0.043215
v -0.030513 0.008205 0.040014
v -0.030513 0.000524 0.043215
v -0.031047 0.000524 0.040761
v -0.043101 -0.167390 0.223930
v -0.040008 -0.157149 0.204835
v -0.041181 -0.168670 0.222757
v -0.039984 0.009567 -0.255561
v -0.041181 0.008205 -0.277465
v -0.043101 0.006392 -0.277678
v -0.039985 -0.156850 -0.201488
v -0.043101 -0.167390 -0.221138
v -0.041181 -0.168670 -0.219965
v -0.039978 -0.240528 -0.086018
v -0.041181 -0.261908 -0.091629
v -0.043101 -0.262655 -0.090029
v -0.039987 -0.240746 0.088908
v -0.043101 -0.262655 0.092714
v -0.041181 -0.261908 0.094314
v -0.041181 0.159157 0.231185
v -0.043101 0.160651 0.230331
v -0.039985 0.145157 0.214308
v -0.041181 0.268397 0.080659
v -0.039981 0.247969 0.072670
v -0.043101 0.268077 0.082473
v -0.039985 0.145157 -0.211521
v -0.043101 0.160651 -0.227539
v -0.041181 0.159157 -0.228392
v -0.041181 0.268397 -0.077974
v -0.043101 0.268077 -0.079681
v -0.039982 0.247994 -0.069881
v 0.016853 -0.279617 -0.031461
v 0.016729 -0.276203 -0.053331
v 0.016727 -0.270976 -0.074880
v 0.016778 -0.054843 -0.275118
v 0.016853 -0.032973 -0.278638
v 0.016728 -0.010891 -0.280452
v 0.016775 0.282266 -0.010019
v 0.016819 0.277038 -0.053971
v 0.016843 0.280559 -0.032101
v 0.016826 0.011939 0.283138
v 0.016843 0.055891 0.277910
v 0.016848 0.034022 0.281431
v 0.016826 0.156917 -0.233299
v 0.016834 0.118299 -0.254849
v 0.016847 0.138034 -0.244821
v 0.016811 -0.190646 0.208675
v 0.016843 -0.206328 0.193100
v 0.016807 -0.220730 0.176244
v 0.016833 -0.245373 0.139440
v 0.016839 -0.255401 0.119811
v 0.016824 -0.263935 0.099328
v 0.016833 -0.206862 -0.189774
v 0.016853 -0.191180 -0.205456
v 0.016838 -0.174324 -0.219858
v 0.016810 0.076694 -0.270211
v 0.016810 0.033275 -0.278745
v 0.016844 0.055144 -0.275331
v -0.072758 -0.227664 -0.253889
v -0.072758 -0.201208 -0.276398
v -0.072758 -0.155442 -0.304775
v -0.032220 -0.046735 0.001396
v -0.034140 -0.049082 -0.007245
v -0.033500 -0.046095 0.001396
v -0.072758 0.315977 -0.101123
v -0.072758 0.296988 -0.149556
v -0.072758 0.316937 -0.101443
v -0.072758 0.327366 -0.057990
v -0.032220 0.039676 -0.026767
v -0.033500 0.039142 -0.026341
v -0.034140 0.036475 -0.035089
v -0.055370 0.050024 -0.079681
v -0.064971 0.071360 -0.101871
v -0.064864 0.072213 -0.102083
v -0.068278 0.090882 -0.150089
v -0.072758 -0.304580 -0.154036
v -0.072758 -0.295513 -0.170892
v -0.072758 -0.276844 -0.200122
v -0.040220 0.067632 -0.047041
v -0.038408 0.060692 -0.052584
v -0.039901 0.060905 -0.053224
v -0.038728 -0.007477 0.076072
v -0.039901 -0.015371 0.080766
v -0.038408 -0.015478 0.080126
v -0.044135 0.031595 -0.058414
v -0.049502 0.040422 -0.069119
v -0.055370 0.050024 -0.079681
v 0.036588 -0.162589 -0.145715
v 0.036588 -0.088767 -0.199375
v 0.036588 -0.128559 -0.176439
v 0.036588 -0.217850 0.024225
v 0.036588 -0.109250 -0.188921
v 0.036588 -0.146374 -0.161931
v 0.036588 0.046290 0.216036
v 0.036588 -0.208248 -0.066559
v 0.023787 -0.088767 -0.199375
v 0.036588 -0.109250 -0.188921
v 0.036588 -0.088767 -0.199375
v 0.023787 -0.109250 -0.188921
v 0.036588 -0.128559 -0.176439
v 0.023787 -0.128559 -0.176439
v 0.036588 -0.146374 -0.161931
v 0.023787 -0.146374 -0.161931
v 0.036588 -0.162589 -0.145715
v 0.036588 -0.128559 0.178911
v 0.036588 0.209510 -0.066559
v 0.036588 -0.217850 -0.021647
v 0.036588 -0.189579 -0.108591
v 0.023787 -0.067324 -0.207590
v 0.023787 -0.162589 -0.145715
v 0.036588 -0.189579 0.111063
v 0.036588 -0.045028 0.216036
v 0.036588 0.190734 0.111063
v 0.036588 0.089922 -0.199375
v 0.036588 -0.214222 -0.044370
v 0.036588 -0.219023 0.001289
v 0.036588 -0.177098 -0.127793
v 0.036588 -0.200034 -0.088108
v 0.023787 -0.088767 -0.199375
v 0.023787 -0.067324 -0.207590
v 0.023787 -0.045028 -0.213564
v 0.036588 -0.067324 -0.207590
v 0.023787 -0.128559 -0.176439
v 0.023787 -0.109250 -0.188921
v 0.023787 -0.162589 -0.145715
v 0.023787 -0.146374 -0.161931
v 0.036588 -0.177098 -0.127793
v 0.036588 -0.208248 0.069138
v 0.036588 -0.162590 0.148187
v 0.036588 -0.088767 0.201847
v 0.036588 0.000631 0.220836
v 0.036588 0.129713 0.178911
v 0.036588 0.219004 0.024225
v 0.036588 0.163744 -0.145715
v 0.036588 0.000631 -0.218364
v 0.036588 -0.208248 -0.066559
v 0.023787 -0.208248 -0.066559
v 0.036588 -0.214222 -0.044370
v 0.023787 -0.214222 -0.044370
v 0.036588 -0.217850 -0.021647
v 0.023787 -0.217850 -0.021647
v 0.036588 -0.219023 0.001289
v 0.023787 -0.219023 0.001289
v 0.036588 -0.217850 0.024225
v 0.023787 -0.177098 -0.127793
v 0.036588 -0.189579 -0.108591
v 0.023787 -0.189579 -0.108591
v 0.036588 -0.200034 -0.088108
v 0.023787 -0.200034 -0.088108
v 0.023787 -0.045028 -0.213564
v 0.023787 0.000631 -0.218364
v 0.036588 -0.045028 -0.213564
v 0.036588 -0.067324 -0.207590
v 0.036588 -0.214222 0.046948
v 0.036588 -0.200034 0.090580
v 0.036588 -0.177098 0.130372
v 0.036588 -0.146374 0.164510
v 0.036588 -0.109250 0.191499
v 0.036588 -0.067324 0.210168
v 0.036588 0.023567 0.219663
v 0.036588 0.089922 0.201847
v 0.036588 0.163744 0.148187
v 0.036588 0.209510 0.069138
v 0.036588 0.219004 -0.021647
v 0.036588 0.190734 -0.108591
v 0.036588 0.129713 -0.176439
v 0.036588 0.046290 -0.213564
v 0.023787 -0.217850 0.024225
v 0.036588 -0.045028 -0.213564
v 0.023787 0.089922 -0.199375
v 0.023787 -0.022412 -0.217191
v 0.023787 -0.217850 0.024225
v 0.023787 -0.189579 -0.108591
v 0.023787 -0.177098 -0.127793
v 0.036588 -0.214222 0.046948
v 0.023787 -0.214222 0.046948
v 0.036588 -0.208248 0.069138
v 0.023787 -0.208248 0.069138
v 0.036588 -0.200034 0.090580
v 0.023787 -0.200034 0.090580
v 0.036588 -0.189579 0.111063
v 0.023787 -0.189579 0.111063
v 0.036588 -0.177098 0.130372
v 0.023787 -0.177098 0.130372
v 0.036588 -0.162590 0.148187
v 0.023787 -0.162590 0.148187
v 0.036588 -0.146374 0.164510
v 0.036588 -0.128559 0.178911
v 0.023787 -0.146374 0.164510
v 0.036588 -0.109250 0.191499
v 0.023787 -0.128559 0.178911
v 0.036588 -0.088767 0.201847
v 0.023787 -0.109250 0.191499
v 0.036588 -0.067324 0.210168
v 0.023787 -0.088767 0.201847
v 0.036588 -0.045028 0.216036
v 0.023787 -0.067324 0.210168
v 0.036588 -0.022412 0.219663
v 0.023787 -0.045028 0.216036
v 0.036588 0.000631 0.220836
v 0.023787 -0.022412 0.219663
v 0.036588 0.023567 0.219663
v 0.023787 0.000631 0.220836
v 0.036588 0.046290 0.216036
v 0.023787 0.023567 0.219663
v 0.036588 0.068479 0.210168
v 0.036588 0.110404 0.191499
v 0.036588 0.147529 0.164510
v 0.036588 0.178253 0.130372
v 0.036588 0.201189 0.090580
v 0.036588 0.215377 0.046948
v 0.036588 0.215377 -0.044370
v 0.036588 0.201189 -0.088108
v 0.036588 0.147529 -0.161931
v 0.036588 0.110404 -0.188921
v 0.036588 0.068479 -0.207590
v 0.036588 0.023567 -0.217191
v 0.036588 -0.022412 -0.217191
v 0.023787 -0.208248 -0.066559
v 0.023787 -0.200034 -0.088108
v 0.023787 -0.217850 -0.021647
v 0.023787 -0.214222 -0.044370
v 0.023787 -0.219023 0.001289
v 0.023787 -0.022412 -0.217191
v 0.023787 0.046290 -0.213564
v 0.023787 0.209510 -0.066559
v 0.023787 0.000631 -0.218364
v 0.036588 -0.022412 -0.217191
v 0.023787 0.046290 0.216036
v 0.023787 0.046290 0.216036
v 0.036588 0.068479 0.210168
v 0.036588 0.089922 0.201847
v 0.023787 0.068479 0.210168
v 0.036588 0.110404 0.191499
v 0.023787 0.089922 0.201847
v 0.036588 0.129713 0.178911
v 0.023787 0.110404 0.191499
v 0.036588 0.147529 0.164510
v 0.023787 0.129713 0.178911
v 0.023787 0.147529 0.164510
v 0.036588 0.163744 0.148187
v 0.023787 0.163744 0.148187
v 0.036588 0.178253 0.130372
v 0.023787 0.178253 0.130372
v 0.036588 0.190734 0.111063
v 0.023787 0.190734 0.111063
v 0.036588 0.201189 0.090580
v 0.023787 0.201189 0.090580
v 0.036588 0.209510 0.069138
v 0.023787 0.209510 0.069138
v 0.036588 0.215377 0.046948
v 0.023787 0.215377 0.046948
v 0.036588 0.219004 0.024225
v 0.023787 0.219004 0.024225
v 0.036588 0.220178 0.001289
v 0.023787 0.220178 0.001289
v 0.036588 0.219004 -0.021647
v 0.023787 0.219004 -0.021647
v 0.036588 0.215377 -0.044370
v 0.023787 0.215377 -0.044370
v 0.036588 0.209510 -0.066559
v 0.023787 0.209510 -0.066559
v 0.036588 0.201189 -0.088108
v 0.023787 0.201189 -0.088108
v 0.036588 0.190734 -0.108591
v 0.023787 0.190734 -0.108591
v 0.036588 0.178253 -0.127793
v 0.023787 0.178253 -0.127793
v 0.036588 0.163744 -0.145715
v 0.023787 0.163744 -0.145715
v 0.036588 0.147529 -0.161931
v 0.023787 0.147529 -0.161931
v 0.036588 0.129713 -0.176439
v 0.023787 0.129713 -0.176439
v 0.036588 0.110404 -0.188921
v 0.023787 0.110404 -0.188921
v 0.036588 0.089922 -0.199375
v 0.023787 0.089922 -0.199375
v 0.036588 0.068479 -0.207590
v 0.023787 0.068479 -0.207590
v 0.036588 0.046290 -0.213564
v 0.023787 0.046290 -0.213564
v 0.036588 0.023567 -0.217191
v 0.023787 0.023567 -0.217191
v 0.036588 0.000631 -0.218364
v 0.023787 0.023567 -0.217191
v 0.023787 0.068479 -0.207590
v 0.023787 0.163744 -0.145715
v 0.023787 -0.128559 0.178911
v 0.023787 -0.208248 0.069138
v 0.023787 -0.214222 0.046948
v 0.023787 -0.189579 0.111063
v 0.023787 -0.200034 0.090580
v 0.023787 -0.162590 0.148187
v 0.023787 -0.177098 0.130372
v 0.023787 -0.146374 0.164510
v 0.023787 -0.088767 0.201847
v 0.023787 -0.109250 0.191499
v 0.023787 -0.045028 0.216036
v 0.023787 -0.067324 0.210168
v 0.023787 0.000631 0.220836
v 0.023787 -0.022412 0.219663
v 0.023787 0.023567 0.219663
v 0.023787 0.190734 0.111063
v 0.023787 0.129713 -0.176439
v 0.023787 0.190734 -0.108591
v 0.023787 0.089922 0.201847
v 0.023787 0.068479 0.210168
v 0.023787 0.129713 0.178911
v 0.023787 0.110404 0.191499
v 0.023787 0.163744 0.148187
v 0.023787 0.147529 0.164510
v 0.023787 0.178253 0.130372
v 0.023787 0.209510 0.069138
v 0.023787 0.201189 0.090580
v 0.023787 0.219004 0.024225
v 0.023787 0.215377 0.046948
v 0.023787 0.219004 -0.021647
v 0.023787 0.220178 0.001289
v 0.023787 0.215377 -0.044370
v 0.023787 0.201189 -0.088108
v 0.023787 0.178253 -0.127793
v 0.023787 0.147529 -0.161931
v 0.023787 0.110404 -0.188921
vn -0.3006 -0.5574 0.7739
vn -0.2985 -0.6770 0.6727
vn -0.2867 -0.6774 0.6774
vn -0.0087 -0.6790 0.7341
vn -0.3009 -0.7689 0.5642
vn -0.2865 -0.5628 0.7754
vn 0.0300 -0.7856 0.6180
vn -0.0137 -0.6130 0.7899
vn 0.0247 -0.8325 0.5535
vn -0.2867 -0.7751 0.5631
vn -0.2965 -0.4361 0.8496
vn -0.0000 -0.5873 0.8093
vn 0.0110 -0.7238 0.6899
vn 0.0059 -0.8744 0.4852
vn -0.2964 -0.8509 0.4337
vn -0.0000 -0.7071 0.7071
vn -0.2863 -0.4347 0.8539
vn 0.0166 -0.8098 0.5864
vn 0.0211 -0.7318 0.6812
vn 0.0207 -0.6786 0.7342
vn 0.0233 -0.5641 0.8254
vn 0.0091 -0.8797 0.4754
vn -0.2866 -0.8535 0.4351
vn -0.0000 -0.8090 0.5878
vn -0.2864 -0.2963 0.9111
vn -0.0000 -0.4537 0.8912
vn 0.0016 -0.7202 0.6937
vn -0.0074 -0.4818 0.8763
vn 0.0151 -0.9075 0.4197
vn 0.0040 -0.9336 0.3583
vn -0.0000 -0.8909 0.4542
vn -0.2865 -0.9114 0.2955
vn -0.2943 -0.2950 0.9090
vn -0.0002 -0.8094 0.5873
vn -0.0005 -0.8813 0.4725
vn 0.0002 -0.6405 0.7680
vn 0.0455 -0.6481 0.7602
vn 0.0221 -0.5543 0.8320
vn -0.0621 -0.4037 0.9128
vn 0.0090 -0.9290 0.3700
vn -0.2948 -0.9089 0.2951
vn -0.0000 -0.9513 0.3084
vn -0.0000 -0.3094 0.9509
vn -0.2948 -0.1498 0.9438
vn 0.0166 -0.9634 0.2676
vn -0.2864 -0.9463 0.1498
vn -0.0000 -0.1574 0.9875
vn -0.2867 -0.1508 0.9461
vn 0.0204 -0.2642 0.9643
vn 0.0170 -0.3581 0.9335
vn 0.0177 -0.9614 0.2747
vn -0.0054 -0.9817 0.1905
vn -0.0000 -0.9877 0.1564
vn -0.2946 -0.9440 0.1488
vn -0.2867 -0.0000 0.9580
vn 0.0204 -0.1989 0.9798
vn 0.0006 -0.5597 0.8287
vn 0.0789 -0.4706 0.8788
vn -0.0021 -0.9594 0.2821
vn -0.0000 -1.0000 -0.0000
vn -0.2947 -0.9556 0.0005
vn -0.2952 -0.0000 0.9554
vn 0.0204 -0.1099 0.9937
vn 0.0205 -0.3087 0.9509
vn -0.0011 -0.9875 0.1575
vn 0.0150 -0.9927 0.1200
vn -0.2865 -0.9581 0.0002
vn 0.0142 -0.9992 0.0375
vn -0.0000 -0.0000 1.0000
vn -0.2960 0.1494 0.9434
vn 0.0202 -0.1561 0.9875
vn -0.0000 -0.4543 0.8908
vn -0.0000 -0.3086 0.9512
vn 0.0339 -0.9857 0.1649
vn -0.2860 -0.9464 -0.1499
vn -0.0171 -0.9995 -0.0278
vn -0.2961 -0.9434 -0.1492
vn -0.0000 0.1574 0.9875
vn 0.0011 0.0524 0.9986
vn -0.2867 0.1508 0.9461
vn 0.0183 -0.0441 0.9989
vn 0.0168 -0.0315 0.9994
vn 0.0342 -0.9994 -0.0082
vn -0.0000 -0.9877 -0.1564
vn 0.0364 -0.9854 -0.1663
vn -0.0041 -0.9924 -0.1226
vn 0.0057 0.1912 0.9815
vn -0.2864 0.2963 0.9111
vn -0.0003 -0.1560 0.9877
vn -0.0000 -0.9513 -0.3084
vn -0.2862 -0.9115 -0.2956
vn 0.0158 -0.9923 -0.1229
vn -0.0113 -0.9652 -0.2613
vn -0.0000 0.3094 0.9509
vn -0.3002 0.2983 0.9060
vn -0.0010 -0.0328 0.9995
vn -0.2951 -0.9087 -0.2953
vn 0.0382 -0.9571 -0.2871
vn -0.0182 -0.9815 -0.1908
vn 0.0243 0.2731 0.9617
vn 0.0137 0.0529 0.9985
vn -0.2863 0.4347 0.8538
vn 0.0020 -0.9872 -0.1597
vn -0.0000 -0.8912 -0.4537
vn -0.2865 -0.8537 -0.4348
vn -0.0280 -0.9430 -0.3317
vn 0.0116 0.1985 0.9800
vn -0.2966 0.4311 0.8522
vn 0.0082 0.1116 0.9937
vn -0.0000 0.4537 0.8912
vn -0.2949 -0.8511 -0.4344
vn 0.0416 -0.9252 -0.3773
vn 0.0077 -0.9626 -0.2709
vn 0.0099 -0.9085 -0.4177
vn 0.0185 0.3079 0.9512
vn 0.0066 0.1124 0.9936
vn 0.0329 0.3464 0.9375
vn -0.0000 0.5879 0.8089
vn -0.2947 0.5616 0.7731
vn -0.2870 -0.7753 -0.5626
vn -0.2948 -0.7730 -0.5617
vn -0.0011 -0.9280 -0.3727
vn 0.0011 -0.9108 -0.4128
vn -0.0002 0.3082 0.9513
vn 0.0101 0.4189 0.9080
vn -0.2864 0.5633 0.7751
vn 0.0095 0.5515 0.8341
vn -0.0000 -0.8093 -0.5873
vn 0.0189 -0.8355 -0.5492
vn 0.0025 -0.8824 -0.4704
vn 0.0121 -0.8773 -0.4798
vn 0.0089 -0.8728 -0.4880
vn 0.0125 0.4276 0.9039
vn -0.0002 0.2257 0.9742
vn 0.0008 0.4948 0.8690
vn -0.0000 0.7070 0.7072
vn 0.0109 0.6226 0.7825
vn -0.2946 0.6757 0.6757
vn -0.2966 -0.6754 -0.6752
vn -0.2868 -0.6774 -0.6774
vn 0.0193 -0.7829 -0.6219
vn 0.0046 0.4389 0.8985
vn -0.2864 0.6774 0.6776
vn 0.0183 0.5315 0.8468
vn 0.0074 0.4849 0.8746
vn 0.0021 -0.7300 -0.6835
vn -0.0000 -0.7071 -0.7071
vn 0.0193 -0.8088 -0.5878
vn -0.2865 0.7747 0.5637
vn -0.0205 0.6855 0.7277
vn 0.0224 0.6090 0.7928
vn -0.0013 -0.6294 -0.7771
vn -0.2865 -0.5628 -0.7753
vn 0.0111 -0.7224 -0.6914
vn -0.0000 -0.8093 -0.5875
vn -0.0007 0.5326 0.8464
vn -0.0000 0.8085 0.5885
vn 0.0146 0.7317 0.6815
vn -0.3006 0.7736 0.5579
vn -0.2951 -0.5618 -0.7729
vn -0.0000 -0.5873 -0.8093
vn 0.0050 -0.6803 -0.7329
vn -0.0014 -0.7218 -0.6921
vn -0.0000 0.8909 0.4542
vn 0.0248 0.7854 0.6185
vn 0.0073 0.6196 0.7849
vn -0.2970 0.8494 0.4362
vn 0.0140 -0.5570 -0.8304
vn -0.2948 -0.4337 -0.8515
vn -0.2863 -0.4347 -0.8539
vn 0.0130 -0.6405 -0.7679
vn 0.0020 -0.6789 -0.7342
vn -0.2866 0.8535 0.4351
vn 0.0367 0.6974 0.7158
vn -0.0035 -0.4857 -0.8741
vn -0.0000 -0.4537 -0.8912
vn -0.0000 0.9513 0.3084
vn 0.0185 0.8091 0.5874
vn -0.0000 0.7066 0.7076
vn 0.0318 0.8312 0.5550
vn -0.2864 0.9114 0.2956
vn 0.0257 -0.5683 -0.8224
vn 0.0150 -0.4203 -0.9073
vn -0.2864 -0.2963 -0.9111
vn 0.0196 0.8701 0.4924
vn -0.3011 0.9082 0.2906
vn -0.0000 -0.5616 -0.8274
vn 0.0138 -0.3440 -0.9389
vn -0.2948 -0.2950 -0.9089
vn -0.0000 -0.3094 -0.9509
vn -0.0000 0.9877 0.1564
vn -0.0000 0.8091 0.5877
vn 0.0194 0.9110 0.4120
vn -0.2966 0.9429 0.1516
vn 0.0332 -0.4600 -0.8873
vn -0.2983 -0.1464 -0.9432
vn -0.2867 -0.1498 -0.9462
vn -0.2863 0.9464 0.1497
vn 0.0010 0.8914 0.4533
vn 0.0197 0.8913 0.4531
vn 0.0180 0.9398 0.3412
vn -0.0000 -0.4532 -0.8914
vn -0.0171 -0.2823 -0.9592
vn 0.0340 -0.3006 -0.9531
vn 0.0076 -0.1877 -0.9822
vn -0.0000 -0.1564 -0.9877
vn -0.2867 0.9580 -0.0000
vn 0.0180 0.9428 0.3329
vn -0.2945 0.9556 -0.0000
vn 0.0217 0.9627 0.2698
vn -0.0000 -0.3087 -0.9512
vn 0.0299 -0.1540 -0.9876
vn 0.0090 -0.0377 -0.9992
vn -0.2863 -0.0002 -0.9581
vn -0.0000 -0.0000 -1.0000
vn -0.0000 1.0000 -0.0000
vn 0.0072 0.9993 0.0376
vn 0.0089 0.9814 0.1916
vn -0.0203 0.0268 -0.9994
vn -0.3007 -0.0043 -0.9537
vn -0.2863 0.9464 -0.1497
vn 0.0033 0.9391 0.3437
vn 0.0064 0.9987 -0.0498
vn 0.0026 0.9937 0.1122
vn 0.0106 0.9698 0.2438
vn 0.0433 -0.0288 -0.9986
vn -0.0004 -0.1573 -0.9876
vn 0.0210 0.1196 -0.9926
vn -0.2865 0.1500 -0.9463
vn -0.0000 0.1564 -0.9877
vn -0.2960 0.9436 -0.1485
vn -0.0000 0.9877 -0.1564
vn 0.0329 0.9924 0.1188
vn 0.0081 0.9905 0.1375
vn -0.0101 -0.1273 -0.9918
vn 0.0109 0.1803 -0.9836
vn 0.0414 0.0700 -0.9967
vn -0.0092 0.1174 -0.9930
vn -0.2982 0.1526 -0.9422
vn -0.3010 0.9057 -0.2984
vn -0.0000 0.9513 -0.3084
vn 0.0256 0.9997 0.0046
vn -0.0017 0.9813 -0.1925
vn -0.0000 -0.1205 -0.9927
vn -0.0013 -0.0328 -0.9995
vn 0.0012 0.1761 -0.9844
vn -0.0002 0.0670 -0.9978
vn -0.2864 0.2963 -0.9111
vn -0.0000 0.3094 -0.9509
vn -0.2863 0.9114 -0.2955
vn 0.0092 0.9917 -0.1284
vn 0.0157 0.3105 -0.9504
vn 0.0213 0.1913 -0.9813
vn 0.0293 0.2707 -0.9622
vn -0.3005 0.2908 -0.9084
vn -0.0106 0.9592 -0.2826
vn -0.2973 0.8518 -0.4313
vn -0.0000 0.8912 -0.4537
vn -0.0002 1.0000 0.0005
vn 0.0198 0.9925 -0.1204
vn -0.0000 0.3099 -0.9508
vn 0.0241 0.3492 -0.9367
vn -0.2863 0.4347 -0.8539
vn 0.0052 0.9810 -0.1941
vn -0.2863 0.8539 -0.4347
vn 0.0040 0.9902 -0.1393
vn 0.0094 0.4316 -0.9020
vn 0.0057 0.4240 -0.9057
vn -0.2964 0.4337 -0.8509
vn -0.0000 0.4537 -0.8912
vn 0.0041 0.9393 -0.3432
vn -0.2868 0.7747 -0.5635
vn -0.0000 0.8089 -0.5880
vn -0.0002 0.9699 -0.2433
vn 0.0004 0.4369 -0.8995
vn -0.2864 0.5633 -0.7750
vn -0.0000 0.5879 -0.8089
vn 0.0500 0.9702 -0.2372
vn -0.0246 0.9056 -0.4235
vn -0.3004 0.7691 -0.5642
vn 0.0056 0.4892 -0.8722
vn 0.0085 0.4920 -0.8706
vn 0.0010 0.5440 -0.8391
vn -0.2950 0.5617 -0.7730
vn -0.0611 0.8641 -0.4997
vn -0.2866 0.6775 -0.6774
vn -0.0142 0.8272 -0.5618
vn 0.0108 0.5331 -0.8460
vn -0.2966 0.6778 -0.6728
vn -0.0000 0.7070 -0.7072
vn -0.0017 0.9396 -0.3423
vn 0.0547 0.9514 -0.3031
vn 0.0177 0.6216 -0.7831
vn 0.0196 0.6733 -0.7391
vn 0.0904 0.9367 -0.3384
vn 0.0282 0.7907 -0.6116
vn 0.0165 0.6131 -0.7898
vn 0.0203 0.7366 -0.6760
vn 0.0774 0.8951 -0.4390
vn -0.0007 0.6151 -0.7885
vn 0.0194 0.7070 -0.7070
vn 0.0324 0.8134 -0.5808
vn -0.0002 0.7070 -0.7072
vn -0.0000 0.8907 -0.4547
vn -0.0000 0.8090 -0.5878
vn -0.5711 -0.8030 0.1704
vn -0.5710 -0.8030 0.1704
vn -0.5712 -0.8029 0.1706
vn -0.5709 -0.8032 0.1702
vn -0.5710 -0.8031 -0.1703
vn -0.4679 -0.8646 -0.1833
vn -0.5709 -0.8031 -0.1703
vn -0.5707 -0.6642 0.4827
vn -0.4681 -0.8645 -0.1832
vn 0.0523 -0.9867 0.1537
vn -0.0636 -0.9763 -0.2069
vn -0.5713 -0.5493 0.6098
vn -0.5159 -0.4924 0.7010
vn -0.5732 -0.4586 0.6791
vn -1.0000 -0.0000 -0.0000
vn -0.5708 -0.6643 -0.4826
vn -0.5728 -0.6093 -0.5484
vn -0.5709 -0.6641 -0.4827
vn -0.5708 -0.4106 0.7111
vn -0.5728 -0.6093 -0.5483
vn -0.1941 -0.4388 0.8774
vn -0.5728 -0.4819 -0.6631
vn -0.0407 -0.4916 0.8698
vn -0.5158 -0.4928 -0.7008
vn 0.0494 -0.4070 0.9121
vn -0.2849 -0.4621 -0.8399
vn 0.0494 -0.3587 0.9321
vn -0.0000 -0.5223 -0.8527
vn -0.5711 -0.4100 -0.7111
vn -0.0431 -0.4926 -0.8692
vn -0.5708 -0.0869 0.8165
vn -0.5729 -0.0000 0.8196
vn -0.5724 0.0288 0.8194
vn -0.0000 -0.5223 0.8527
vn -0.0000 -0.4535 0.8912
vn 0.0493 -0.4540 -0.8896
vn -0.5704 0.0865 0.8168
vn -0.0000 0.1047 0.9945
vn -0.0000 -0.3836 -0.9235
vn -0.5700 0.0860 0.8171
vn -0.0000 -0.3085 0.9512
vn -0.0000 0.1047 -0.9945
vn -0.0000 0.2084 -0.9781
vn -0.0000 -0.1557 -0.9878
vn -0.5708 -0.0860 -0.8166
vn -0.5729 -0.0000 -0.8196
vn -0.5727 0.0318 -0.8191
vn -0.0451 -0.4667 -0.8833
vn -0.0000 -0.1566 0.9877
vn -0.0000 0.1566 0.9877
vn -0.0000 0.3085 0.9512
vn -0.5709 0.0858 -0.8165
vn -0.0000 0.4535 0.8912
vn -0.0000 0.4071 -0.9134
vn -0.5710 0.0857 -0.8164
vn -0.0000 0.1557 -0.9878
vn -0.0000 0.5883 0.8086
vn -0.0000 0.4999 -0.8661
vn -0.0000 0.4544 -0.8908
vn -0.0000 0.7076 0.7066
vn -0.0000 0.5877 -0.8091
vn -0.0000 0.8086 0.5884
vn -0.0000 0.8909 0.4543
vn -0.0000 0.7076 -0.7067
vn -0.0000 0.8908 0.4543
vn -0.0000 0.9512 0.3085
vn -0.0000 0.8089 -0.5879
vn -0.0000 0.8909 -0.4543
vn -0.0000 0.9877 0.1566
vn -0.0000 0.9511 -0.3087
vn -0.0000 0.9876 -0.1569
vn 0.4714 0.2513 -0.8454
vn 0.5208 0.2110 -0.8272
vn 0.5265 0.4308 -0.7330
vn 0.3419 0.2841 -0.8958
vn 0.4847 0.4448 -0.7531
vn 0.7620 0.0685 -0.6439
vn 0.3368 0.4904 -0.8038
vn 0.5721 0.3975 -0.7174
vn 0.4168 0.0046 -0.9090
vn 0.6812 0.5488 -0.4845
vn 0.3450 0.4721 -0.8112
vn -0.4065 0.5006 -0.7643
vn 0.5146 0.4507 -0.7294
vn 0.8253 -0.0494 -0.5625
vn 0.9409 0.3387 -0.0003
vn 0.0639 0.3567 -0.9320
vn 0.8394 0.1490 -0.5228
vn 0.8545 0.2098 -0.4752
vn 0.3089 0.0053 -0.9511
vn 0.7217 -0.4029 -0.5628
vn 0.7079 -0.6442 -0.2897
vn -0.4315 0.9021 -0.0037
vn 0.3810 -0.0749 -0.9216
vn -0.7434 0.3547 -0.5670
vn 0.2722 0.4673 -0.8412
vn 0.5835 0.4313 -0.6882
vn 0.4214 -0.0432 -0.9058
vn 0.8400 -0.5425 -0.0103
vn 0.6815 0.5497 0.4831
vn 0.9945 0.0337 0.0996
vn -0.5532 -0.4683 0.6890
vn -0.6869 0.3118 -0.6565
vn 0.7941 0.2087 -0.5708
vn 0.9262 0.1659 -0.3385
vn 0.7505 -0.1367 -0.6465
vn 0.2113 -0.0593 -0.9756
vn 0.0008 -0.8655 -0.5010
vn 0.2192 -0.9756 -0.0137
vn 0.8294 -0.5140 0.2189
vn 0.7623 0.0694 0.6435
vn 0.9946 0.0338 -0.0976
vn -0.4138 0.1385 -0.8998
vn -0.9986 -0.0127 0.0519
vn -0.9108 -0.3824 0.1554
vn -0.8837 0.4605 0.0837
vn -0.8451 0.5176 0.1339
vn -0.8625 0.4873 0.1363
vn -0.1788 -0.4460 0.8770
vn -0.9896 -0.1409 0.0294
vn -0.8421 0.5087 0.1792
vn 0.2743 0.4206 -0.8648
vn 0.3241 0.2824 -0.9029
vn 0.8865 0.0581 -0.4590
vn 0.1804 0.0256 -0.9833
vn 0.7211 0.1230 -0.6818
vn 0.0013 -0.5010 -0.8655
vn -0.0000 -1.0000 0.0016
vn 0.3448 0.2851 0.8943
vn 0.0692 0.3573 0.9314
vn 0.3806 -0.0741 0.9218
vn -0.9986 -0.0125 -0.0523
vn -0.4141 0.1398 0.8994
vn -0.9108 -0.3829 -0.1545
vn 0.4398 -0.4500 0.7772
vn -0.5915 -0.5311 0.6067
vn -0.9858 -0.1679 0.0012
vn -0.8233 0.5490 0.1442
vn 0.4776 -0.3868 0.7889
vn 0.1904 -0.4137 0.8903
vn 0.9601 -0.1609 -0.2286
vn 0.8335 -0.1328 -0.5363
vn 0.5602 -0.6098 -0.5607
vn 0.9071 -0.1765 -0.3821
vn 0.3472 -0.3654 -0.8637
vn 0.8108 0.4303 -0.3969
vn -0.0000 0.5015 -0.8652
vn 0.1971 -0.8504 0.4878
vn 0.7197 -0.4056 0.5635
vn 0.5210 0.2123 0.8267
vn 0.3843 -0.5229 0.7609
vn -0.8022 -0.5641 0.1956
vn 0.5284 -0.5332 0.6607
vn -0.9971 0.0661 -0.0380
vn -0.7977 0.5941 0.1035
vn 0.1802 -0.3635 0.9140
vn 0.9704 -0.2096 -0.1198
vn 0.9811 -0.1851 -0.0557
vn 0.8808 -0.3445 -0.3249
vn -0.0000 0.8652 -0.5015
vn -0.0000 -0.8665 0.4992
vn 0.8272 -0.0517 0.5595
vn 0.4710 0.2525 0.8452
vn 0.5101 0.4352 0.7419
vn -0.3964 0.5019 0.7688
vn 0.6652 -0.3800 0.6427
vn 0.4945 -0.4734 0.7290
vn -0.8130 -0.3795 0.4417
vn 0.6755 -0.5915 0.4402
vn -0.4697 -0.8795 -0.0771
vn 0.5059 -0.3415 0.7922
vn 0.8776 -0.4599 -0.1355
vn 0.3848 -0.8883 -0.2508
vn 0.6674 -0.6032 -0.4368
vn 0.8318 -0.5313 -0.1609
vn 0.1327 0.9859 0.1016
vn -0.0000 -0.5051 0.8631
vn 0.4176 0.0055 0.9086
vn 0.4124 -0.0466 0.9098
vn 0.3407 0.4727 0.8127
vn -0.8417 0.5095 -0.1789
vn -0.8280 0.5393 -0.1534
vn -0.8416 0.5091 -0.1805
vn -0.0001 1.0000 -0.0004
vn -0.0002 0.9920 0.1260
vn -0.0000 1.0000 -0.0008
vn -0.0001 0.9688 0.2477
vn 0.6799 -0.4517 0.5777
vn 0.2540 -0.9657 -0.0544
vn 0.1623 -0.7790 0.6057
vn 0.6018 -0.4845 0.6349
vn 0.3129 0.3225 0.8934
vn 0.9007 -0.4183 -0.1173
vn 0.9156 -0.3870 -0.1086
vn 0.0986 -0.9460 -0.3088
vn 0.9816 -0.1884 -0.0298
vn 0.0774 -0.8073 -0.5850
vn 0.6960 -0.5864 -0.4144
vn 0.9809 -0.1946 0.0001
vn 0.6555 -0.6884 -0.3105
vn 0.1816 -0.0593 0.9816
vn 0.3238 -0.0008 0.9461
vn 0.4790 0.4452 0.7566
vn 0.5726 0.3962 0.7178
vn -0.7457 0.3529 0.5652
vn -0.8233 0.5491 -0.1442
vn -0.0000 0.9920 -0.1262
vn -0.0000 0.9296 0.3686
vn -0.0000 0.9689 0.2473
vn 0.3618 0.7533 0.5492
vn 0.8497 0.4267 0.3097
vn 0.7556 -0.3462 0.5561
vn 0.4245 -0.4816 0.7667
vn 0.4992 -0.4960 0.7105
vn 0.3761 -0.9028 0.2087
vn 0.4016 -0.7423 -0.5363
vn 0.7912 -0.0154 0.6113
vn 0.8958 -0.4392 -0.0682
vn 0.0015 -0.9608 -0.2774
vn 0.3929 -0.9084 -0.1431
vn 0.8765 -0.4754 -0.0759
vn 0.3672 -0.9245 -0.1025
vn 0.8794 -0.4162 -0.2312
vn 0.9882 0.1078 0.1089
vn -0.0000 -0.9487 -0.3162
vn -0.0000 0.8652 0.5015
vn 0.7203 0.1221 0.6828
vn 0.7497 -0.1335 0.6482
vn 0.8377 0.1520 0.5245
vn -0.5501 -0.4699 -0.6904
vn -0.1708 -0.4461 -0.8786
vn -0.6896 0.3081 0.6554
vn -0.7981 0.5935 -0.1040
vn -0.0000 0.9296 -0.3686
vn -0.0000 0.9689 -0.2473
vn -0.0000 0.8766 0.4812
vn 0.3133 0.9491 0.0314
vn -0.0001 0.8094 0.5873
vn -0.0000 0.8095 0.5871
vn 0.6153 -0.3573 0.7027
vn 0.6530 -0.3781 0.6563
vn 0.6272 -0.4680 0.6225
vn 0.9520 -0.2909 0.0956
vn 0.9357 -0.2853 -0.2076
vn 0.9230 -0.3607 -0.1338
vn 0.6795 -0.4263 0.5972
vn 0.0075 -0.8090 -0.5877
vn 0.0001 -0.9878 -0.1557
vn 0.9229 -0.3802 -0.0604
vn 0.8761 -0.4822 -0.0000
vn 0.6551 -0.5061 -0.5610
vn -0.0000 -0.8876 -0.4606
vn 0.8017 0.4473 0.3965
vn 0.1826 0.0308 0.9827
vn 0.5146 0.4507 0.7294
vn 0.8545 0.2103 0.4751
vn 0.2668 0.4708 0.8409
vn 0.4500 -0.4486 -0.7722
vn 0.4792 -0.3864 -0.7881
vn 0.1872 -0.4140 -0.8908
vn -0.9897 -0.1402 -0.0289
vn 0.1833 -0.3664 -0.9122
vn -0.0000 0.8776 -0.4793
vn 0.7899 0.5788 -0.2028
vn 0.9960 0.0716 0.0535
vn -0.0000 0.7291 0.6844
vn 0.8618 -0.1951 0.4683
vn 0.8012 -0.4842 -0.3515
vn 0.7100 -0.6905 0.1380
vn 0.2203 -0.3551 -0.9085
vn 0.8940 -0.4480 -0.0000
vn 0.3896 -0.9210 -0.0000
vn 0.9205 -0.3907 -0.0000
vn 0.9818 -0.1900 -0.0000
vn 0.1896 -0.9262 0.3258
vn 0.6928 -0.3681 -0.6201
vn -0.0000 -0.6138 -0.7894
vn -0.0000 -0.8697 -0.4936
vn 0.8318 -0.5318 0.1592
vn -0.0000 0.5015 0.8652
vn 0.8750 -0.3529 0.3315
vn 0.7940 0.2095 0.5706
vn 0.4053 -0.5183 -0.7530
vn -0.5900 -0.5315 -0.6078
vn 0.3088 0.2879 0.9065
vn -0.9857 -0.1683 -0.0007
vn 0.3155 0.3215 -0.8928
vn 0.5078 -0.3422 -0.7906
vn 0.2947 0.7677 -0.5690
vn 0.8507 0.4242 -0.3104
vn 0.5074 0.6469 -0.5693
vn -0.0002 0.7291 0.6844
vn 0.5242 -0.3441 0.7790
vn 0.9397 -0.3389 0.0448
vn 0.9629 -0.2183 -0.1585
vn 0.6790 0.2356 -0.6953
vn 0.7927 -0.4930 -0.3585
vn -0.4996 -0.3443 -0.7949
vn 0.8765 -0.4754 0.0758
vn 0.9816 -0.1884 0.0298
vn 0.7494 -0.6580 0.0731
vn 0.8017 -0.2361 0.5490
vn 0.3165 -0.3659 0.8752
vn 0.5822 0.4331 0.6881
vn 0.9247 0.1686 0.3414
vn 0.2714 0.4238 0.8641
vn 0.6648 -0.3809 -0.6426
vn 0.4881 -0.4684 -0.7364
vn 0.5273 -0.5335 -0.6613
vn -0.8343 -0.5202 -0.1824
vn 0.5593 -0.6108 0.5604
vn -0.9971 0.0659 0.0379
vn 0.7916 -0.0135 -0.6110
vn -0.4088 0.9019 -0.1397
vn -0.0001 0.8106 -0.5856
vn -0.0000 0.8108 -0.5854
vn 0.1834 0.7546 -0.6300
vn 0.8605 0.3870 -0.3312
vn 0.7647 0.4079 -0.4990
vn 0.9780 0.1698 0.1210
vn -0.0001 0.6394 0.7688
vn 0.9278 -0.0129 0.3729
vn 0.9180 -0.3209 -0.2330
vn 0.7784 0.3623 -0.5127
vn 0.9224 -0.2420 -0.3009
vn 0.1779 0.3334 -0.9259
vn -0.8026 0.0174 -0.5963
vn 0.8958 -0.4393 0.0681
vn 0.3929 -0.9084 0.1432
vn 0.0001 -0.9878 0.1557
vn 0.3027 -0.9061 0.2957
vn 0.6585 -0.2347 -0.7150
vn -0.0000 -0.5824 -0.8129
vn -0.0000 -0.9499 0.3126
vn 0.6563 -0.6874 0.3111
vn 0.6585 -0.6101 0.4406
vn 0.9602 -0.1608 0.2286
vn 0.8330 -0.1330 0.5371
vn 0.5190 -0.4922 -0.6989
vn 0.6816 -0.4513 -0.5761
vn 0.1742 -0.6481 -0.7414
vn 0.6786 -0.5890 -0.4388
vn 0.9699 -0.2101 0.1233
vn -0.4750 -0.8765 0.0787
vn 0.7740 -0.3351 -0.5372
vn 0.7858 0.5831 0.2060
vn -0.9837 0.0861 -0.1580
vn 0.9964 0.0692 -0.0497
vn -0.0000 0.7291 -0.6844
vn 0.4805 0.6295 -0.6106
vn 0.6645 0.4940 -0.5607
vn -0.0000 0.6392 0.7690
vn 0.9515 0.0030 -0.3075
vn 0.7288 -0.0509 -0.6828
vn 0.5994 0.4561 -0.6578
vn -0.5917 0.4122 -0.6929
vn -0.9861 -0.0506 -0.1581
vn 0.9229 -0.3803 0.0604
vn 0.8776 -0.4599 0.1354
vn 0.3984 -0.8836 0.2459
vn 0.7178 -0.6130 0.3302
vn -0.0000 -0.3125 -0.9499
vn 0.8305 0.1702 0.5304
vn -0.0000 -0.8859 0.4638
vn 0.6607 -0.6087 0.4392
vn 0.0451 -0.8111 0.5832
vn 0.8847 0.0608 0.4622
vn 0.4063 -0.4879 -0.7726
vn 0.4601 -0.5081 -0.7281
vn 0.5994 -0.4847 -0.6370
vn 0.3855 -0.8879 0.2509
vn 0.2877 -0.9529 0.0957
vn 0.6573 -0.3587 -0.6628
vn 0.8752 0.3714 0.3100
vn 0.5062 0.6475 0.5697
vn 0.8686 -0.1843 -0.4599
vn -0.0002 0.7291 -0.6844
vn 0.6148 -0.3615 -0.7010
vn 0.1932 0.7183 -0.6684
vn 0.6225 0.5552 -0.5516
vn 0.9229 0.3601 -0.1365
vn -0.0000 0.5351 0.8448
vn -0.8828 0.2245 0.4127
vn -0.8686 0.3798 0.3182
vn -0.1338 -0.7000 0.7015
vn 0.9392 -0.0628 -0.3376
vn 0.4937 0.4804 -0.7249
vn -0.8023 0.3100 -0.5101
vn -0.9898 -0.0154 -0.1418
vn 0.9158 -0.3864 0.1092
vn 0.9011 -0.4174 0.1172
vn 0.9811 -0.1851 0.0556
vn 0.8263 -0.5493 0.1242
vn -0.0000 -0.6663 0.7457
vn 0.7307 -0.0700 -0.6791
vn 0.8027 0.5119 0.3062
vn -0.0000 0.3065 0.9519
vn 0.8791 -0.4165 0.2317
vn 0.3657 -0.9251 0.1022
vn 0.9067 -0.1770 0.3829
vn 0.6532 -0.3779 -0.6561
vn 0.9525 -0.2902 -0.0924
vn 0.7774 -0.3770 -0.5035
vn 0.0969 -0.9456 0.3106
vn 0.0123 -0.8107 0.5853
vn 0.7636 0.4065 0.5017
vn 0.1796 0.7573 0.6279
vn -0.8240 0.3057 -0.4771
vn -0.8451 0.2868 -0.4512
vn -0.7977 0.2801 -0.5340
vn 0.9766 0.1752 -0.1245
vn -0.0001 0.6369 -0.7710
vn 0.4458 0.5985 -0.6656
vn -0.1736 0.6973 -0.6954
vn 0.5954 0.5695 -0.5667
vn -0.6204 -0.0510 0.7826
vn 0.6307 0.4470 -0.6343
vn 0.6602 0.4203 -0.6225
vn -0.5537 0.5102 -0.6581
vn -0.6873 -0.5287 0.4981
vn 0.0027 -0.9601 0.2795
vn 0.7215 -0.6597 -0.2105
vn 0.4170 -0.8633 0.2841
vn 0.1789 -0.9527 0.2458
vn -0.0000 -0.2089 0.9779
vn -0.0000 -0.8110 0.5850
vn 0.6551 -0.5084 0.5588
vn 0.6356 -0.4643 -0.6168
vn 0.9227 -0.3609 0.1354
vn 0.4024 -0.7381 0.5416
vn 0.7299 -0.6639 -0.1630
vn 0.8011 -0.4839 0.3522
vn 0.5155 -0.3317 -0.7901
vn 0.6274 0.5483 0.5530
vn 0.6641 0.4941 0.5611
vn 0.4757 0.6336 0.6101
vn -0.8430 0.3259 -0.4280
vn 0.9237 -0.0109 -0.3830
vn 0.9196 0.3694 0.1334
vn -0.0000 0.6367 -0.7711
vn 0.4962 0.5471 -0.6742
vn 0.6491 0.5091 -0.5653
vn -0.0000 0.4236 0.9059
vn 0.6808 -0.2889 0.6731
vn 0.3831 0.5619 -0.7331
vn -0.7429 -0.4304 0.5127
vn -0.9971 -0.0158 0.0747
vn 0.7619 -0.5913 0.2642
vn -0.0000 -0.9509 0.3096
vn 0.8781 0.2031 -0.4333
vn -0.0000 0.7417 0.6707
vn -0.0000 -0.6687 0.7436
vn 0.1896 -0.9263 -0.3256
vn 0.6930 -0.3649 0.6217
vn 0.9628 -0.2185 0.1589
vn 0.9397 -0.3388 -0.0459
vn 0.9355 -0.2860 0.2075
vn -0.4808 -0.3408 0.8079
vn 0.6179 0.5560 0.5559
vn 0.2920 0.6670 0.6855
vn -0.8624 0.2800 -0.4217
vn -0.8826 0.2246 -0.4129
vn -0.0000 0.5353 -0.8446
vn 0.3427 -0.7634 0.5476
vn -0.4049 -0.5724 0.7130
vn 0.4224 0.5803 -0.6963
vn -0.0001 0.3101 0.9507
vn -0.0000 0.3105 0.9506
vn -0.4300 0.2829 0.8574
vn 0.9940 0.1092 -0.0025
vn 0.4999 0.5212 -0.6918
vn 0.3396 -0.6273 0.7008
vn 0.9075 -0.1798 -0.3796
vn 0.4679 -0.7271 0.5025
vn 0.7522 0.5701 -0.3304
vn 0.6568 0.0843 -0.7494
vn -0.0000 0.1745 -0.9847
vn -0.0000 0.9786 0.2060
vn 0.7505 -0.6570 -0.0710
vn 0.8036 -0.2337 -0.5474
vn 0.9179 -0.3208 0.2333
vn 0.7922 -0.4937 0.3589
vn 0.2483 -0.3456 0.9049
vn 0.6764 0.2368 0.6975
vn 0.5900 0.5705 0.5714
vn 0.4451 0.5987 0.6659
vn 0.4063 0.6326 0.6594
vn 0.3357 -0.6129 0.7153
vn -0.0002 0.1885 0.9821
vn 0.9410 0.1039 0.3220
vn 0.2718 -0.6557 0.7044
vn 0.2229 -0.7152 -0.6624
vn 0.4319 -0.8071 -0.4024
vn -0.0000 -0.9768 -0.2140
vn 0.5186 -0.7218 0.4584
vn 0.3264 0.7199 -0.6126
vn 0.7227 0.6840 -0.0994
vn 0.6625 0.2297 -0.7130
vn -0.0000 0.3073 -0.9516
vn 0.3006 -0.9063 -0.2972
vn -0.0000 -0.5824 0.8129
vn 0.6568 -0.2316 0.7176
vn 0.9514 0.0025 0.3079
vn 0.9233 -0.2388 0.3009
vn 0.7127 0.4111 0.5684
vn -0.7944 0.0298 0.6067
vn 0.6497 0.5094 0.5643
vn 0.4938 0.5469 0.6761
vn -0.5538 0.5097 0.6585
vn -0.1470 0.6836 0.7149
vn 0.3765 -0.9013 -0.2145
vn 0.0671 -0.7762 -0.6270
vn 0.6808 -0.2883 -0.6733
vn -0.0000 0.4269 -0.9043
vn 0.5214 -0.5663 0.6384
vn 0.6810 0.6286 0.3756
vn 0.9937 -0.0920 0.0647
vn 0.8409 -0.4495 0.3015
vn 0.3189 -0.7715 0.5505
vn 0.7036 -0.2184 -0.6762
vn -0.0000 -0.7444 -0.6677
vn 0.1883 0.9409 -0.2815
vn 0.6621 0.2324 -0.7125
vn 0.4130 0.8522 -0.3212
vn -0.0000 0.9507 -0.3102
vn 0.3912 -0.8867 -0.2463
vn 0.7214 -0.6100 -0.3278
vn 0.0001 -0.3070 0.9517
vn 0.9883 -0.0668 -0.1368
vn 0.9391 -0.0628 0.3379
vn 0.1894 0.3415 0.9206
vn 0.6854 -0.0667 0.7252
vn 0.3551 -0.0874 0.9307
vn -0.9865 -0.0520 0.1550
vn 0.4242 0.5803 0.6952
vn 0.3853 0.5611 0.7326
vn 0.3428 -0.7635 -0.5473
vn -0.4097 -0.5715 -0.7110
vn -0.4293 0.2829 -0.8577
vn 0.9944 0.1061 0.0007
vn -0.0001 0.3063 -0.9519
vn -0.0000 0.3067 -0.9518
vn -0.0001 0.0628 0.9980
vn 0.7613 0.6347 -0.1329
vn -0.8837 0.0628 0.4638
vn 0.3832 0.8523 -0.3559
vn 0.0674 0.9964 0.0520
vn 0.7934 -0.4782 0.3767
vn 0.5657 -0.5617 0.6037
vn 0.2721 -0.6917 0.6690
vn 0.5498 -0.7275 -0.4106
vn 0.7088 0.0774 -0.7011
vn 0.4781 -0.5818 0.6580
vn 0.3057 0.9062 -0.2923
vn 0.0527 0.3094 -0.9495
vn 0.1992 0.9102 -0.3632
vn 0.8750 0.0869 -0.4762
vn 0.6585 0.3711 -0.6547
vn 0.8246 -0.5512 -0.1273
vn -0.0000 -0.6663 -0.7457
vn 0.6940 -0.0672 0.7168
vn 0.8044 0.5104 -0.3040
vn 0.2169 0.2996 -0.9291
vn 0.6035 0.4518 0.6570
vn 0.6312 0.4463 0.6344
vn -0.5895 0.4139 0.6937
vn -0.9902 -0.0149 0.1390
vn -0.7835 0.3261 0.5290
vn 0.4955 0.5235 0.6932
vn 0.6630 0.4187 0.6205
vn 0.4973 0.4797 0.7229
vn 0.3333 -0.6139 -0.7155
vn 0.9417 0.1050 -0.3195
vn -0.0002 0.1845 -0.9828
vn 0.7616 -0.5911 -0.2656
vn -0.0000 0.0632 0.9980
vn 0.3424 0.9395 -0.0058
vn -0.0000 -0.0623 0.9981
vn -0.0001 -0.0626 0.9980
vn 0.8555 -0.3858 0.3455
vn 0.8332 -0.5515 0.0402
vn 0.9696 -0.1817 -0.1637
vn 0.3201 -0.2175 -0.9221
vn 0.8260 0.5183 -0.2214
vn 0.7212 0.4118 -0.5571
vn -0.0000 0.4980 -0.8672
vn 0.7205 -0.6598 0.2134
vn 0.4169 -0.8629 -0.2858
vn 0.1739 -0.9521 -0.2514
vn -0.0000 -0.2030 -0.9792
vn 0.4437 0.5573 -0.7018
vn -0.9997 0.0135 -0.0221
vn -0.7417 -0.4300 -0.5148
vn 0.3374 -0.6263 -0.7028
vn 0.5247 -0.5654 -0.6364
vn 0.6815 0.6306 -0.3714
vn 0.9938 -0.0908 -0.0638
vn -0.0002 0.1846 -0.9828
vn 0.5216 -0.7211 -0.4560
vn 0.5184 0.8534 -0.0548
vn 0.3354 0.9166 0.2176
vn -0.0000 -0.1900 0.9818
vn 0.9274 -0.2687 0.2602
vn 0.5159 -0.5530 0.6543
vn 0.3909 -0.5122 -0.7647
vn -0.0000 0.2091 -0.9779
vn 0.4168 0.8657 -0.2771
vn 0.2490 -0.5604 -0.7899
vn 0.6586 0.5034 -0.5593
vn -0.0000 0.6700 -0.7424
vn -0.0000 -0.9510 -0.3093
vn 0.8793 0.2051 0.4298
vn -0.0000 0.1066 0.9943
vn -0.0000 0.7402 -0.6724
vn -0.0000 0.3075 -0.9516
vn -0.9974 -0.0160 -0.0704
vn 0.7068 -0.4765 0.5228
vn 0.7622 0.6333 0.1339
vn 0.3835 0.8518 0.3569
vn 0.0673 0.9964 -0.0514
vn -0.8626 0.0213 -0.5054
vn -0.8449 0.0326 -0.5339
vn -0.8828 0.0609 -0.4657
vn -0.0001 0.0627 -0.9980
vn 0.4735 -0.7250 -0.5003
vn 0.4688 0.8830 -0.0208
vn 0.0735 0.9665 0.2460
vn -0.0002 -0.1900 0.9818
vn 0.3135 -0.7475 0.5857
vn 0.5068 -0.8582 -0.0820
vn 0.1815 -0.9811 -0.0676
vn 0.9604 -0.2666 -0.0816
vn 0.5829 -0.5218 0.6228
vn 0.9186 -0.2201 -0.3283
vn 0.0894 -0.5871 -0.8046
vn 0.7598 -0.2515 -0.5996
vn 0.8112 -0.5810 -0.0668
vn -0.0000 0.6700 -0.7423
vn -0.0000 -0.9768 0.2143
vn 0.6615 0.0835 0.7453
vn 0.7536 0.5713 0.3250
vn -0.0000 0.9791 -0.2033
vn -0.6392 -0.5657 -0.5210
vn -0.6836 -0.4777 -0.5518
vn 0.5654 -0.5617 -0.6040
vn 0.7040 -0.2239 0.6740
vn 0.9006 -0.0785 0.4274
vn 0.3424 0.9395 0.0071
vn -0.8431 -0.0136 -0.5376
vn -0.1692 -0.9697 -0.1763
vn -0.7837 0.2043 -0.5866
vn -0.0001 -0.0626 -0.9980
vn -0.0000 -0.0623 -0.9981
vn -0.0000 0.0632 -0.9980
vn 0.5229 0.8324 0.1834
vn 0.4782 -0.8695 -0.1236
vn 0.1844 -0.9760 -0.1160
vn 0.3412 0.9188 0.1987
vn -0.0001 -0.3112 0.9503
vn 0.3617 -0.2875 0.8869
vn 0.8491 -0.1632 0.5025
vn 0.7895 -0.5879 0.1765
vn -0.0000 -0.3115 0.9502
vn 0.8925 -0.4143 0.1783
vn 0.8775 -0.2705 -0.3960
vn 0.9006 -0.2404 -0.3620
vn 0.0024 -0.5619 -0.8272
vn 0.3895 -0.4178 -0.8208
vn 0.2202 -0.5505 -0.8053
vn 0.6569 0.6099 -0.4433
vn -0.0000 0.8088 -0.5881
vn 0.6628 0.2302 0.7126
vn 0.3266 0.7210 0.6112
vn 0.7268 0.6841 0.0617
vn -0.0000 0.3073 0.9516
vn 0.2683 -0.6571 -0.7044
vn 0.8400 -0.4502 -0.3028
vn 0.4833 -0.5804 -0.6554
vn 0.0001 -0.5549 0.8319
vn 0.7268 0.3981 0.5597
vn 0.5188 0.8532 0.0541
vn -0.1305 0.9587 -0.2526
vn -0.2775 -0.3242 -0.9044
vn -0.0000 -0.1861 -0.9825
vn 0.4822 0.8551 0.1904
vn 0.2682 -0.9515 -0.1506
vn -0.3894 0.8983 0.2035
vn 0.3144 0.2610 0.9127
vn 0.7551 -0.6364 -0.1578
vn 0.6647 -0.7292 -0.1627
vn -0.0000 -0.4229 0.9062
vn 0.9812 -0.1098 -0.1588
vn 0.9023 -0.4286 -0.0464
vn 0.8957 -0.2007 -0.3968
vn 0.0001 -0.4541 -0.8910
vn 0.9210 -0.1769 -0.3470
vn 0.8256 -0.2790 -0.4905
vn 0.7286 -0.5178 -0.4484
vn 0.9884 -0.0231 0.1498
vn -0.0000 -0.7444 0.6677
vn 0.6642 0.2327 0.7104
vn 0.1948 0.9387 0.2843
vn 0.2616 0.9073 0.3292
vn 0.0035 0.9506 0.3103
vn 0.3189 -0.7566 -0.5709
vn 0.8546 -0.3867 -0.3467
vn 0.5160 -0.5534 -0.6539
vn 0.1227 0.1013 0.9873
vn 0.0001 -0.0474 0.9989
vn 0.8214 0.5205 0.2331
vn 0.4691 0.8829 0.0206
vn 0.5239 0.8318 -0.1836
vn 0.3353 0.9165 -0.2181
vn 0.5027 -0.8606 0.0814
vn -0.0002 -0.1861 -0.9825
vn 0.5677 0.8080 0.1580
vn 0.4451 -0.8754 -0.1884
vn -0.2896 -0.9145 -0.2824
vn -0.6895 0.7190 0.0877
vn 0.7940 0.3663 0.4851
vn 0.9961 -0.0319 0.0822
vn 0.8620 -0.5051 -0.0420
vn 0.9816 -0.0866 -0.1701
vn 0.9187 -0.1220 -0.3757
vn 0.3863 -0.2851 -0.8772
vn 0.7144 0.0124 -0.6996
vn 0.4149 -0.5398 -0.7324
vn 0.0034 -0.5851 -0.8110
vn -0.0000 -0.9945 0.1048
vn 0.6591 0.6881 -0.3036
vn 0.8031 -0.1297 0.5816
vn -0.0000 0.4340 0.9009
vn 0.8817 0.0863 0.4638
vn 0.0527 0.3095 0.9494
vn 0.3060 0.9063 0.2915
vn 0.5517 -0.7246 0.4131
vn 0.7940 -0.4785 -0.3750
vn 0.2707 -0.6914 -0.6698
vn -0.0000 0.2091 0.9779
vn 0.4183 0.8649 0.2776
vn 0.3403 0.9190 -0.1991
vn 0.1848 -0.9759 0.1160
vn 0.4781 -0.8696 0.1238
vn 0.3617 -0.2876 -0.8868
vn 0.8492 -0.1633 -0.5023
vn 0.7923 -0.5839 -0.1768
vn -0.0001 -0.3075 -0.9516
vn -0.0000 -0.3077 -0.9515
vn 0.8400 0.5422 -0.0202
vn 0.5137 0.8333 0.2041
vn 0.4042 -0.8769 -0.2600
vn -0.9897 -0.0711 -0.1239
vn 0.2725 0.9444 0.1840
vn 0.5032 0.7438 0.4399
vn 0.6177 -0.7767 -0.1232
vn 0.4945 -0.8413 -0.2184
vn -0.0000 -0.5343 0.8453
vn 0.8767 -0.2190 -0.4283
vn -0.0000 -0.3090 -0.9511
vn 0.7607 -0.4357 -0.4811
vn -0.0000 -0.9143 -0.4049
vn 0.1410 -0.7388 0.6591
vn -0.0000 0.9143 -0.4050
vn 0.6575 0.3685 0.6572
vn 0.3496 -0.2116 0.9127
vn 0.9696 -0.1827 0.1630
vn 0.8330 -0.5518 -0.0413
vn 0.9261 -0.2705 -0.2631
vn 0.5815 -0.5214 -0.6245
vn 0.4838 0.8542 -0.1903
vn -0.4498 0.8639 -0.2267
vn 0.2683 -0.9515 0.1508
vn -0.2741 -0.2751 -0.9215
vn 0.6633 -0.7304 0.1631
vn 0.7555 -0.6359 0.1575
vn -0.0000 -0.4262 -0.9046
vn 0.8533 0.5186 0.0534
vn 0.4957 -0.8137 -0.3037
vn -0.5907 -0.7417 -0.3179
vn -0.9860 -0.0522 -0.1581
vn 0.3083 0.9512 -0.0143
vn 0.1845 0.8325 0.5223
vn 0.8785 0.4055 0.2526
vn 0.7726 0.5882 0.2391
vn 0.9775 -0.0676 0.1996
vn 0.5203 -0.8496 -0.0865
vn 0.6516 -0.7423 -0.1560
vn 0.4192 -0.8794 -0.2259
vn -0.9709 -0.1643 0.1744
vn -0.9247 -0.2377 0.2975
vn -0.9993 -0.0178 0.0334
vn -0.5759 -0.5202 0.6307
vn -0.4251 -0.6592 0.6203
vn 0.8763 -0.1490 -0.4582
vn 0.8935 -0.1390 -0.4270
vn 0.3908 -0.1449 -0.9090
vn 0.0002 -0.1567 -0.9877
vn 0.9829 0.1455 -0.1128
vn -0.0000 -0.1001 -0.9950
vn 0.4734 -0.7006 -0.5339
vn -0.0000 -0.8098 0.5867
vn 0.8663 0.4962 0.0573
vn -0.0000 0.9617 -0.2743
vn -0.0000 -0.4075 0.9132
vn 0.7307 0.4519 0.5118
vn 0.7495 -0.2692 0.6048
vn -0.0000 0.6700 0.7424
vn 0.3895 -0.5119 0.7656
vn 0.9604 -0.2664 0.0823
vn 0.5669 0.8085 -0.1580
vn -0.9821 -0.1884 0.0074
vn 0.2072 -0.9424 0.2627
vn 0.4442 -0.8759 0.1886
vn 0.1768 0.9787 -0.1040
vn 0.7924 0.3693 -0.4855
vn 0.9962 -0.0322 -0.0807
vn 0.8629 -0.5036 0.0422
vn 0.7944 0.6070 0.0214
vn 0.5794 0.7903 0.1992
vn 0.5194 -0.8166 -0.2517
vn 0.6596 -0.7061 -0.2576
vn -0.8053 -0.3568 -0.4735
vn -0.9971 0.0567 0.0510
vn 0.6074 0.7736 -0.1806
vn 0.2704 0.9534 0.1341
vn 0.4790 0.7760 0.4103
vn 0.6560 0.6809 0.3255
vn 0.6633 0.6867 0.2976
vn 0.9281 -0.3585 0.1006
vn 0.4572 -0.8510 -0.2583
vn -0.8623 -0.3157 0.3959
vn -0.0000 -0.6366 0.7712
vn -0.0002 -0.7278 0.6858
vn 0.9817 -0.0591 -0.1813
vn 0.8958 -0.0708 -0.4388
vn 0.9219 -0.0603 -0.3827
vn 0.9398 -0.2781 0.1988
vn 0.4060 0.1271 -0.9050
vn 0.1378 0.3291 -0.9342
vn -0.0000 0.4033 -0.9151
vn 0.5227 -0.6552 -0.5454
vn 0.7549 0.4886 0.4375
vn 0.6742 0.7102 -0.2029
vn -0.0000 0.9747 -0.2233
vn -0.0000 0.1057 0.9944
vn 0.8026 -0.5939 0.0562
vn 0.1782 -0.5987 0.7809
vn 0.9188 -0.2191 0.3284
vn 0.0933 -0.5831 0.8071
vn 0.8752 -0.4328 -0.2160
vn 0.5146 0.8328 -0.2040
vn 0.8401 0.5421 0.0204
vn 0.4049 -0.8766 0.2599
vn 0.2730 0.9443 -0.1835
vn 0.5034 0.7434 -0.4404
vn -0.1669 0.6805 -0.7135
vn -0.8118 -0.4800 -0.3326
vn 0.4935 -0.8419 0.2184
vn 0.6185 -0.7760 0.1237
vn -0.9419 -0.2087 -0.2632
vn -0.9982 -0.0263 -0.0532
vn -0.0000 -0.5374 -0.8433
vn 0.9262 0.3731 0.0538
vn 0.6009 -0.7546 -0.2637
vn 0.6821 -0.5890 -0.4334
vn 0.0343 -0.8403 -0.5410
vn -0.4694 -0.1961 -0.8609
vn 0.9705 0.0506 -0.2356
vn 0.8336 0.4688 -0.2922
vn -0.8425 -0.3074 0.4424
vn 0.1896 0.8572 0.4788
vn 0.9208 0.2397 0.3077
vn 0.6138 0.7049 0.3556
vn -0.0001 -0.8095 0.5872
vn 0.8767 -0.0744 -0.4752
vn 0.9816 -0.0298 -0.1884
vn 0.3900 -0.0356 -0.9201
vn 0.9178 -0.0162 -0.3966
vn 0.7132 0.5706 -0.4071
vn 0.6821 -0.7283 -0.0661
vn 0.5256 -0.7796 -0.3406
vn 0.3424 -0.7563 -0.5574
vn 0.3002 0.8224 0.4832
vn 0.7182 0.3040 0.6260
vn 0.4952 0.8688 0.0010
vn 0.7207 -0.4979 0.4823
vn 0.3111 -0.5609 0.7672
vn 0.6560 0.6060 0.4499
vn 0.9008 -0.2407 0.3613
vn 0.0001 -0.5577 0.8300
vn 0.4011 -0.4159 0.8162
vn 0.8774 -0.2706 0.3962
vn 0.9813 -0.1094 0.1584
vn 0.9047 -0.4228 0.0530
vn 0.8528 0.5195 -0.0535
vn 0.4962 -0.8134 0.3037
vn 0.3122 0.9499 0.0169
vn 0.8745 0.4108 -0.2579
vn 0.7722 0.5885 -0.2397
vn 0.9775 -0.0680 -0.1997
vn 0.4191 -0.8794 0.2259
vn 0.6515 -0.7424 0.1561
vn 0.5241 -0.8475 0.0839
vn -0.0001 -0.6363 -0.7714
vn 0.9603 0.1670 -0.2237
vn 0.8743 0.4800 -0.0719
vn 0.9523 -0.1800 -0.2466
vn 0.2226 -0.2604 -0.9395
vn 0.4053 -0.0000 -0.9142
vn 0.4450 0.8191 0.3619
vn -0.1770 0.8761 0.4484
vn 0.4903 0.7454 0.4517
vn 0.6527 0.6916 0.3093
vn 0.3820 -0.4807 -0.7893
vn 0.0643 -0.8362 -0.5446
vn -0.0000 -0.8097 0.5868
vn 0.8775 -0.0136 -0.4795
vn 0.0035 -0.0310 -0.9995
vn 0.7097 0.6896 -0.1445
vn -0.4310 -0.7307 0.5295
vn -0.0000 0.8071 -0.5904
vn 0.4804 -0.8042 -0.3500
vn 0.2049 0.5652 0.7991
vn 0.4563 0.8898 0.0027
vn 0.4106 0.5691 0.7124
vn -0.0000 0.5867 0.8098
vn 0.0031 0.8089 0.5880
vn 0.4104 -0.5046 0.7596
vn -0.0000 -0.9944 -0.1057
vn 0.9897 -0.1402 0.0292
vn 0.8956 -0.2009 0.3969
vn -0.0000 -0.4540 0.8910
vn 0.9259 -0.1713 0.3366
vn 0.5772 0.7918 -0.1998
vn 0.7945 0.6069 -0.0211
vn 0.2573 -0.9129 0.3168
vn 0.5177 -0.8177 0.2516
vn 0.6584 -0.7070 0.2582
vn 0.2719 0.9530 -0.1337
vn 0.6080 0.7729 0.1815
vn 0.6538 0.6827 -0.3264
vn 0.6634 0.6866 -0.2975
vn 0.4790 0.7761 -0.4101
vn -0.8424 -0.3059 -0.4436
vn 0.9308 -0.3508 -0.1023
vn 0.4538 -0.8528 0.2584
vn -0.4600 -0.8399 0.2879
vn -0.8692 -0.1882 -0.4572
vn -0.0002 -0.7278 -0.6858
vn -0.0000 -0.6366 -0.7712
vn 0.9101 0.3006 -0.2851
vn 0.6285 -0.7358 -0.2521
vn 0.7287 -0.3604 -0.5823
vn 0.9223 0.0194 -0.3860
vn 0.0098 0.3076 -0.9515
vn 0.0971 0.0013 -0.9953
vn 0.4930 0.8096 0.3186
vn 0.4172 0.8447 0.3354
vn 0.9947 0.0297 0.0984
vn -0.0000 -0.8770 0.4805
vn 0.9008 -0.0176 -0.4338
vn 0.9466 -0.2865 0.1481
vn 0.3390 -0.8686 -0.3615
vn 0.5664 -0.7471 -0.3478
vn 0.2893 0.5589 0.7771
vn 0.0555 0.9984 0.0048
vn 0.2165 0.6249 0.7501
vn 0.8378 0.5394 -0.0843
vn 0.4717 0.8148 0.3370
vn 0.1935 -0.5364 0.8215
vn 0.2193 -0.7913 -0.5707
vn -0.0000 -0.9132 0.4075
vn 0.8243 -0.2917 0.4852
vn 0.8032 -0.1284 -0.5817
vn 0.3862 -0.2862 0.8769
vn 0.9196 -0.1216 0.3736
vn 0.9816 -0.0867 0.1699
vn 0.9248 0.3764 -0.0547
vn 0.6832 -0.5884 0.4325
vn 0.6018 -0.7539 0.2636
vn 0.8324 0.4715 0.2913
vn 0.9705 0.0544 0.2349
vn 0.9203 0.2390 -0.3098
vn 0.6122 0.7056 -0.3568
vn 0.1922 0.8580 -0.4763
vn -0.6098 -0.7719 -0.1801
vn -0.0001 -0.8095 -0.5872
vn 0.9812 -0.0045 -0.1930
vn 0.9281 0.1009 -0.3584
vn 0.9628 0.0833 -0.2570
vn 0.9401 -0.1473 -0.3076
vn 0.4017 0.2881 -0.8693
vn -0.4068 -0.8542 -0.3239
vn -0.5543 0.7833 0.2816
vn 0.4040 0.8623 0.3053
vn -0.0000 0.9944 -0.1057
vn 0.7637 0.3228 0.5591
vn 0.9936 -0.0895 -0.0694
vn 0.3423 -0.8596 -0.3794
vn 0.5175 -0.7917 -0.3246
vn 0.2677 0.8265 -0.4952
vn 0.8240 0.3703 0.4288
vn 0.7197 0.6586 0.2196
vn 0.6735 0.7217 0.1597
vn 0.0105 0.9636 0.2670
vn -0.0000 0.9797 0.2003
vn 0.9248 0.3367 0.1769
vn 0.7279 -0.0084 0.6857
vn -0.0000 -0.8098 -0.5867
vn 0.4177 -0.5369 0.7330
vn 0.4518 -0.4853 -0.7486
vn 0.8768 -0.2193 0.4280
vn -0.0000 -0.3101 0.9507
vn 0.8801 0.4670 0.0856
vn 0.9601 0.1678 0.2236
vn 0.3496 -0.8623 0.3664
vn 0.9523 -0.1800 0.2463
vn 0.3899 -0.0342 0.9202
vn 0.4053 -0.0000 0.9142
vn 0.4903 0.7454 -0.4516
vn 0.6527 0.6915 -0.3096
vn 0.4475 0.8179 -0.3616
vn -0.3706 0.8161 -0.4434
vn -0.9848 0.0537 -0.1651
vn 0.6822 -0.7282 0.0662
vn -0.0000 -0.8097 -0.5868
vn 0.8030 0.1837 -0.5669
vn 0.9183 0.1222 -0.3765
vn 0.7905 0.1891 -0.5825
vn 0.9333 0.1114 -0.3414
vn -0.1915 0.6245 -0.7572
vn 0.4589 0.8395 0.2910
vn 0.5214 0.8074 0.2760
vn -0.0000 -0.9298 0.3682
vn 0.6834 -0.1597 0.7123
vn 0.8404 -0.4264 -0.3345
vn 0.8548 -0.4486 -0.2608
vn 0.4188 0.5307 0.7369
vn 0.1970 0.5270 -0.8267
vn -0.0000 0.9132 0.4075
vn 0.0162 0.9522 0.3052
vn -0.0000 -0.5867 0.8098
vn 0.0013 -0.1057 0.9944
vn -0.0000 -0.4075 -0.9132
vn 0.7624 -0.4333 0.4807
vn 0.8950 -0.1378 0.4242
vn 0.3911 -0.1445 0.9089
vn 0.0002 -0.1563 0.9877
vn 0.8764 -0.1489 0.4580
vn 0.9031 0.3148 0.2920
vn 0.4504 -0.1171 0.8851
vn 0.7297 -0.3597 0.5815
vn 0.6250 -0.7386 0.2526
vn 0.9232 0.0209 0.3837
vn 0.9011 -0.0184 0.4333
vn 0.0971 0.0013 0.9953
vn 0.9184 -0.0169 0.3953
vn 0.3999 0.2816 0.8722
vn 0.0917 0.2302 0.9688
vn 0.4136 0.8461 -0.3363
vn 0.4911 0.8104 -0.3194
vn -0.7399 -0.6424 0.1997
vn -0.9826 0.1178 -0.1432
vn 0.9934 0.0413 -0.1074
vn -0.4298 -0.7320 -0.5286
vn 0.3434 -0.7561 0.5571
vn -0.0000 -0.8761 -0.4820
vn 0.9527 0.2881 -0.0964
vn 0.9223 0.2158 -0.3206
vn 0.4242 0.6972 -0.5780
vn -0.6775 -0.6805 -0.2791
vn 0.4966 0.8365 0.2317
vn 0.6598 0.7226 0.2062
vn -0.8587 -0.4826 0.1724
vn -0.5469 0.0072 0.8372
vn -0.8829 -0.4235 0.2027
vn 0.3833 0.6025 0.7001
vn 0.3411 0.2968 0.8920
vn 0.2728 -0.8722 -0.4060
vn 0.5831 -0.7540 -0.3023
vn 0.7561 0.4882 -0.4359
vn 0.7079 0.3552 0.6105
vn 0.4689 -0.7023 0.5356
vn 0.7266 0.2686 -0.6324
vn 0.8961 -0.0705 0.4383
vn 0.9218 -0.0602 0.3831
vn 0.9816 -0.0591 0.1814
vn 0.9812 -0.0042 0.1929
vn 0.9348 0.1037 0.3398
vn 0.9343 0.0979 0.3429
vn 0.9632 0.0831 0.2557
vn 0.9399 -0.1476 0.3078
vn 0.0036 -0.0292 0.9996
vn 0.0044 0.3096 0.9509
vn 0.4026 0.8629 -0.3055
vn -0.5553 0.7825 -0.2816
vn 0.9411 -0.2736 -0.1987
vn -0.4123 0.4147 -0.8112
vn -0.9108 0.2168 0.3514
vn -0.9985 -0.0200 0.0502
vn -0.9735 -0.2077 -0.0961
vn -0.9986 -0.0523 -0.0082
vn -0.9999 -0.0157 -0.0071
vn -0.0000 -0.8761 -0.4821
vn 0.9282 0.1283 -0.3492
vn 0.9375 0.3049 -0.1676
vn 0.6856 0.7280 -0.0050
vn -0.9661 0.2258 -0.1250
vn -0.9913 0.1289 -0.0276
vn -0.5901 0.7882 0.1745
vn -0.9199 -0.3828 0.0853
vn -0.0001 -0.9688 0.2478
vn -0.0000 -0.9687 0.2481
vn -0.9984 -0.0563 0.0069
vn 0.5199 0.3153 0.7939
vn 0.1773 -0.8541 -0.4890
vn 0.7947 -0.5032 -0.3395
vn 0.9240 -0.3384 -0.1781
vn 0.4720 0.2925 0.8317
vn 0.6391 0.5564 -0.5311
vn -0.0000 0.4075 0.9132
vn 0.5199 -0.6582 0.5445
vn -0.0000 0.1057 -0.9944
vn 0.8772 -0.0740 0.4744
vn 0.9816 -0.0298 0.1884
vn 0.8777 -0.0132 0.4790
vn 0.8035 0.1819 0.5668
vn 0.9183 0.1226 0.3765
vn 0.7940 0.1884 0.5779
vn 0.4832 0.7490 0.4533
vn 0.4587 0.8395 -0.2912
vn 0.5215 0.8074 -0.2759
vn 0.3388 -0.8684 0.3619
vn 0.6809 -0.1593 -0.7148
vn 0.9938 -0.0899 0.0654
vn -0.9520 -0.2873 -0.1053
vn -0.0000 -0.9296 -0.3686
vn 0.7272 0.6348 -0.2610
vn 0.8667 0.4732 0.1577
vn 0.6032 0.7642 0.2284
vn -0.9745 0.2012 -0.0991
vn 0.6243 0.7466 0.2298
vn -0.8422 -0.5168 0.1537
vn -0.9846 -0.1213 -0.1260
vn -0.7420 -0.0082 0.6704
vn -0.0000 -0.9922 0.1246
vn 0.5232 0.0833 0.8482
vn 0.2690 -0.8511 -0.4508
vn 0.3116 -0.7619 -0.5679
vn 0.8831 -0.3266 -0.3368
vn 0.8582 0.4703 -0.2059
vn 0.2740 0.5972 -0.7538
vn 0.7026 0.5762 0.4176
vn 0.5255 -0.7797 0.3405
vn 0.0034 0.5868 -0.8097
vn 0.9522 0.2908 0.0934
vn 0.9231 0.2102 0.3220
vn 0.6787 0.7343 -0.0077
vn 0.0439 0.3886 0.9204
vn 0.4964 0.8366 -0.2319
vn 0.6597 0.7226 -0.2063
vn -0.7415 -0.6223 0.2509
vn 0.3434 -0.8594 0.3788
vn 0.7625 0.3220 -0.5612
vn -0.1199 0.2517 -0.9603
vn 0.3826 0.6033 -0.6997
vn -0.8625 -0.4746 -0.1759
vn -0.8341 -0.4958 -0.2418
vn 0.7074 0.6644 0.2410
vn 0.9375 0.3050 -0.1676
vn -0.4242 -0.6971 0.5780
vn 0.3338 0.0763 0.9395
vn -0.0002 -0.9922 0.1246
vn 0.1823 -0.2403 -0.9534
vn 0.3126 -0.7869 -0.5321
vn 0.5050 -0.1888 -0.8423
vn 0.9603 -0.0036 -0.2790
vn 0.8337 -0.2079 -0.5115
vn 0.5545 0.1656 -0.8155
vn 0.9092 -0.0793 -0.4088
vn 0.8539 0.4803 -0.2004
vn 0.8241 0.3812 -0.4190
vn -0.0000 0.8098 0.5867
vn 0.7092 0.6899 0.1452
vn 0.4801 -0.8045 0.3496
vn 0.9347 0.2213 0.2782
vn -0.5902 0.7881 -0.1745
vn -0.9896 0.1307 0.0598
vn 0.3435 0.2970 -0.8909
vn -0.9004 -0.4249 -0.0936
vn -0.5133 -0.4612 0.7237
vn -0.0000 -0.9689 -0.2473
vn -0.3017 -0.2733 -0.9134
vn 0.4789 -0.1502 -0.8649
vn -0.5103 -0.1889 -0.8390
vn 0.3388 0.0947 0.9361
vn -0.0001 -1.0000 -0.0001
vn 0.3603 -0.9328 0.0004
vn 0.8493 -0.5279 0.0003
vn 0.7919 -0.3487 -0.5013
vn -0.0000 -1.0000 -0.0003
vn 0.4796 0.0842 0.8734
vn 0.9700 0.0992 -0.2218
vn 0.9813 0.1169 -0.1533
vn 0.7162 0.6676 -0.2036
vn 0.4203 0.5300 -0.7365
vn -0.0000 0.9944 0.1057
vn 0.5691 -0.7451 0.3477
vn 0.6707 0.7025 -0.2378
vn 0.3609 0.8578 0.3660
vn 0.6039 0.7639 -0.2276
vn 0.9370 0.3074 0.1660
vn 0.6242 0.7467 -0.2299
vn -0.4101 -0.7030 -0.5810
vn -0.9408 0.2994 0.1590
vn -0.9886 0.1247 0.0848
vn -0.6922 -0.6296 0.3530
vn 0.5229 0.3156 -0.7918
vn -0.7340 -0.0082 -0.6791
vn -0.9999 -0.0125 -0.0015
vn -0.0000 -0.9921 -0.1253
vn -0.5524 -0.0259 -0.8332
vn -0.7438 0.0461 0.6668
vn 0.3123 -0.7872 0.5318
vn 0.7722 -0.0454 -0.6337
vn 0.6627 -0.0711 -0.7455
vn 0.5678 0.0993 0.8172
vn 0.8776 0.2925 -0.3799
vn 0.4027 0.5649 -0.7202
vn 0.5160 -0.7925 0.3250
vn -0.0000 0.9132 -0.4075
vn 0.6947 0.6561 0.2950
vn 0.9370 0.3074 0.1658
vn 0.8400 0.5118 -0.1805
vn 0.2713 -0.8727 0.4059
vn 0.8391 -0.4282 0.3354
vn 0.4720 0.2925 -0.8317
vn 0.5103 0.0836 -0.8559
vn -0.9835 -0.1262 0.1299
vn 0.3437 0.0930 -0.9345
vn -0.5830 -0.2839 0.7612
vn 0.5070 -0.1897 0.8408
vn 0.4425 -0.0923 -0.8920
vn -0.6915 0.1372 0.7092
vn 0.7903 -0.3490 0.5036
vn 0.9961 -0.0879 0.0007
vn 0.6583 -0.0987 -0.7462
vn 0.5161 0.0629 0.8542
vn 0.8378 0.1857 0.5135
vn 0.9009 0.2688 -0.3408
vn 0.9229 0.2396 -0.3015
vn 0.0879 0.5876 -0.8043
vn 0.9816 0.1348 -0.1350
vn 0.8555 -0.4475 0.2604
vn -0.9971 -0.0755 -0.0080
vn 0.2968 -0.7617 0.5759
vn -0.5043 -0.1897 0.8425
vn -0.7416 0.0476 -0.6691
vn 0.4786 -0.1515 0.8648
vn 0.3879 -0.0242 -0.9214
vn -0.9899 0.0953 -0.1053
vn 0.2692 0.1151 0.9562
vn 0.8760 -0.1176 0.4677
vn 0.8699 -0.1202 -0.4784
vn 0.6143 -0.1205 -0.7798
vn 0.4942 -0.0459 -0.8681
vn 0.8521 0.1099 0.5118
vn 0.8957 0.3153 -0.3136
vn 0.0040 0.6085 -0.7936
vn 0.3900 0.6504 -0.6518
vn 0.8767 0.3394 -0.3410
vn 0.5866 -0.7515 0.3018
vn 0.7941 -0.5038 0.3400
vn 0.5359 0.1629 0.8284
vn 0.2704 -0.8508 0.4505
vn 0.4804 0.0839 -0.8730
vn 0.5800 0.1017 -0.8083
vn -0.5527 -0.0254 0.8330
vn -0.4007 0.1725 -0.8998
vn 0.6656 -0.0695 0.7431
vn 0.7582 -0.0403 0.6508
vn 0.4971 0.0375 -0.8669
vn -0.5892 0.0767 -0.8043
vn -0.9862 0.1325 -0.0989
vn 0.3083 0.3081 0.9000
vn 0.9767 -0.2147 0.0007
vn 0.5201 -0.1945 -0.8316
vn 0.6487 -0.0816 -0.7566
vn 0.4202 -0.0612 -0.9054
vn 0.5778 0.0552 0.8143
vn 0.7948 0.1672 0.5834
vn 0.0003 0.7059 -0.7083
vn 0.9212 0.2751 -0.2750
vn 0.8763 0.3897 -0.2832
vn 0.9259 -0.3341 0.1764
vn 0.9685 0.0959 0.2299
vn 0.8324 -0.2096 0.5130
vn 0.8591 0.1914 -0.4747
vn 0.4484 -0.0921 0.8891
vn -0.9947 0.0367 0.0961
vn 0.2718 0.1169 -0.9552
vn 0.6600 0.0264 -0.7508
vn -0.4236 -0.7645 0.4860
vn 0.4235 0.7645 -0.4860
vn -0.9971 -0.0310 0.0697
vn 0.5609 0.8228 0.0920
vn 0.2756 0.1657 0.9469
vn 0.6267 -0.1182 0.7702
vn 0.9213 -0.2187 0.3214
vn 0.9243 -0.2155 -0.3151
vn 0.4996 -0.0162 -0.8661
vn 0.9270 0.0637 0.3695
vn 0.8948 0.3611 -0.2625
vn 0.9220 0.3136 -0.2273
vn 0.3924 0.7446 -0.5400
vn 0.9815 0.1548 -0.1125
vn 0.8827 -0.3240 0.3404
vn 0.3872 0.5703 0.7244
vn 0.9600 -0.0041 0.2799
vn 0.5195 0.0580 -0.8525
vn 0.9270 0.0722 -0.3681
vn 0.3854 -0.0234 0.9224
vn -0.2206 0.0631 0.9733
vn 0.3142 0.3109 -0.8970
vn 0.4933 -0.0478 0.8685
vn 0.6143 -0.1197 0.7800
vn 0.6001 0.0179 -0.7997
vn 0.6815 0.2181 -0.6986
vn -0.1796 0.9157 -0.3594
vn 0.9698 0.2427 -0.0242
vn 0.8329 0.4228 0.3570
vn 0.8734 0.2271 0.4309
vn 0.9600 0.2646 0.0912
vn -0.0000 0.8096 -0.5870
vn 0.8766 0.4291 -0.2178
vn 0.9816 0.1702 -0.0867
vn 0.9055 -0.0820 0.4164
vn 0.9009 0.2697 0.3399
vn 0.0893 0.5881 0.8039
vn 0.9180 0.2465 0.3106
vn 0.7932 0.1656 -0.5860
vn 0.4950 0.0377 0.8681
vn 0.2783 0.1689 -0.9455
vn 0.5646 0.8204 -0.0899
vn -0.9971 -0.0314 -0.0696
vn 0.4183 -0.0603 0.9063
vn 0.6539 -0.0782 0.7526
vn 0.6276 0.0131 -0.7784
vn 0.9540 0.1811 -0.2388
vn 0.9354 0.3535 -0.0000
vn 0.4021 0.9156 -0.0051
vn 0.3938 0.8624 -0.3181
vn 0.4953 -0.1877 0.8482
vn 0.9009 0.3799 0.2100
vn 0.8960 0.3952 -0.2026
vn 0.3898 0.8209 -0.4175
vn 0.0003 0.8913 -0.4535
vn 0.9811 0.1171 0.1538
vn 0.8925 0.2359 0.3844
vn 0.0015 0.6154 0.7882
vn 0.3893 0.6509 0.6518
vn 0.7759 0.0839 -0.6253
vn 0.9612 0.2598 -0.0931
vn 0.6600 0.0264 0.7508
vn 0.6771 0.2184 0.7027
vn 0.8328 0.4232 -0.3568
vn 0.9698 0.2429 0.0239
vn 0.4956 -0.0156 0.8684
vn 0.7795 0.0077 -0.6263
vn 0.9228 0.3724 -0.0991
vn 0.8011 0.5985 -0.0000
vn 0.0125 0.9999 0.0043
vn 0.9181 0.3714 -0.1383
vn 0.1024 0.9460 -0.3076
vn 0.9812 0.1822 -0.0636
vn 0.8779 0.4514 -0.1602
vn 0.9215 0.3461 -0.1765
vn 0.8774 0.2928 0.3801
vn 0.8955 0.3155 0.3139
vn 0.0001 0.7067 0.7075
vn 0.9209 0.2755 0.2759
vn 0.5523 0.0425 -0.8325
vn 0.6002 0.0188 0.7996
vn 0.3870 0.7417 0.5479
vn -0.5369 0.5025 0.6777
vn -0.3261 0.7979 0.5070
vn 0.3933 0.8626 0.3182
vn 0.8728 -0.0032 -0.4880
vn 0.7286 0.4428 -0.5225
vn 0.9628 0.2701 -0.0000
vn 0.9010 0.4069 -0.1502
vn 0.0047 0.9427 -0.3336
vn 0.9816 0.1350 0.1350
vn 0.3925 0.7442 0.5406
vn 0.9220 0.3133 0.2276
vn 0.8976 0.4174 0.1420
vn 0.8825 0.4425 0.1595
vn 0.6264 0.0119 0.7794
vn 0.9530 0.1805 0.2434
vn 0.7763 0.0099 0.6302
vn 0.9178 0.3721 0.1381
vn 0.1174 0.9444 0.3071
vn 0.9389 0.2508 -0.2358
vn 0.9173 0.3981 -0.0000
vn 0.7929 0.6093 0.0001
vn 0.8765 0.3398 0.3411
vn -0.0000 0.8091 0.5876
vn 0.7518 0.6304 0.1936
vn 0.9007 0.4075 0.1505
vn 0.9227 0.3716 0.1021
vn 0.7283 0.4444 0.5216
vn 0.0051 0.9425 0.3342
vn 0.3897 0.8208 0.4176
vn 0.7527 -0.0155 -0.6581
vn 0.9388 0.2507 -0.2360
vn 0.8760 0.3902 0.2835
vn 0.8945 0.3615 0.2632
vn 0.0003 0.8912 0.4537
vn 0.9814 0.1707 0.0882
vn 0.8958 0.3955 0.2029
vn 0.8676 -0.0037 0.4972
vn 0.9215 0.3460 0.1765
vn 0.9382 0.2525 0.2367
vn 0.9815 0.1548 0.1125
vn 0.8763 0.4296 0.2180
vn 0.9382 0.2525 0.2368
vn 0.7643 -0.0134 0.6447
vn -0.1092 0.9793 -0.1706
vn 0.1082 0.9931 -0.0460
vn 0.1092 0.9793 -0.1706
vn 0.3459 0.9372 -0.0437
vn 0.1113 0.9499 -0.2920
vn -0.1082 0.9931 -0.0460
vn 0.3440 0.9360 0.0744
vn 0.3448 0.9247 -0.1613
vn -0.1113 0.9499 -0.2920
vn -0.1087 0.9910 0.0787
vn -0.3459 0.9372 -0.0437
vn 0.6497 0.7587 0.0471
vn 0.1087 0.9910 0.0787
vn 0.6540 0.7551 -0.0467
vn 0.1071 0.9065 -0.4085
vn -0.3448 0.9247 -0.1613
vn 0.3456 0.8969 -0.2758
vn -0.3440 0.9360 0.0744
vn 0.4700 0.8643 0.1792
vn 0.3464 0.9185 0.1906
vn 0.6495 0.7471 -0.1416
vn -0.1071 0.9065 -0.4085
vn -0.3456 0.8969 -0.2758
vn -0.3464 0.9185 0.1906
vn -0.1105 0.9732 0.2015
vn -0.6497 0.7587 0.0471
vn -0.6540 0.7551 -0.0467
vn 1.0000 -0.0000 -0.0000
vn 0.7726 0.6016 0.2029
vn 0.1105 0.9732 0.2015
vn 0.7787 0.6155 0.1221
vn 0.3439 0.8561 -0.3858
vn 0.1100 0.8474 -0.5195
vn -0.6495 0.7471 -0.1416
vn 0.6455 0.7266 -0.2354
vn -0.4700 0.8643 0.1792
vn 0.4698 0.8349 0.2866
vn 0.7113 0.6882 0.1430
vn 0.6784 0.7090 0.1925
vn 0.9116 0.3755 0.1674
vn 0.3490 0.8865 0.3039
vn 0.7949 0.6056 0.0373
vn -0.1100 0.8474 -0.5195
vn -0.3439 0.8561 -0.3858
vn -0.6455 0.7266 -0.2354
vn -0.4698 0.8349 0.2866
vn -0.3489 0.8865 0.3039
vn -0.1127 0.9399 0.3223
vn -0.7726 0.6016 0.2029
vn -0.7787 0.6155 0.1221
vn 0.9147 0.3598 0.1839
vn 0.9822 -0.1733 -0.0720
vn 0.9822 -0.1813 -0.0489
vn 0.1127 0.9399 0.3223
vn 0.9822 -0.1861 -0.0244
vn 0.6441 0.6923 -0.3254
vn 0.3464 0.8000 -0.4900
vn 0.1093 0.7763 -0.6209
vn -0.7949 0.6056 0.0373
vn 0.7996 0.5992 -0.0403
vn -0.7113 0.6882 0.1430
vn -0.9116 0.3755 0.1674
vn -0.6784 0.7090 0.1925
vn 0.4712 0.7921 0.3880
vn 0.5406 0.7051 0.4588
vn 0.9822 -0.1624 -0.0941
vn 0.3440 0.8428 0.4139
vn 0.9822 -0.1878 -0.0000
vn -0.1093 0.7763 -0.6209
vn -0.3464 0.8000 -0.4900
vn -0.6441 0.6923 -0.3254
vn -0.7996 0.5991 -0.0403
vn -0.4712 0.7921 0.3880
vn -0.3440 0.8428 0.4139
vn -0.1073 0.8924 0.4382
vn -0.9147 0.3598 0.1839
vn -0.9822 -0.1813 -0.0489
vn -0.9822 -0.1733 -0.0720
vn -0.9822 -0.1861 -0.0244
vn 0.9300 0.2926 0.2226
vn 0.9822 -0.1487 -0.1146
vn 0.1073 0.8924 0.4382
vn 0.8136 0.5698 -0.1163
vn 0.6398 0.6491 -0.4114
vn 0.3454 0.7328 -0.5863
vn 0.1122 0.6919 -0.7132
vn -0.9822 -0.1878 -0.0000
vn 0.9822 -0.1862 0.0245
vn -0.9822 -0.1624 -0.0941
vn -0.5406 0.7051 0.4588
vn 0.5501 0.6337 0.5439
vn 0.3488 0.7835 0.5143
vn -0.1122 0.6919 -0.7132
vn -0.3454 0.7328 -0.5863
vn -0.6398 0.6491 -0.4114
vn -0.8136 0.5698 -0.1163
vn -0.9822 -0.1862 0.0245
vn -0.3488 0.7835 0.5143
vn 0.1143 0.8305 0.5451
vn -0.9822 -0.1487 -0.1146
vn -0.9300 0.2926 0.2226
vn 0.9307 0.2598 0.2576
vn 0.9822 -0.1325 -0.1330
vn 0.9822 -0.1814 0.0487
vn 0.8199 0.5415 -0.1857
vn 0.6365 0.5949 -0.4909
vn 0.3472 0.6529 -0.6732
vn -0.1104 0.5966 -0.7949
vn -0.1143 0.8305 0.5451
vn -0.5501 0.6337 0.5439
vn 0.5508 0.5594 0.6194
vn 0.3412 0.7141 0.6112
vn 0.1103 0.5966 -0.7949
vn -0.3472 0.6529 -0.6732
vn -0.6365 0.5949 -0.4909
vn -0.8199 0.5415 -0.1857
vn -0.9822 -0.1814 0.0487
vn -0.3412 0.7141 0.6112
vn 0.1054 0.7553 0.6469
vn -0.9822 -0.1325 -0.1330
vn -0.9307 0.2598 0.2576
vn 0.9320 0.2226 0.2862
vn 0.9822 -0.1140 -0.1492
vn 0.9822 -0.1732 0.0722
vn 0.8333 0.4943 -0.2477
vn 0.6343 0.5298 -0.5630
vn 0.3464 0.5637 -0.7499
vn 0.1074 0.4930 -0.8634
vn -0.3464 0.5637 -0.7499
vn -0.1054 0.7553 0.6469
vn -0.5508 0.5594 0.6194
vn 0.5537 0.4765 0.6829
vn 0.3473 0.6310 0.6936
vn -0.1074 0.4930 -0.8634
vn -0.6343 0.5298 -0.5630
vn -0.8333 0.4943 -0.2477
vn -0.9822 -0.1732 0.0722
vn -0.3473 0.6310 0.6936
vn -0.1125 0.6689 0.7348
vn -0.9822 -0.1140 -0.1492
vn -0.9320 0.2226 0.2862
vn 0.9331 0.1820 0.3102
vn 0.9822 -0.0936 -0.1627
vn 0.1125 0.6689 0.7348
vn 0.9822 -0.1626 0.0941
vn 0.8440 0.4440 -0.3009
vn 0.6316 0.4563 -0.6268
vn 0.3433 0.4655 -0.8157
vn 0.1096 0.3807 -0.9182
vn -0.3433 0.4655 -0.8157
vn -0.6316 0.4563 -0.6268
vn -0.5537 0.4765 0.6829
vn 0.5561 0.3863 0.7359
vn 0.3466 0.5391 0.7676
vn -0.1096 0.3807 -0.9182
vn -0.8440 0.4440 -0.3009
vn -0.9822 -0.1626 0.0941
vn -0.3466 0.5391 0.7676
vn 0.1103 0.5711 0.8135
vn -0.9822 -0.0936 -0.1627
vn -0.9331 0.1820 0.3102
vn 0.9345 0.1393 0.3275
vn 0.9822 -0.0717 -0.1735
vn 0.9822 -0.1489 0.1146
vn 0.8507 0.3931 -0.3490
vn 0.6292 0.3753 -0.6807
vn 0.3447 0.3595 -0.8671
vn -0.1115 0.2631 -0.9583
vn -0.3447 0.3595 -0.8671
vn -0.6292 0.3753 -0.6807
vn -0.8507 0.3931 -0.3490
vn -0.1103 0.5711 0.8135
vn -0.5561 0.3863 0.7359
vn 0.5565 0.2909 0.7783
vn 0.3462 0.4389 0.8292
vn 0.1115 0.2631 -0.9583
vn -0.9822 -0.1489 0.1146
vn -0.3462 0.4389 0.8292
vn 0.1094 0.4647 0.8787
vn -0.9822 -0.0717 -0.1735
vn -0.9345 0.1393 0.3275
vn 0.9346 0.0945 0.3430
vn 0.9822 -0.0485 -0.1813
vn 0.9822 -0.1326 0.1331
vn 0.8617 0.3316 -0.3842
vn 0.6259 0.2879 -0.7248
vn 0.3471 0.2478 -0.9045
vn 0.1145 0.1396 -0.9836
vn -0.3471 0.2478 -0.9045
vn -0.6259 0.2879 -0.7248
vn -0.8617 0.3316 -0.3842
vn -0.9822 -0.1326 0.1331
vn -0.1094 0.4647 0.8787
vn -0.5565 0.2909 0.7783
vn 0.5572 0.1909 0.8082
vn 0.3452 0.3313 0.8781
vn -0.1145 0.1396 -0.9836
vn -0.3452 0.3313 0.8781
vn 0.1099 0.3513 0.9298
vn -0.9822 -0.0485 -0.1814
vn -0.9346 0.0945 0.3430
vn 0.9355 0.0488 0.3501
vn 0.9822 -0.0244 -0.1861
vn 0.9822 -0.1141 0.1493
vn 0.8694 0.2710 -0.4131
vn 0.6229 0.1958 -0.7574
vn 0.3480 0.1322 -0.9281
vn 0.1084 0.0158 -0.9940
vn -0.3480 0.1322 -0.9281
vn -0.6229 0.1958 -0.7574
vn -0.8694 0.2710 -0.4131
vn -0.9822 -0.1141 0.1493
vn -0.1099 0.3513 0.9298
vn -0.5572 0.1909 0.8082
vn 0.5577 0.0878 0.8254
vn 0.3482 0.2187 0.9115
vn -0.1084 0.0158 -0.9940
vn -0.3482 0.2187 0.9116
vn -0.1114 0.2320 0.9663
vn -0.9822 -0.0244 -0.1861
vn -0.9355 0.0488 0.3501
vn 0.9359 0.0019 0.3522
vn 0.9822 -0.0000 -0.1877
vn 0.1114 0.2320 0.9663
vn 0.9822 -0.0937 0.1629
vn 0.8764 0.2091 -0.4339
vn 0.6193 0.1000 -0.7788
vn 0.3428 0.0156 -0.9393
vn -0.1092 -0.1085 -0.9881
vn -0.3428 0.0156 -0.9393
vn -0.6193 0.1000 -0.7788
vn -0.8764 0.2091 -0.4339
vn -0.9822 -0.0937 0.1629
vn -0.5577 0.0878 0.8254
vn 0.5587 -0.0155 0.8292
vn 0.3453 0.1021 0.9329
vn 0.1092 -0.1085 -0.9881
vn -0.3453 0.1021 0.9329
vn 0.1092 0.1085 0.9881
vn -0.9822 -0.0000 -0.1877
vn -0.9359 0.0019 0.3522
vn 0.9352 -0.0447 0.3512
vn 0.9822 0.0243 -0.1861
vn 0.9822 -0.0718 0.1738
vn 0.8833 0.1463 -0.4454
vn 0.6170 0.0012 -0.7869
vn 0.3451 -0.1024 -0.9330
vn 0.1114 -0.2320 -0.9663
vn -0.3451 -0.1024 -0.9330
vn -0.6170 0.0012 -0.7869
vn -0.8833 0.1463 -0.4454
vn -0.9822 -0.0718 0.1738
vn -0.1092 0.1085 0.9881
vn -0.5587 -0.0155 0.8292
vn 0.5567 -0.1186 0.8222
vn 0.3458 -0.0152 0.9382
vn -0.0738 -0.2127 -0.9743
vn -0.3458 -0.0152 0.9382
vn -0.1082 -0.0166 0.9940
vn -0.9822 0.0243 -0.1861
vn -0.9352 -0.0447 0.3512
vn 0.9349 -0.0914 0.3429
vn 0.9823 0.0484 -0.1812
vn 0.1082 -0.0166 0.9940
vn 0.9821 -0.0486 0.1818
vn 0.8886 0.0847 -0.4507
vn 0.6125 -0.0974 -0.7844
vn 0.3453 -0.2182 -0.9127
vn 0.1050 -0.3504 -0.9307
vn -0.2583 -0.1661 -0.9517
vn -0.6187 -0.0949 -0.7799
vn -0.8886 0.0847 -0.4507
vn -0.9821 -0.0486 0.1818
vn -0.5567 -0.1186 0.8222
vn 0.5553 -0.2209 0.8018
vn 0.3458 -0.1323 0.9289
vn -0.0000 -0.3527 -0.9357
vn -0.3458 -0.1323 0.9289
vn -0.1091 -0.1407 0.9840
vn -0.9823 0.0484 -0.1812
vn -0.9349 -0.0914 0.3429
vn 0.9344 -0.1371 0.3289
vn 0.9822 0.0717 -0.1734
vn 0.1091 -0.1407 0.9840
vn 0.9821 -0.0245 0.1865
vn 0.8921 0.0249 -0.4511
vn 0.6083 -0.1953 -0.7693
vn 0.3427 -0.3309 -0.8792
vn 0.1091 -0.4650 -0.8785
vn -0.8921 0.0249 -0.4511
vn -0.9821 -0.0245 0.1865
vn -0.5553 -0.2209 0.8018
vn 0.5559 -0.3186 0.7678
vn 0.3423 -0.2486 0.9061
vn -0.0000 -0.4675 -0.8840
vn -0.6358 -0.0892 -0.7667
vn -0.3423 -0.2486 0.9061
vn 0.1065 -0.2628 0.9590
vn -0.9822 0.0717 -0.1734
vn -0.9344 -0.1371 0.3289
vn 0.9330 -0.1815 0.3107
vn 0.9823 0.0935 -0.1625
vn 0.9822 -0.0000 0.1881
vn 0.8975 -0.0345 -0.4397
vn 0.6058 -0.2911 -0.7404
vn 0.3465 -0.4392 -0.8289
vn 0.1103 -0.5717 -0.8130
vn -0.9136 -0.0189 -0.4063
vn -0.9822 -0.0000 0.1881
vn -0.1033 -0.2613 0.9597
vn -0.5559 -0.3186 0.7678
vn 0.5532 -0.4125 0.7238
vn 0.3469 -0.3593 0.8664
vn -0.0000 -0.5752 -0.8180
vn -0.4596 -0.3372 0.8216
vn -0.0000 -0.3825 0.9240
vn -0.9823 0.0935 -0.1625
vn -0.9890 -0.0564 0.1365
vn 0.9311 -0.2247 0.2874
vn 0.9823 0.1139 -0.1488
vn 0.1098 -0.3802 0.9183
vn 0.9821 0.0244 0.1865
vn 0.8994 -0.0906 -0.4277
vn 0.6000 -0.3837 -0.7020
vn 0.3458 -0.5397 -0.7676
vn -0.0000 -0.6726 -0.7400
vn -0.9821 0.0244 0.1865
vn -0.5578 -0.3656 0.7451
vn 0.5535 -0.4985 0.6672
vn 0.3479 -0.4648 0.8142
vn 0.1087 -0.6685 -0.7357
vn -0.9822 0.0485 0.1817
vn 0.1116 -0.4928 0.8630
vn -0.9823 0.1139 -0.1488
vn 0.9295 -0.2640 0.2577
vn 0.9823 0.1321 -0.1327
vn 0.9822 0.0485 0.1816
vn 0.9021 -0.1443 -0.4068
vn 0.5924 -0.4713 -0.6534
vn 0.3438 -0.6313 -0.6951
vn 0.1085 -0.7557 -0.6458
vn -0.4687 -0.3896 0.7928
vn -0.0000 -0.4963 0.8682
vn 0.5516 -0.5784 0.6010
vn 0.3450 -0.5638 0.7504
vn -0.0000 -0.7603 -0.6495
vn -0.9822 0.0717 0.1737
vn -0.0000 -0.6009 0.7993
vn -0.9823 0.1321 -0.1327
vn 0.9271 -0.3013 0.2231
vn 0.9823 0.1483 -0.1142
vn 0.1060 -0.5976 0.7948
vn 0.9822 0.0717 0.1736
vn 0.9037 -0.1950 -0.3812
vn 0.5872 -0.5518 -0.5921
vn 0.3441 -0.7140 -0.6097
vn 0.1074 -0.8308 -0.5461
vn -0.9822 0.0717 0.1736
vn -0.9823 0.1322 -0.1327
vn 0.5494 -0.6498 0.5253
vn 0.3454 -0.6530 0.6740
vn -0.0000 -0.8356 -0.5493
vn -0.9822 0.0937 0.1627
vn -0.0000 -0.6965 0.7176
vn -0.9823 0.1483 -0.1142
vn 0.9251 -0.3327 0.1831
vn 0.9823 0.1619 -0.0938
vn 0.1083 -0.6924 0.7134
vn 0.9822 0.0936 0.1627
vn 0.9057 -0.2411 -0.3486
vn 0.5817 -0.6248 -0.5209
vn 0.3421 -0.7850 -0.5164
vn -0.0000 -0.8978 -0.4403
vn -0.9822 0.0936 0.1627
vn 0.5494 -0.7099 0.4406
vn 0.3422 -0.7336 0.5872
vn 0.1092 -0.8925 -0.4377
vn -0.9822 0.1140 0.1490
vn -0.0000 -0.7809 0.6247
vn -0.9823 0.1619 -0.0938
vn 0.9226 -0.3599 0.1386
vn 0.9823 0.1728 -0.0718
vn 0.1059 -0.7767 0.6210
vn 0.9822 0.1139 0.1490
vn 0.9070 -0.2832 -0.3118
vn 0.5750 -0.6891 -0.4411
vn 0.3448 -0.8431 -0.4128
vn 0.1080 -0.9403 -0.3227
vn -0.9822 0.1139 0.1490
vn -0.9823 0.1620 -0.0938
vn 0.5493 -0.7594 0.3488
vn 0.3435 -0.8009 0.4905
vn -0.0000 -0.9459 -0.3245
vn -0.9823 0.1323 0.1328
vn 0.1073 -0.8478 0.5193
vn -0.9823 0.1728 -0.0718
vn 0.9210 -0.3788 0.0907
vn 0.9823 0.1808 -0.0484
vn 0.9823 0.1323 0.1328
vn 0.9080 -0.3203 -0.2702
vn 0.5709 -0.7415 -0.3526
vn 0.3442 -0.8881 -0.3047
vn 0.1102 -0.9732 -0.2020
vn -0.0000 -0.8528 0.5223
vn -0.9823 0.1729 -0.0717
vn 0.5492 -0.7971 0.2511
vn 0.3427 -0.8567 0.3855
vn -0.0000 -0.9791 -0.2034
vn -0.9823 0.1485 0.1142
vn -0.0000 -0.9115 0.4114
vn -0.9823 0.1808 -0.0484
vn 0.9178 -0.3950 0.0397
vn 0.9824 0.1854 -0.0246
vn 0.1072 -0.9064 0.4086
vn 0.9823 0.1484 0.1142
vn 0.9104 -0.3493 -0.2219
vn 0.5648 -0.7835 -0.2591
vn 0.3459 -0.9187 -0.1906
vn -0.0000 -0.9969 -0.0790
vn -0.9823 0.1807 -0.0485
vn 0.5518 -0.8204 0.1502
vn 0.3472 -0.8965 0.2753
vn 0.1083 -0.9910 -0.0786
vn -0.9823 0.1621 0.0937
vn -0.0000 -0.9558 0.2939
vn -0.9824 0.1854 -0.0246
vn 0.9156 -0.4019 -0.0138
vn 0.9824 0.1870 -0.0000
vn 0.1129 -0.9496 0.2924
vn 0.9823 0.1620 0.0938
vn 0.9102 -0.3755 -0.1746
vn 0.5615 -0.8119 -0.1597
vn 0.3436 -0.9362 -0.0747
vn 0.1082 -0.9931 0.0461
vn -0.9823 0.1621 0.0938
vn 0.5552 -0.8304 0.0469
vn 0.3470 -0.9239 0.1613
vn -0.0000 -0.9989 0.0463
vn -0.9823 0.1728 0.0717
vn 0.1093 -0.9793 0.1705
vn -0.9824 0.1870 -0.0000
vn 0.9142 -0.3995 -0.0678
vn 0.9824 0.1854 0.0245
vn 0.9823 0.1728 0.0719
vn 0.9135 -0.3886 -0.1201
vn 0.5570 -0.8285 -0.0574
vn 0.3461 -0.9372 0.0439
vn -0.0000 -0.9852 0.1715
vn -0.9823 0.1728 0.0719
vn -0.9823 0.1808 0.0485
vn -0.9824 0.1854 0.0245
vn 0.9823 0.1808 0.0485
vn -0.9824 0.1854 0.0246
vn 0.9970 -0.0588 -0.0505
vn 0.7103 0.5258 0.4681
vn 0.9999 0.0058 -0.0102
vn 0.9984 -0.0347 0.0456
vn 0.9987 -0.0336 0.0384
vn 0.9976 0.0562 -0.0406
vn 0.9879 -0.1413 -0.0632
vn 0.7539 0.4975 0.4290
vn 0.7176 0.5350 0.4459
vn 0.9974 0.0607 -0.0383
vn 0.9958 -0.0161 0.0905
vn 0.9911 0.0819 -0.1048
vn 0.9999 -0.0115 -0.0060
vn 0.0056 0.7268 0.6868
vn 0.9980 -0.0325 0.0542
vn 0.9926 -0.0658 0.1023
vn 0.9968 0.0399 0.0688
vn 0.9944 0.0465 -0.0948
vn 0.9936 -0.0610 -0.0951
vn 0.7153 0.4748 0.5127
vn 0.1077 0.7908 0.6025
vn 0.9990 0.0153 -0.0411
vn 0.0076 0.7796 0.6262
vn 0.9987 0.0112 0.0489
vn 0.9998 0.0142 0.0122
vn 0.9903 0.1323 -0.0419
vn 0.9997 0.0209 -0.0088
vn 0.9866 0.0118 -0.1624
vn -0.1542 0.6965 0.7008
vn 0.9993 -0.0341 0.0126
vn -0.0016 0.6749 0.7379
vn 0.7839 0.5503 0.2876
vn 0.9986 -0.0262 -0.0451
vn 0.6075 -0.3419 -0.7169
vn 0.9487 -0.2077 0.2384
vn 0.9969 0.0600 0.0502
vn 0.9723 -0.2117 -0.0994
vn 0.7349 0.4420 0.5143
vn 0.0015 0.6194 0.7851
vn 0.0085 0.8202 0.5719
vn 0.7080 0.6056 0.3633
vn 0.9968 -0.0662 0.0436
vn 0.9862 -0.1353 -0.0958
vn 0.9968 -0.0650 -0.0467
vn 0.9755 0.1444 -0.1657
vn 0.9962 0.0753 -0.0445
vn 0.9963 0.0327 0.0789
vn 0.9926 0.1011 0.0679
vn 0.9985 0.0202 0.0499
vn 0.9979 0.0325 -0.0567
vn 0.0098 0.8698 0.4933
vn 0.9961 0.0755 -0.0457
vn 0.9992 0.0022 0.0395
vn 0.9956 -0.0925 0.0115
vn 0.9963 0.0841 0.0191
vn 0.9997 -0.0194 -0.0120
vn 0.9979 0.0637 0.0127
vn 0.9998 0.0116 0.0136
vn 0.9904 0.0143 0.1377
vn 0.9996 0.0030 -0.0297
vn 0.7948 0.3559 0.4916
vn 0.9951 -0.0724 -0.0672
vn 0.7143 0.6148 0.3343
vn 0.9987 -0.0324 0.0394
vn 1.0000 0.0011 -0.0094
vn 0.8604 -0.4422 -0.2533
vn 0.9994 -0.0282 -0.0181
vn 0.9992 -0.0054 -0.0392
vn 0.7963 0.5074 0.3294
vn 0.9997 -0.0182 -0.0139
vn -0.0004 0.5907 0.8069
vn 0.9658 -0.0523 0.2539
vn 0.0020 0.5102 0.8600
vn 0.9987 -0.0186 -0.0480
vn 0.9973 0.0437 0.0594
vn 0.6028 0.0602 -0.7956
vn 0.9964 0.0314 0.0790
vn 0.9908 0.1019 0.0895
vn 0.0002 0.9900 -0.1414
vn 0.7253 -0.4387 -0.5305
vn 0.6039 0.4067 0.6855
vn 0.9964 -0.0769 -0.0344
vn 0.9937 -0.1117 -0.0010
vn 0.9116 -0.2802 0.3009
vn 0.7560 0.5263 0.3892
vn 0.9960 -0.0000 0.0888
vn 0.9914 0.0834 0.1008
vn 0.5276 -0.0926 0.8444
vn 0.8071 -0.0172 0.5901
vn 0.9900 0.0692 -0.1228
vn 0.9921 0.0289 -0.1220
vn 0.7665 0.3078 -0.5637
vn 0.8164 0.5454 0.1897
vn 0.0056 -0.0279 0.9996
vn 0.9926 -0.0240 0.1191
vn 0.9964 -0.0542 0.0644
vn 0.7318 -0.5847 -0.3500
vn 0.9995 0.0183 0.0265
vn 0.9995 -0.0251 0.0168
vn 0.9886 0.1256 -0.0827
vn 0.9898 -0.0754 0.1206
vn 0.9975 0.0153 0.0686
vn 0.0021 -0.0331 0.9994
vn 0.5672 -0.0275 0.8231
vn 0.9992 0.0365 0.0148
vn 1.0000 -0.0001 -0.0000
vn 0.9847 0.0675 0.1609
vn 0.9326 0.1410 0.3321
vn 0.9378 0.1417 0.3171
vn 0.9779 0.0800 0.1930
vn 0.9312 0.1804 0.3167
vn 0.9986 0.0260 0.0465
vn 0.9330 0.1944 0.3028
vn 0.9986 0.0264 0.0462
vn 0.9253 0.1821 0.3326
vn 0.9994 0.0149 0.0308
vn 0.9256 0.1691 0.3387
vn 0.9994 0.0143 0.0302
vn 0.9211 0.1653 0.3524
vn 0.9998 0.0086 0.0195
vn 0.9259 0.1200 0.3582
vn 0.9998 0.0088 0.0196
vn 0.9290 0.1310 0.3462
vn 1.0000 0.0028 0.0049
vn 0.9276 0.0741 0.3662
vn 1.0000 0.0037 0.0060
vn 0.9331 0.0676 0.3532
vn 0.9266 0.0505 0.3727
vn 0.9290 0.0418 0.3677
vn 0.9349 0.0313 0.3535
vn 1.0000 0.0008 0.0057
vn 0.9385 0.0605 0.3401
vn 0.9383 0.0655 0.3395
vn 0.9846 0.0259 0.1730
vn 1.0000 0.0009 0.0065
vn 0.9796 0.0311 0.1988
vn 0.9998 0.0037 0.0216
vn 0.9985 0.0036 0.0550
vn 0.9998 0.0037 0.0211
vn 1.0000 0.0050 0.0013
vn 0.9985 0.0035 0.0547
vn 0.9994 0.0063 0.0327
vn 0.9957 0.0893 0.0225
vn 0.9995 0.0057 0.0322
vn 0.8886 0.4442 0.1145
vn 1.0000 0.0064 0.0005
vn 0.9996 0.0299 0.0018
vn 0.9996 0.0195 -0.0187
vn 1.0000 -0.0045 0.0046
vn 0.9994 0.0340 0.0028
vn 0.9985 0.0523 0.0131
vn 1.0000 0.0064 -0.0005
vn 1.0000 -0.0040 0.0041
vn 0.9986 0.0518 0.0139
vn 0.9998 -0.0156 0.0155
vn 0.9842 0.1755 0.0236
vn 1.0000 0.0073 -0.0013
vn 0.9998 -0.0153 0.0151
vn 0.9788 0.2033 0.0255
vn 0.9995 0.0299 -0.0019
vn 0.9994 -0.0245 0.0238
vn 0.9375 0.3441 0.0519
vn 0.9996 0.0195 0.0187
vn 0.9994 -0.0244 0.0228
vn 0.9398 0.3387 0.0458
vn 0.9994 0.0339 -0.0029
vn 1.0000 -0.0052 0.0026
vn 0.9986 -0.0338 0.0413
vn 0.9244 0.3724 0.0829
vn 0.9986 0.0521 -0.0125
vn 1.0000 -0.0058 0.0029
vn 0.9986 -0.0340 0.0415
vn 0.9599 0.2754 0.0521
vn 0.9986 0.0517 -0.0135
vn 0.9998 -0.0195 0.0100
vn 0.9843 -0.1235 0.1265
vn 0.9253 0.3729 0.0694
vn 0.9789 0.2026 -0.0260
vn 0.9998 -0.0191 0.0098
vn 0.9789 -0.1447 0.1443
vn 0.9503 0.3086 0.0422
vn 0.9842 0.1753 -0.0231
vn 0.9995 -0.0291 0.0152
vn 0.9394 -0.2486 0.2360
vn 0.9303 0.3655 0.0306
vn 0.9232 0.3812 0.0485
vn 0.9393 0.3404 -0.0431
vn 0.9994 -0.0293 0.0160
vn 0.9383 -0.2500 0.2389
vn 0.9276 0.3736 0.0095
vn 0.9374 0.3441 -0.0531
vn 1.0000 0.0001 -0.0001
vn 0.9985 -0.0513 0.0202
vn 0.9274 -0.2658 0.2633
vn 0.9266 0.3718 -0.0555
vn 0.9123 0.4093 0.0119
vn 0.9985 -0.0510 0.0201
vn 0.9266 -0.2586 0.2731
vn 0.9284 0.3680 -0.0520
vn 0.8891 0.4478 0.0951
vn 0.9793 -0.1804 0.0919
vn 0.9287 -0.2638 0.2608
vn 0.8921 0.4447 0.0800
vn 1.0000 0.0045 -0.0072
vn 0.9843 -0.1593 0.0766
vn 0.9296 -0.2675 0.2535
vn 1.0000 0.0030 -0.0049
vn 0.9383 -0.3050 0.1633
vn 0.9321 -0.2934 0.2125
vn 0.9998 0.0089 -0.0197
vn 0.9377 -0.3040 0.1680
vn 0.9323 -0.2938 0.2110
vn 0.9998 0.0086 -0.0195
vn 1.0000 -0.0005 0.0012
vn 1.0000 -0.0058 -0.0029
vn 0.9289 -0.3354 0.1573
vn 0.9307 -0.3219 0.1735
vn 0.9995 0.0143 -0.0296
vn 1.0000 0.0008 -0.0057
vn 0.9295 -0.3364 0.1512
vn 0.9309 -0.3182 0.1794
vn 0.9994 0.0143 -0.0303
vn 1.0000 0.0010 -0.0064
vn 1.0000 -0.0051 -0.0025
vn 0.9285 -0.3396 0.1499
vn 0.9986 0.0259 -0.0469
vn 0.9998 0.0034 -0.0212
vn 0.9998 -0.0191 -0.0099
vn 0.9985 0.0271 -0.0468
vn 0.9998 0.0036 -0.0216
vn 0.9998 -0.0196 -0.0101
vn 0.9848 0.0771 -0.1559
vn 0.9995 0.0056 -0.0323
vn 0.9994 -0.0293 -0.0160
vn 0.9799 0.0903 -0.1777
vn 0.9994 0.0063 -0.0328
vn 0.9995 -0.0290 -0.0152
vn 0.9356 0.1379 -0.3249
vn 0.9985 0.0035 -0.0550
vn 1.0000 -0.0040 -0.0041
vn 0.9985 -0.0512 -0.0203
vn 0.9367 0.1372 -0.3222
vn 0.9985 0.0035 -0.0547
vn 1.0000 -0.0045 -0.0047
vn 0.9985 -0.0510 -0.0202
vn 0.9295 0.1506 -0.3367
vn 0.9799 0.0293 -0.1974
vn 0.9998 -0.0156 -0.0155
vn 0.9798 -0.1789 -0.0891
vn 0.9288 0.1763 -0.3259
vn 0.9846 0.0250 -0.1731
vn 0.9998 -0.0153 -0.0151
vn 0.9846 -0.1570 -0.0775
vn 0.9258 0.1683 -0.3384
vn 0.9384 0.0612 -0.3401
vn 0.9994 -0.0245 -0.0239
vn 0.9371 -0.3068 -0.1666
vn 0.9247 0.1269 -0.3590
vn 0.9219 0.1647 -0.3506
vn 0.9380 0.0658 -0.3403
vn 0.9994 -0.0243 -0.0229
vn 0.9372 -0.3069 -0.1656
vn 0.9277 0.1217 -0.3530
vn 0.9282 0.0429 -0.3695
vn 0.9985 -0.0347 -0.0414
vn 0.9297 -0.3338 -0.1555
vn 0.9264 0.1395 -0.3498
vn 0.9279 0.0431 -0.3704
vn 0.9985 -0.0342 -0.0425
vn 0.9297 -0.3362 -0.1505
vn 0.9297 0.0830 -0.3589
vn 0.9284 0.0351 -0.3699
vn 0.9792 -0.1428 -0.1443
vn 0.9285 -0.3366 -0.1566
vn 0.9303 0.0650 -0.3610
vn 0.9843 -0.1220 -0.1273
vn 0.9311 -0.3230 -0.1695
vn 0.9401 -0.2445 -0.2376
vn 0.9296 -0.3245 -0.1747
vn 0.9379 -0.2476 -0.2430
vn 0.9320 -0.2928 -0.2137
vn 0.9276 -0.2590 -0.2691
vn 0.9318 -0.2941 -0.2129
vn 0.9289 -0.2639 -0.2597
vn 0.9293 -0.2673 -0.2549
vn 0.9273 -0.2568 -0.2724
vn 0.6128 -0.7899 -0.0220
vn 0.6120 -0.7907 -0.0151
vn 0.3703 -0.8095 0.4556
vn 0.6239 -0.5392 -0.5658
vn 0.6877 -0.6308 0.3593
vn 0.8265 -0.4883 0.2802
vn 0.3647 -0.8018 -0.4735
vn 0.8270 0.4645 0.3167
vn 0.8219 0.5697 0.0044
vn 0.6115 -0.3932 0.6866
vn 0.5717 -0.4274 0.7004
vn 0.5710 -0.7050 0.4206
vn 0.8272 -0.4897 -0.2755
vn 0.5682 -0.3831 -0.7282
vn 0.9528 0.1534 0.2620
vn 0.7462 0.5793 -0.3281
vn 0.8211 0.2978 -0.4870
vn 0.5539 -0.4276 0.7144
vn 0.4723 -0.8814 -0.0108
vn 0.6354 -0.1391 -0.7596
vn 0.3448 0.4515 0.8229
vn 0.5440 0.8391 0.0034
vn 0.8138 0.0115 -0.5811
vn 0.3741 -0.0267 0.9270
vn 0.8238 -0.0061 0.5669
vn 0.1844 -0.8473 0.4980
vn 0.4848 -0.7534 -0.4441
vn 0.3850 0.0384 -0.9221
vn 0.8154 0.0282 0.5782
vn 0.5291 0.7177 0.4527
vn 0.5361 0.4290 -0.7270
vn 0.5199 0.7460 -0.4161
vn 0.6187 0.3433 0.7067
vn 0.6858 -0.1195 0.7179
vn 0.2171 -0.5082 0.8334
vn -0.0000 -0.9999 -0.0131
vn 0.5623 -0.3858 -0.7315
vn -0.0000 -0.8604 -0.5096
vn 0.8274 -0.0033 -0.5616
vn 0.5814 0.4291 -0.6913
vn 0.5259 0.0105 0.8505
vn 0.5170 0.4088 0.7520
vn 0.6155 0.4172 -0.6687
vn 0.9618 0.2365 0.1379
vn 0.9591 0.2218 -0.1758
vn 0.5365 0.0195 -0.8437
vn 0.8130 -0.3119 -0.4917
vn 0.5893 0.3998 0.7021
vn 0.6740 0.4406 0.5929
vn 0.2174 -0.4534 -0.8644
vn 0.5297 -0.4527 0.7173
vn 0.8233 -0.3112 0.4747
vn 0.9575 -0.0304 -0.2868
vn 0.7926 -0.5352 -0.2922
vn 0.6332 0.7343 0.2447
vn 0.1724 -0.2671 0.9481
vn 0.5735 0.0049 -0.8192
vn 0.2221 0.0138 -0.9749
vn 0.3579 0.8161 -0.4538
vn 0.9587 -0.0594 0.2783
vn 0.6304 0.7521 -0.1922
vn 1.0000 0.0080 0.0047
vn 0.5218 -0.4313 -0.7360
vn 0.8300 0.4721 0.2970
vn 0.3780 0.7884 0.4853
vn 0.5673 0.7023 0.4300
vn 0.2141 0.6714 0.7095
vn 0.5444 0.4353 -0.7170
vn 0.8246 0.4873 -0.2873
vn 0.5052 -0.7507 0.4258
vn 0.8202 -0.5206 0.2373
vn 0.9546 -0.2525 -0.1583
vn 0.4924 -0.7503 -0.4411
vn 0.9967 0.0813 0.0044
vn 0.5877 0.8090 0.0136
vn 0.1987 0.8420 0.5015
vn 0.9563 -0.2776 0.0916
vn -0.0000 -0.9999 -0.0162
vn 0.6196 -0.7229 -0.3058
vn 0.2187 0.9757 0.0130
vn 0.1987 0.4991 -0.8434
vn 0.5772 0.7116 -0.4006
vn 0.4951 -0.8687 -0.0155
vn 0.6239 -0.7278 0.2848
vn 0.5538 0.8326 0.0113
vn 0.2168 0.8492 -0.4816
vn 0.5853 0.0930 0.8055
vn 0.6763 0.4140 0.6092
vn 0.3575 0.5365 0.7644
vn 0.8261 0.3149 0.4672
vn 0.6389 0.0370 0.7684
vn 0.7013 0.5829 0.4104
vn 0.5570 0.0784 0.8268
vn 0.4476 -0.3738 0.8123
vn 0.8107 -0.3724 -0.4517
vn 0.6754 0.6607 0.3276
vn 0.5749 0.4631 0.6746
vn 0.5465 -0.3512 0.7603
vn 0.6421 -0.4577 0.6150
vn 0.7582 -0.0527 -0.6499
vn 0.9467 -0.2894 -0.1416
vn 0.5473 0.7610 0.3485
vn 0.2226 0.0823 0.9714
vn 0.5841 -0.6691 0.4594
vn 0.8295 0.2503 -0.4994
vn 0.5264 -0.5047 -0.6843
vn 0.3294 -0.8552 -0.4002
vn 0.8217 -0.5695 0.0221
vn 0.0422 0.9949 -0.0918
vn 0.7020 0.5482 -0.4545
vn 0.5850 0.8077 -0.0735
vn 0.8181 0.5723 -0.0561
vn 0.2193 0.5594 0.7994
vn 0.2375 -0.4054 0.8827
vn 0.5441 -0.6820 0.4887
vn 0.6232 -0.7234 0.2972
vn 0.9836 0.1804 -0.0075
vn 0.5366 0.3562 -0.7649
vn 0.5235 -0.0749 -0.8487
vn 0.6946 0.4941 -0.5229
vn 0.2932 0.9516 -0.0920
vn 0.1991 0.8892 0.4119
vn 0.2015 -0.8028 0.5612
vn 0.5526 -0.8301 0.0744
vn 0.4256 -0.9017 0.0759
vn 0.5695 0.5180 -0.6382
vn 0.1987 0.8687 -0.4537
vn 0.9595 -0.0755 -0.2715
vn 0.5050 -0.7780 -0.3737
vn 0.5263 -0.8475 0.0692
vn 0.7675 -0.5211 0.3734
vn 0.3717 0.3914 -0.8418
vn 0.5557 0.6772 -0.4823
vn 0.2409 -0.9670 0.0832
vn 0.7966 0.6020 -0.0542
vn 0.6338 -0.7650 -0.1144
vn 0.5075 0.7058 -0.4943
vn 0.9578 -0.2823 -0.0538
vn 0.8053 -0.2524 0.5365
vn 0.6494 0.1610 -0.7432
vn 0.8267 0.2499 -0.5041
vn 0.2216 0.7927 -0.5679
vn 0.2383 -0.8817 -0.4072
vn 0.5751 -0.7356 -0.3580
vn 0.5139 0.8545 -0.0752
vn 0.9622 0.2273 -0.1500
vn 1.0000 0.0024 -0.0069
vn 0.5284 -0.6960 0.4863
vn 0.5281 -0.3630 0.7677
vn 0.5687 -0.0950 -0.8170
vn 0.5586 0.3624 -0.7461
vn 0.1860 0.4139 -0.8911
vn 0.5582 -0.7500 -0.3549
vn 0.9847 0.1737 -0.0170
vn 0.6256 -0.6160 -0.4787
vn 0.2921 0.9508 0.1027
vn 0.9572 -0.1966 0.2126
vn 0.9376 -0.0716 0.3403
vn 0.6435 -0.2382 -0.7274
vn 0.2014 -0.5628 -0.8017
vn 0.8207 -0.3290 -0.4672
vn 0.3575 -0.5414 -0.7610
vn 0.5013 0.7871 0.3595
vn 0.9581 0.2466 0.1456
vn 0.9553 0.0320 0.2939
vn 0.5269 0.0764 0.8465
vn 0.5513 -0.0849 -0.8300
vn 0.2163 -0.0885 -0.9723
vn 0.5676 -0.4802 -0.6687
vn 0.6804 -0.4152 -0.6038
vn 0.5882 0.6119 0.5287
vn 0.0412 0.7890 0.6130
vn 0.5237 0.4998 0.6899
vn 0.0717 0.3573 0.9312
vn 0.9990 -0.0038 -0.0455
vn 0.0738 0.5971 0.7988
vn 0.6362 -0.6731 0.3770
vn 0.5976 -0.2482 0.7624
vn 0.4862 -0.6434 0.5913
vn 0.6045 -0.6689 0.4327
vn 0.5850 -0.8013 0.1251
vn 0.6162 -0.1963 0.7628
vn 0.5460 -0.8263 0.1382
vn 0.8205 -0.1480 0.5521
vn 0.6257 -0.7781 -0.0555
vn 0.3805 0.1850 0.9061
vn 0.8459 0.2083 -0.4909
vn 0.1679 -0.9699 0.1762
vn 0.8328 0.1009 0.5443
vn 0.8274 -0.5349 -0.1713
vn 0.9849 0.1705 0.0308
vn 0.3834 -0.8648 -0.3242
vn 0.6047 0.5183 0.6048
vn 0.7652 -0.1250 -0.6315
vn 0.8068 0.4626 -0.3677
vn 0.2325 -0.9180 -0.3213
vn -0.0000 -0.8998 0.4363
vn 0.5677 0.1667 0.8062
vn 0.5808 -0.7713 -0.2603
vn 0.8259 0.5426 0.1536
vn 0.5827 -0.5174 -0.6267
vn 0.6194 0.5106 0.5963
vn 0.5244 0.2892 -0.8009
vn 0.1842 0.2339 0.9547
vn 0.6133 -0.5180 -0.5963
vn 0.3099 0.9496 0.0458
vn 0.5587 0.6901 -0.4600
vn 0.6306 0.7734 0.0652
vn 0.8115 -0.4313 -0.3942
vn 0.5233 -0.1734 -0.8343
vn 0.4998 0.6497 -0.5729
vn 0.2233 -0.6354 -0.7391
vn 0.5532 0.5497 0.6259
vn 0.2137 0.6417 0.7366
vn 0.5493 -0.5464 -0.6322
vn 0.8053 0.3929 0.4440
vn 0.5482 0.7966 0.2546
vn -0.0000 0.8890 -0.4580
vn 0.6494 0.0186 -0.7603
vn 0.8047 -0.5701 -0.1658
vn 0.4729 0.8262 0.3063
vn 0.5321 -0.5589 -0.6360
vn 0.9587 -0.0165 -0.2839
vn 0.9585 0.2498 -0.1372
vn 0.5254 0.8036 0.2798
vn 0.8229 -0.1203 -0.5554
vn 0.7925 0.1159 0.5987
vn 0.5143 0.8436 -0.1544
vn 0.3706 -0.1881 -0.9095
vn 0.9452 -0.3234 0.0441
vn 0.5852 0.7904 -0.1809
vn 0.1879 -0.1930 -0.9630
vn 0.5601 -0.1664 -0.8115
vn 0.5364 0.5501 0.6400
vn 0.9623 0.1918 0.1927
vn 0.8283 -0.2204 0.5150
vn 0.5877 0.2608 -0.7659
vn 0.6288 0.7004 -0.3379
vn 0.3079 -0.9386 0.1556
vn 0.5390 0.8251 -0.1695
vn 0.5057 -0.8180 -0.2741
vn 0.9620 -0.2569 -0.0926
vn 1.0000 0.0003 0.0072
vn 0.1830 0.9317 0.3137
vn 0.5465 0.1582 0.8224
vn 0.5293 -0.2748 0.8027
vn 0.6387 0.4133 -0.6490
vn 0.9543 -0.2271 0.1943
vn 0.8235 0.4336 -0.3659
vn 0.3586 0.7014 -0.6160
vn 0.1830 0.3137 -0.9317
vn 0.5400 0.2742 -0.7957
vn 0.3457 -0.7213 0.6002
vn 0.5193 -0.8374 0.1707
vn 0.5738 0.6180 -0.5375
vn 0.1840 0.9647 -0.1886
vn 0.9607 -0.1502 0.2333
vn 0.5063 -0.6575 0.5580
vn 0.2137 0.7366 -0.6417
vn 0.6151 -0.0875 0.7836
vn 0.3721 0.3577 0.8565
vn 0.6048 -0.1071 0.7892
vn 0.3583 -0.5595 0.7474
vn 0.6574 0.4467 0.6069
vn 0.8312 0.2242 0.5088
vn 0.8285 -0.3267 0.4547
vn 0.6862 -0.4411 0.5784
vn 0.7853 -0.2443 -0.5690
vn 0.5949 0.6349 0.4930
vn 0.6482 0.1969 0.7356
vn 0.5669 -0.1156 0.8156
vn 0.6044 -0.7318 0.3150
vn 0.8281 0.0844 -0.5542
vn 0.7939 -0.4906 -0.3592
vn 0.6529 0.6999 0.2895
vn 0.8683 0.3909 0.3053
vn 0.5658 -0.4892 0.6638
vn 0.7643 0.3896 -0.5139
vn 0.6170 -0.7340 0.2840
vn 0.5265 0.1064 -0.8435
vn 0.5266 -0.6749 -0.5169
vn 0.4348 0.8943 0.1056
vn 0.5625 0.8221 0.0877
vn 0.2020 -0.1375 0.9697
vn 0.5568 -0.7593 0.3368
vn 0.8270 0.5169 -0.2213
vn 0.3683 -0.9223 -0.1173
vn 0.5247 -0.3400 -0.7804
vn 0.5234 -0.8463 -0.0988
vn 0.8268 -0.5610 -0.0400
vn 0.6380 0.7650 -0.0878
vn -0.0000 0.1490 0.9888
vn 0.1892 -0.5953 0.7809
vn 0.5611 -0.8212 -0.1038
vn 0.5179 0.5136 -0.6841
vn 0.5298 0.7793 -0.3346
vn 0.6825 -0.7250 -0.0930
vn 0.8294 -0.5539 -0.0735
vn 0.9559 -0.0612 -0.2874
vn 0.9530 -0.2409 -0.1836
vn 0.5834 0.7467 -0.3195
vn 0.2061 0.9067 0.3679
vn 0.2202 0.9691 0.1108
vn 0.2158 -0.8982 0.3829
vn 0.9546 0.1819 -0.2360
vn 0.7727 0.6307 0.0712
vn 0.5676 -0.6529 -0.5015
vn 0.6176 -0.6424 -0.4537
vn 0.9573 -0.2754 0.0879
vn 0.2789 -0.8691 0.4085
vn 0.9381 -0.3122 0.1499
vn 0.5430 0.7739 -0.3260
vn 0.6306 0.6147 -0.4738
vn 0.2018 0.9010 -0.3839
vn 0.1863 -0.9744 -0.1259
vn 0.5546 -0.6666 -0.4980
vn 0.5315 0.8413 0.0988
vn 0.8206 0.4560 0.3446
vn 1.0000 0.0013 0.0037
vn 0.4993 -0.7956 0.3431
vn 0.5403 0.5016 -0.6756
vn 0.4418 0.5292 -0.7244
vn 0.9564 0.2920 -0.0013
vn 0.6914 -0.2932 -0.6604
vn 0.8163 -0.2248 -0.5321
vn 0.5035 -0.5142 0.6943
vn 0.9569 -0.0807 0.2790
vn 0.7592 -0.3658 0.5383
vn 0.2190 0.5831 -0.7823
vn 0.6083 0.1268 -0.7835
vn 0.2230 -0.7813 -0.5829
vn 0.5321 0.6812 0.5029
vn 0.3515 -0.3716 -0.8593
vn 0.5838 -0.3191 -0.7465
vn 0.7320 0.2399 0.6377
vn 0.9567 0.1690 0.2368
vn 0.9432 -0.0576 0.3272
vn 0.5577 0.0964 -0.8244
vn 0.5886 0.0739 -0.8050
vn 0.5074 -0.0992 0.8560
vn 0.2961 -0.1498 0.9433
vn 0.2215 0.1099 -0.9690
vn 0.2377 -0.3805 -0.8937
vn 0.5174 0.3294 0.7898
vn 0.5732 -0.5508 0.6067
vn 0.4214 -0.8664 0.2680
vn 0.6497 -0.6380 0.4133
vn 0.5750 -0.7828 0.2377
vn 0.6370 -0.7708 0.0105
vn 0.6584 -0.3577 0.6623
vn 0.5858 -0.7912 -0.1755
vn 0.5422 -0.5672 0.6200
vn 0.8381 0.5384 0.0881
vn 0.7964 0.4351 -0.4201
vn 0.3541 -0.2160 0.9099
vn 0.5399 -0.8208 -0.1865
vn 0.8269 -0.1417 0.5442
vn 0.2732 -0.9178 0.2882
vn 0.6487 -0.6580 -0.3823
vn 0.7875 0.5887 -0.1828
vn 0.6935 -0.1716 0.6998
vn 0.5460 -0.6253 -0.5575
vn 0.5607 -0.1871 0.8066
vn 0.1890 -0.6672 0.7205
vn 0.4426 -0.6541 -0.6134
vn 0.8030 0.4374 0.4047
vn 0.5396 0.8238 0.1736
vn 0.5158 0.8209 -0.2449
vn 0.7761 0.1303 -0.6171
vn 0.6331 0.0898 0.7689
vn 0.5799 0.2406 0.7784
vn 0.1883 -0.9570 -0.2205
vn 0.6202 -0.2340 -0.7487
vn 0.5361 0.5739 -0.6191
vn 0.8155 -0.2000 -0.5431
vn 0.5276 0.1937 -0.8271
vn 0.2030 -0.7379 -0.6437
vn 0.6142 -0.2193 -0.7580
vn 0.1889 -0.2163 0.9579
vn 0.5596 0.2455 0.7915
vn 0.5334 0.6222 0.5730
vn 0.8056 0.1362 0.5765
vn 0.9620 0.2595 -0.0848
vn 0.5268 -0.2497 -0.8125
vn 0.6536 0.4524 0.6068
vn 0.6289 -0.3403 -0.6991
vn 0.8227 0.4181 0.3851
vn 0.6439 0.3508 -0.6800
vn 0.9597 0.1721 0.2220
vn 0.7871 -0.1282 0.6033
vn 0.9585 0.0426 -0.2819
vn 0.5089 -0.6373 -0.5786
vn 0.8478 -0.3335 -0.4123
vn 0.3670 0.6842 0.6302
vn -0.0000 -0.5360 -0.8442
vn 0.8484 0.1550 -0.5061
vn 0.2321 0.2846 0.9301
vn 0.5701 0.6033 0.5577
vn 0.3692 0.1994 -0.9077
vn 0.5272 0.2328 0.8173
vn 1.0000 0.0074 0.0001
vn 0.9551 -0.2162 -0.2025
vn 0.7960 -0.5882 -0.1425
vn 0.6222 0.7624 0.1778
vn 0.8251 0.1335 -0.5490
vn 0.5895 0.7882 0.1766
vn 0.5549 0.8098 0.1904
vn 0.5689 0.5417 -0.6187
vn 0.8108 -0.3799 0.4453
vn 0.9580 -0.1343 0.2533
vn 0.5162 -0.1762 0.8382
vn 0.5277 -0.8281 -0.1891
vn 0.5584 0.5680 -0.6046
vn 0.1893 0.7204 0.6672
vn 0.2222 0.9512 0.2140
vn 0.6468 0.6511 -0.3971
vn 0.9565 -0.2886 0.0435
vn 0.8191 -0.5487 0.1673
vn 0.2214 0.7008 -0.6782
vn 0.5451 0.8010 -0.2475
vn 0.2366 0.9269 -0.2914
vn 0.4555 0.8508 -0.2620
vn 0.5378 -0.5784 0.6133
vn 0.5369 -0.8063 0.2483
vn 0.9992 -0.0156 0.0357
vn 0.9994 -0.0244 0.0230
vn 0.9998 -0.0059 0.0210
vn 0.9997 -0.0228 0.0019
vn 0.9994 0.0016 0.0360
vn 0.9998 0.0110 -0.0191
vn 0.9993 -0.0325 0.0156
vn 0.9995 0.0120 0.0283
vn 0.9997 -0.0135 -0.0203
vn 0.9998 0.0202 0.0089
vn 0.9992 -0.0409 -0.0003
vn 0.9993 -0.0343 -0.0146
vn 0.9993 -0.0000 -0.0364
vn 0.9996 0.0277 -0.0111
vn 0.9994 0.0236 0.0263
vn 0.9991 -0.0306 -0.0284
vn 0.9991 -0.0145 -0.0389
vn 0.9992 0.0147 -0.0367
vn 0.9994 0.0265 -0.0241
vn 0.9994 0.0339 -0.0020
vn 0.9992 0.0373 0.0153
vn -0.0000 -0.0061 -1.0000
vn -0.0000 -0.1971 -0.9804
vn 0.5831 -0.1665 -0.7951
vn 0.5159 0.0207 -0.8564
vn -0.0000 -0.3819 -0.9242
vn 0.4476 0.1628 -0.8793
vn 0.8863 0.0945 0.4533
vn 0.6924 -0.2791 -0.6653
vn 0.9992 -0.0027 0.0405
vn 0.9987 0.0161 0.0479
vn -0.0000 -0.5528 -0.8333
vn 0.4623 0.3555 -0.8124
vn -0.0000 0.3819 -0.9242
vn -0.0000 0.2912 -0.9567
vn 0.7884 0.0029 0.6151
vn 0.7514 0.2491 0.6111
vn 0.6094 -0.4526 -0.6510
vn 0.5316 -0.1576 0.8322
vn 0.9568 0.1577 -0.2443
vn 0.2909 0.2031 0.9349
vn 0.8864 0.2435 0.3937
vn 0.0147 -0.6736 -0.7389
vn 0.5452 -0.3306 0.7704
vn 0.5585 -0.4612 0.6895
vn 0.4356 0.4908 -0.7546
vn -0.0000 -0.1967 0.9805
vn 0.3419 0.5156 0.7857
vn 0.1516 0.3738 0.9150
vn -0.0000 -0.7056 -0.7086
vn 0.9435 -0.2475 -0.2205
vn 0.9994 0.0066 -0.0346
vn 0.3822 0.6616 -0.6451
vn 0.6887 0.4929 0.5317
vn 0.0232 -0.8656 -0.5002
vn -0.0000 -0.5569 0.8306
vn -0.0000 -0.3836 0.9235
vn 0.4338 -0.6522 0.6217
vn -0.0000 0.7087 -0.7055
vn -0.0000 0.6311 0.7757
vn 0.6406 -0.7091 -0.2948
vn 0.7442 0.5328 0.4028
vn 0.4015 0.7542 -0.5196
vn 0.9874 -0.1116 0.1122
vn -0.0000 0.8320 -0.5547
vn -0.0000 -0.9242 -0.3819
vn 0.8373 0.4984 0.2248
vn -0.0000 0.7745 0.6325
vn -0.0000 -0.7049 0.7093
vn 0.6231 -0.6460 0.4409
vn 0.3187 -0.9305 -0.1804
vn 0.8822 -0.4618 -0.0924
vn 0.2694 0.8816 0.3874
vn 0.4457 0.8363 -0.3193
vn 0.5343 -0.7834 0.3175
vn 0.9808 0.1871 0.0557
vn 0.9244 0.3726 -0.0822
vn -0.0000 0.9234 -0.3839
vn -0.0000 -0.9228 0.3852
vn 0.7364 -0.6663 0.1173
vn 0.2387 -0.9710 -0.0140
vn 0.9891 -0.1455 0.0223
vn 0.3423 0.9205 -0.1882
vn -0.0000 -1.0000 0.0022
vn 0.9922 0.1245 0.0065
vn 0.9999 0.0059 0.0110
vn 0.4180 0.9085 0.0008
vn 0.4888 -0.8463 0.2119
vn 0.5168 -0.7818 0.3490
vn -0.0000 -0.9808 0.1949
vn 0.4870 -0.8564 0.1714
vn 0.9882 0.1474 -0.0409
vn 0.5903 -0.8070 0.0164
vn 0.0701 -0.9975 -0.0004
vn 0.9998 -0.0155 -0.0123
vn 0.4417 0.8751 0.1979
vn 0.6994 -0.7035 -0.1264
vn -0.0000 0.9953 0.0968
vn 0.6108 -0.7467 0.2633
vn 0.8570 0.4646 -0.2229
vn 0.6865 0.6801 0.2571
vn 0.9881 -0.1420 -0.0597
vn -0.0000 0.9804 0.1971
vn -0.0000 -0.9567 0.2912
vn 0.8107 -0.4937 0.3146
vn 0.8111 0.4776 -0.3375
vn 0.1534 0.9205 0.3594
vn 0.4966 -0.8424 -0.2089
vn 0.4936 -0.8050 -0.3293
vn 0.2520 -0.7985 0.5468
vn 0.3160 0.7863 -0.5309
vn 0.3414 0.7734 0.5342
vn 0.5247 -0.7794 -0.3422
vn 0.5591 -0.6867 -0.4645
vn -0.0000 -0.9227 -0.3855
vn 0.7529 -0.4596 0.4710
vn 0.9728 0.1652 -0.1621
vn 0.9966 0.0694 0.0444
vn 0.1864 0.8115 0.5537
vn -0.0000 -0.8310 -0.5563
vn -0.0000 -0.7033 0.7109
vn 0.4680 0.5796 0.6671
vn 0.5171 -0.5992 -0.6112
vn -0.0000 -0.5553 0.8317
vn 0.9995 0.0248 -0.0177
vn 0.6440 0.4526 0.6168
vn -0.0000 -0.7085 -0.7057
vn 0.9296 -0.1959 -0.3122
vn 0.3969 -0.5407 0.7417
vn 0.5473 0.4831 -0.6834
vn -0.0000 0.5507 -0.8347
vn 0.1562 0.5576 0.8153
vn -0.0000 0.6264 0.7795
vn 0.4325 -0.5072 -0.7455
vn 0.2666 -0.3230 0.9081
vn 0.5859 0.2966 -0.7541
vn 0.3374 0.3345 0.8799
vn 0.0117 0.3714 0.9284
vn 0.5784 -0.3016 -0.7580
vn -0.0000 -0.3854 0.9227
vn 1.0000 -0.0039 -0.0069
vn 0.6020 0.1622 -0.7819
vn -0.0000 0.3800 -0.9250
vn 0.9997 -0.0144 -0.0206
vn -0.0000 -0.3763 -0.9265
vn 0.5299 -0.1731 -0.8302
vn -0.0000 -0.1971 0.9804
vn -1.0000 0.0038 0.0068
vn 0.0116 -0.2414 0.9704
vn 0.0101 0.1991 -0.9799
vn 0.5784 0.1591 0.8001
vn -0.0000 -0.2020 -0.9794
vn 0.4600 0.0152 0.8878
vn 0.6498 0.0189 -0.7599
vn -0.0000 0.1949 0.9808
vn -0.0000 0.1033 -0.9946
vn -0.6680 -0.6053 -0.4328
vn -0.6861 0.7274 -0.0077
vn -0.6679 -0.6065 0.4313
vn -0.6738 0.2228 -0.7046
vn -0.6735 0.2184 0.7062
vn -0.6643 -0.5977 0.4488
vn -0.6883 0.2288 -0.6884
vn -0.6643 -0.5977 -0.4489
vn -0.6669 0.2405 0.7052
vn 0.9978 -0.0640 -0.0156
vn 0.9934 0.0150 0.1141
vn 0.9987 -0.0499 0.0069
vn 0.9999 -0.0021 -0.0147
vn 0.9998 -0.0097 0.0178
vn 0.9993 0.0275 -0.0256
vn 0.9999 0.0110 -0.0053
vn 0.9998 0.0133 0.0145
vn 0.9992 -0.0076 0.0384
vn 0.4231 0.8462 -0.3239
vn 0.4391 -0.8678 0.2325
vn 0.7851 -0.2403 -0.5708
vn 0.8610 -0.2217 -0.4578
vn 0.9540 -0.1792 -0.2404
vn 0.9794 -0.1548 -0.1299
vn 0.3790 0.6359 -0.6723
vn 0.3814 0.4299 0.8184
vn 0.8417 0.5394 0.0227
vn -0.0000 0.4068 0.9135
vn -0.0000 0.4994 0.8664
vn -0.0000 0.5880 0.8088
vn -0.0000 0.6702 0.7422
vn -0.0000 0.7432 0.6691
vn -0.0000 0.3087 0.9512
vn -0.0000 0.8089 0.5879
vn -0.0000 0.9779 0.2091
vn -0.0000 0.9945 0.1045
vn -0.0000 0.9945 -0.1045
vn -0.0000 0.8657 0.5005
vn -0.0000 0.9139 0.4060
vn -0.0000 0.2089 0.9779
vn -0.0000 0.9779 -0.2091
vn -0.0000 0.9510 -0.3093
vn -0.0000 0.9135 -0.4068
vn -0.0000 0.9135 -0.4067
vn -0.0000 0.8664 -0.4994
vn -0.0000 0.8088 -0.5880
vn -0.0000 0.7433 -0.6689
vn -0.0000 0.5882 -0.8087
vn -0.0000 0.4993 -0.8664
vn -0.0000 0.4068 -0.9135
vn -0.0000 0.3086 -0.9512
vn -0.0000 0.2067 -0.9784
vn -0.0000 0.1048 -0.9945
vn -0.0000 -0.0001 -1.0000
vn -0.0000 -0.1045 -0.9945
vn -0.0000 -0.2069 -0.9784
vn -0.0000 0.1048 0.9945
vn -0.0000 -0.0001 1.0000
vn -0.0000 -0.3092 -0.9510
vn -0.0000 -0.4068 -0.9135
vn -0.0000 -0.4993 -0.8664
vn -0.0000 -0.5882 -0.8087
vn -0.0000 -0.6700 -0.7423
vn -0.0000 -0.7433 -0.6689
vn -0.0000 -0.8088 -0.5881
vn -0.0000 -0.8664 -0.4994
vn -0.0000 -0.9127 -0.4087
vn -0.0000 -0.9510 -0.3092
vn -0.0000 -0.9784 -0.2069
vn -0.0000 -0.9945 -0.1045
vn -0.0000 -0.9945 0.1045
vn -0.0000 -0.9784 0.2069
vn -0.0000 -0.9130 0.4080
vn -0.0000 -0.8657 0.5005
vn -0.0000 -0.8089 0.5879
vn -0.0000 -0.7432 0.6691
vn -0.0000 -0.6702 0.7422
vn -0.0000 -0.5880 0.8088
vn -0.0000 -0.4994 0.8664
vn -0.0000 -0.4068 0.9135
vn -0.0000 -0.3093 0.9510
vn -0.0000 -0.2091 0.9779
vn -0.0000 -0.1045 0.9945
vt 0.000000 0.000000
s 1
g off
usemtl Color_M02
f 3469/1/320 3470/1/320 3471/1/320
f 3472/1/320 3470/1/320 3469/1/320
f 3471/1/320 3470/1/320 3473/1/320
f 3469/1/320 3471/1/320 3474/1/320
f 3475/1/320 3470/1/320 3472/1/320
f 3472/1/320 3469/1/320 3476/1/320
f 3477/1/3079 3478/1/3080 3479/1/3079
f 3480/1/3080 3481/1/3081 3478/1/3080
f 3482/1/3081 3483/1/3082 3481/1/3081
f 3483/1/3082 3484/1/3082 3485/1/3083
f 3475/1/320 3472/1/320 3486/1/320
f 3475/1/320 3487/1/320 3470/1/320
f 3472/1/320 3476/1/320 3488/1/320
f 3476/1/320 3469/1/320 3489/1/320
f 3490/1/3084 3477/1/3079 3479/1/3079
f 3477/1/3079 3480/1/3080 3478/1/3080
f 3480/1/3080 3482/1/3081 3481/1/3081
f 3482/1/3081 3484/1/3082 3483/1/3082
f 3485/1/3083 3484/1/3082 3491/1/3083
f 3486/1/320 3472/1/320 3492/1/320
f 3475/1/320 3486/1/320 3493/1/320
f 3475/1/320 3494/1/320 3487/1/320
f 3487/1/320 3495/1/320 3470/1/320
f 3488/1/320 3476/1/320 3496/1/320
f 3472/1/320 3488/1/320 3497/1/320
f 3489/1/320 3469/1/320 3498/1/320
f 3476/1/320 3489/1/320 3499/1/320
f 3500/1/1760 3501/1/1760 3502/1/1760
f 3490/1/3084 3479/1/3079 3503/1/3084
f 3504/1/1760 3505/1/1760 3500/1/1760
f 3506/1/1760 3507/1/1760 3504/1/1760
f 3485/1/3083 3491/1/3083 3508/1/3085
f 3492/1/320 3472/1/320 3509/1/320
f 3486/1/320 3492/1/320 3510/1/320
f 3493/1/320 3486/1/320 3511/1/320
f 3512/1/320 3475/1/320 3493/1/320
f 3475/1/320 3513/1/320 3494/1/320
f 3494/1/320 3514/1/320 3487/1/320
f 3487/1/320 3515/1/320 3495/1/320
f 3495/1/320 3516/1/320 3470/1/320
f 3517/1/371 3518/1/371 3519/1/3086
f 3519/1/3086 3520/1/3086 3521/1/3087
f 3521/1/3087 3522/1/3087 3523/1/216
f 3523/1/216 3524/1/216 3525/1/3088
f 3508/1/3085 3526/1/3085 3527/1/3089
f 3527/1/3089 3528/1/3089 3529/1/3090
f 3529/1/3090 3530/1/3090 3517/1/371
f 3531/1/3091 3490/1/3084 3503/1/3084
f 3500/1/1760 3502/1/1760 3532/1/1760
f 3470/1/320 3533/1/320 3534/1/320
f 3506/1/1760 3504/1/1760 3500/1/1760
f 3508/1/3085 3491/1/3083 3526/1/3085
f 3509/1/320 3472/1/320 3535/1/320
f 3492/1/320 3509/1/320 3536/1/320
f 3510/1/320 3492/1/320 3537/1/320
f 3486/1/320 3510/1/320 3538/1/320
f 3511/1/320 3486/1/320 3539/1/320
f 3493/1/320 3511/1/320 3540/1/320
f 3512/1/320 3541/1/320 3475/1/320
f 3475/1/320 3542/1/320 3513/1/320
f 3513/1/320 3543/1/320 3494/1/320
f 3494/1/320 3544/1/320 3514/1/320
f 3514/1/320 3545/1/320 3487/1/320
f 3487/1/320 3546/1/320 3515/1/320
f 3515/1/320 3547/1/320 3495/1/320
f 3495/1/320 3548/1/320 3516/1/320
f 3470/1/320 3516/1/320 3533/1/320
f 3517/1/371 3530/1/3090 3518/1/371
f 3519/1/3086 3518/1/371 3520/1/3086
f 3521/1/3087 3520/1/3086 3522/1/3087
f 3523/1/216 3522/1/3087 3524/1/216
f 3525/1/3088 3524/1/216 3549/1/3088
f 3527/1/3089 3526/1/3085 3528/1/3089
f 3529/1/3090 3528/1/3089 3530/1/3090
f 3531/1/3091 3503/1/3084 3550/1/3091
f 3500/1/1760 3532/1/1760 3551/1/1760
f 3502/1/1760 3552/1/1760 3532/1/1760
f 3553/1/1760 3506/1/1760 3500/1/1760
f 3554/1/1760 3555/1/1760 3506/1/1760
f 3525/1/3088 3549/1/3088 3556/1/3092
f 3556/1/3092 3557/1/3092 3558/1/3093
f 3558/1/3093 3559/1/3093 3560/1/3094
f 3560/1/3094 3561/1/3095 3562/1/3096
f 3562/1/3096 3563/1/3096 3564/1/3097
f 3564/1/3097 3565/1/3097 3566/1/3098
f 3566/1/3098 3567/1/3098 3568/1/943
f 3569/1/3099 3568/1/943 3570/1/943
f 3571/1/3100 3569/1/3099 3572/1/3099
f 3573/1/3101 3571/1/3100 3574/1/3100
f 3575/1/3102 3573/1/3101 3576/1/3101
f 3577/1/3103 3575/1/3102 3578/1/3102
f 3579/1/3104 3577/1/3103 3580/1/3103
f 3581/1/3105 3579/1/3104 3582/1/3104
f 3583/1/3106 3581/1/3105 3584/1/3105
f 3585/1/3107 3583/1/3106 3586/1/3106
f 3475/1/320 3587/1/320 3542/1/320
f 3542/1/320 3588/1/320 3513/1/320
f 3513/1/320 3589/1/320 3543/1/320
f 3543/1/320 3590/1/320 3494/1/320
f 3494/1/320 3591/1/320 3544/1/320
f 3544/1/320 3592/1/320 3514/1/320
f 3545/1/320 3593/1/320 3487/1/320
f 3487/1/320 3594/1/320 3546/1/320
f 3515/1/320 3595/1/320 3547/1/320
f 3547/1/320 3596/1/320 3495/1/320
f 3495/1/320 3597/1/320 3548/1/320
f 3548/1/320 3598/1/320 3516/1/320
f 3533/1/320 3516/1/320 3599/1/320
f 3600/1/1760 3601/1/1760 3554/1/1760
f 3602/1/1760 3603/1/1760 3600/1/1760
f 3553/1/1760 3604/1/1760 3602/1/1760
f 3605/1/3108 3531/1/3091 3550/1/3091
f 3551/1/1760 3532/1/1760 3606/1/1760
f 3607/1/1760 3500/1/1760 3551/1/1760
f 3608/1/3109 3605/1/3108 3609/1/3108
f 3610/1/1760 3553/1/1760 3500/1/1760
f 3553/1/1760 3600/1/1760 3506/1/1760
f 3600/1/1760 3554/1/1760 3506/1/1760
f 3556/1/3092 3549/1/3088 3557/1/3092
f 3558/1/3093 3557/1/3092 3559/1/3093
f 3560/1/3094 3559/1/3093 3561/1/3095
f 3562/1/3096 3561/1/3095 3563/1/3096
f 3564/1/3097 3563/1/3096 3565/1/3097
f 3566/1/3098 3565/1/3097 3567/1/3098
f 3568/1/943 3567/1/3098 3570/1/943
f 3569/1/3099 3570/1/943 3572/1/3099
f 3571/1/3100 3572/1/3099 3574/1/3100
f 3573/1/3101 3574/1/3100 3576/1/3101
f 3575/1/3102 3576/1/3101 3578/1/3102
f 3577/1/3103 3578/1/3102 3580/1/3103
f 3579/1/3104 3580/1/3103 3582/1/3104
f 3581/1/3105 3582/1/3104 3584/1/3105
f 3583/1/3106 3584/1/3105 3586/1/3106
f 3585/1/3107 3586/1/3106 3611/1/3107
f 3612/1/3110 3585/1/3107 3611/1/3107
f 3613/1/3111 3612/1/3110 3614/1/3110
f 3615/1/3112 3613/1/3111 3616/1/3111
f 3617/1/3113 3615/1/3112 3618/1/3112
f 3619/1/3114 3617/1/3113 3620/1/3113
f 3619/1/3114 3621/1/3114 3622/1/3115
f 3622/1/3115 3623/1/3115 3624/1/3116
f 3624/1/3116 3625/1/3116 3626/1/3117
f 3626/1/3117 3627/1/3117 3628/1/3118
f 3628/1/3118 3629/1/3118 3630/1/3119
f 3630/1/3119 3631/1/3119 3632/1/3120
f 3632/1/3120 3633/1/3120 3634/1/3121
f 3634/1/3121 3635/1/3121 3636/1/60
f 3636/1/60 3637/1/60 3638/1/3122
f 3638/1/3122 3639/1/3122 3640/1/3123
f 3640/1/3123 3641/1/3123 3642/1/42
f 3642/1/42 3643/1/42 3644/1/3124
f 3644/1/3124 3645/1/3124 3646/1/3125
f 3646/1/3125 3647/1/3125 3648/1/3126
f 3648/1/3126 3649/1/3126 3650/1/3127
f 3651/1/3127 3652/1/3128 3650/1/3127
f 3653/1/3128 3654/1/3129 3652/1/3128
f 3655/1/3129 3656/1/3130 3654/1/3129
f 3657/1/3130 3658/1/3131 3656/1/3130
f 3659/1/3131 3660/1/3132 3658/1/3131
f 3661/1/3132 3662/1/3133 3660/1/3132
f 3663/1/3133 3664/1/3134 3662/1/3133
f 3665/1/3134 3666/1/3109 3664/1/3134
f 3608/1/3109 3609/1/3108 3666/1/3109
f 3605/1/3108 3550/1/3091 3609/1/3108
f 3553/1/1760 3602/1/1760 3600/1/1760
f 3606/1/1760 3532/1/1760 3667/1/1760
f 3551/1/1760 3606/1/1760 3668/1/1760
f 3610/1/1760 3500/1/1760 3607/1/1760
f 3607/1/1760 3551/1/1760 3669/1/1760
f 3610/1/1760 3670/1/1760 3553/1/1760
f 3671/1/1760 3672/1/1760 3553/1/1760
f 3673/1/1760 3674/1/1760 3671/1/1760
f 3675/1/1760 3676/1/1760 3673/1/1760
f 3670/1/1760 3677/1/1760 3675/1/1760
f 3678/1/1760 3679/1/1760 3670/1/1760
f 3680/1/1760 3681/1/1760 3678/1/1760
f 3682/1/1760 3683/1/1760 3680/1/1760
f 3682/1/1760 3610/1/1760 3684/1/1760
f 3612/1/3110 3611/1/3107 3614/1/3110
f 3613/1/3111 3614/1/3110 3616/1/3111
f 3615/1/3112 3616/1/3111 3618/1/3112
f 3617/1/3113 3618/1/3112 3620/1/3113
f 3619/1/3114 3620/1/3113 3621/1/3114
f 3622/1/3115 3621/1/3114 3623/1/3115
f 3624/1/3116 3623/1/3115 3625/1/3116
f 3626/1/3117 3625/1/3116 3627/1/3117
f 3628/1/3118 3627/1/3117 3629/1/3118
f 3630/1/3119 3629/1/3118 3631/1/3119
f 3632/1/3120 3631/1/3119 3633/1/3120
f 3634/1/3121 3633/1/3120 3635/1/3121
f 3636/1/60 3635/1/3121 3637/1/60
f 3638/1/3122 3637/1/60 3639/1/3122
f 3640/1/3123 3639/1/3122 3641/1/3123
f 3642/1/42 3641/1/3123 3643/1/42
f 3644/1/3124 3643/1/42 3645/1/3124
f 3646/1/3125 3645/1/3124 3647/1/3125
f 3648/1/3126 3647/1/3125 3649/1/3126
f 3650/1/3127 3649/1/3126 3651/1/3127
f 3651/1/3127 3653/1/3128 3652/1/3128
f 3653/1/3128 3655/1/3129 3654/1/3129
f 3655/1/3129 3657/1/3130 3656/1/3130
f 3657/1/3130 3659/1/3131 3658/1/3131
f 3659/1/3131 3661/1/3132 3660/1/3132
f 3661/1/3132 3663/1/3133 3662/1/3133
f 3663/1/3133 3665/1/3134 3664/1/3134
f 3665/1/3134 3608/1/3109 3666/1/3109
f 3610/1/1760 3607/1/1760 3685/1/1760
f 3669/1/1760 3551/1/1760 3686/1/1760
f 3607/1/1760 3669/1/1760 3687/1/1760
f 3680/1/1760 3670/1/1760 3610/1/1760
f 3670/1/1760 3673/1/1760 3553/1/1760
f 3673/1/1760 3671/1/1760 3553/1/1760
f 3670/1/1760 3675/1/1760 3673/1/1760
f 3680/1/1760 3678/1/1760 3670/1/1760
f 3682/1/1760 3680/1/1760 3610/1/1760
f 3610/1/1760 3688/1/1760 3689/1/1760
f 3688/1/1760 3690/1/1760 3691/1/1760
f 3690/1/1760 3692/1/1760 3693/1/1760
f 3692/1/1760 3685/1/1760 3694/1/1760
f 3685/1/1760 3695/1/1760 3696/1/1760
f 3695/1/1760 3697/1/1760 3698/1/1760
f 3697/1/1760 3699/1/1760 3700/1/1760
f 3699/1/1760 3607/1/1760 3701/1/1760
f 3607/1/1760 3687/1/1760 3702/1/1760
f 3687/1/1760 3669/1/1760 3703/1/1760
f 3669/1/1760 3686/1/1760 3704/1/1760
f 3686/1/1760 3551/1/1760 3705/1/1760
f 3685/1/1760 3607/1/1760 3697/1/1760
f 3610/1/1760 3685/1/1760 3690/1/1760
f 3690/1/1760 3685/1/1760 3692/1/1760
f 3685/1/1760 3697/1/1760 3695/1/1760
f 3697/1/1760 3607/1/1760 3699/1/1760
usemtl Color_M08
f 1/1/1 2/1/2 3/1/3
f 1/1/1 4/1/4 2/1/2
f 3/1/3 2/1/2 5/1/5
f 1/1/1 3/1/3 6/1/6
f 2/1/2 4/1/4 7/1/7
f 1/1/1 8/1/8 4/1/4
f 2/1/2 9/1/9 5/1/5
f 3/1/3 5/1/5 10/1/10
f 11/1/11 1/1/1 6/1/6
f 6/1/6 3/1/3 12/1/12
f 2/1/2 7/1/7 9/1/9
f 8/1/8 13/1/13 4/1/4
f 11/1/11 8/1/8 1/1/1
f 5/1/5 9/1/9 14/1/14
f 10/1/10 5/1/5 15/1/15
f 16/1/16 3/1/3 10/1/10
f 11/1/11 6/1/6 17/1/17
f 17/1/17 6/1/6 12/1/12
f 12/1/12 3/1/3 16/1/16
f 7/1/7 18/1/18 9/1/9
f 4/1/4 13/1/13 19/1/19
f 8/1/8 20/1/20 13/1/13
f 11/1/11 21/1/21 8/1/8
f 14/1/14 9/1/9 22/1/22
f 5/1/5 14/1/14 15/1/15
f 10/1/10 15/1/15 23/1/23
f 16/1/16 10/1/10 24/1/24
f 25/1/25 11/1/11 17/1/17
f 17/1/17 12/1/12 26/1/26
f 7/1/7 13/1/13 18/1/18
f 9/1/9 18/1/18 22/1/22
f 19/1/19 13/1/13 7/1/7
f 20/1/20 27/1/27 13/1/13
f 21/1/21 20/1/20 8/1/8
f 11/1/11 28/1/28 21/1/21
f 29/1/29 14/1/14 22/1/22
f 15/1/15 14/1/14 30/1/30
f 31/1/31 10/1/10 23/1/23
f 23/1/23 15/1/15 32/1/32
f 24/1/24 10/1/10 31/1/31
f 25/1/25 17/1/17 26/1/26
f 33/1/33 11/1/11 25/1/25
f 13/1/13 34/1/34 18/1/18
f 18/1/18 35/1/35 22/1/22
f 36/1/36 27/1/27 20/1/20
f 13/1/13 27/1/27 34/1/34
f 21/1/21 37/1/37 20/1/20
f 28/1/28 38/1/38 21/1/21
f 39/1/39 28/1/28 11/1/11
f 29/1/29 22/1/22 40/1/40
f 15/1/15 30/1/30 41/1/41
f 31/1/31 23/1/23 42/1/42
f 42/1/42 23/1/23 32/1/32
f 32/1/32 15/1/15 41/1/41
f 25/1/25 26/1/26 43/1/43
f 44/1/44 33/1/33 25/1/25
f 33/1/33 39/1/39 11/1/11
f 18/1/18 34/1/34 35/1/35
f 22/1/22 35/1/35 40/1/40
f 36/1/36 20/1/20 37/1/37
f 21/1/21 38/1/38 37/1/37
f 39/1/39 38/1/38 28/1/28
f 29/1/29 40/1/40 30/1/30
f 41/1/41 30/1/30 45/1/45
f 42/1/42 32/1/32 46/1/46
f 32/1/32 41/1/41 46/1/46
f 47/1/47 25/1/25 43/1/43
f 44/1/44 25/1/25 48/1/48
f 44/1/44 49/1/49 33/1/33
f 33/1/33 50/1/50 39/1/39
f 38/1/38 36/1/36 37/1/37
f 50/1/50 38/1/38 39/1/39
f 30/1/30 40/1/40 51/1/51
f 30/1/30 51/1/51 45/1/45
f 41/1/41 45/1/45 52/1/52
f 42/1/42 46/1/46 53/1/53
f 46/1/46 41/1/41 54/1/54
f 48/1/48 25/1/25 47/1/47
f 55/1/55 44/1/44 48/1/48
f 44/1/44 56/1/56 49/1/49
f 49/1/49 50/1/50 33/1/33
f 57/1/57 36/1/36 38/1/38
f 50/1/50 58/1/58 38/1/38
f 51/1/51 40/1/40 59/1/59
f 52/1/52 45/1/45 51/1/51
f 41/1/41 52/1/52 54/1/54
f 53/1/53 46/1/46 60/1/60
f 46/1/46 54/1/54 61/1/61
f 55/1/55 48/1/48 47/1/47
f 62/1/62 44/1/44 55/1/55
f 63/1/63 56/1/56 44/1/44
f 56/1/56 64/1/64 49/1/49
f 49/1/49 64/1/64 50/1/50
f 58/1/58 57/1/57 38/1/38
f 64/1/64 58/1/58 50/1/50
f 51/1/51 59/1/59 65/1/65
f 52/1/52 51/1/51 66/1/66
f 54/1/54 52/1/52 66/1/66
f 60/1/60 46/1/46 67/1/67
f 54/1/54 68/1/68 61/1/61
f 46/1/46 61/1/61 67/1/67
f 55/1/55 47/1/47 69/1/69
f 70/1/70 62/1/62 55/1/55
f 62/1/62 63/1/63 44/1/44
f 63/1/63 71/1/71 56/1/56
f 71/1/71 64/1/64 56/1/56
f 72/1/72 57/1/57 58/1/58
f 73/1/73 58/1/58 64/1/64
f 51/1/51 65/1/65 74/1/74
f 66/1/66 51/1/51 74/1/74
f 54/1/54 66/1/66 68/1/68
f 60/1/60 67/1/67 75/1/75
f 61/1/61 68/1/68 76/1/76
f 67/1/67 61/1/61 77/1/77
f 78/1/78 55/1/55 69/1/69
f 70/1/70 79/1/79 62/1/62
f 80/1/80 70/1/70 55/1/55
f 62/1/62 81/1/81 63/1/63
f 82/1/82 71/1/71 63/1/63
f 71/1/71 73/1/73 64/1/64
f 73/1/73 72/1/72 58/1/58
f 74/1/74 65/1/65 83/1/60
f 66/1/66 74/1/74 84/1/83
f 66/1/66 84/1/83 68/1/68
f 60/1/60 75/1/75 85/1/84
f 67/1/67 77/1/77 75/1/75
f 76/1/76 68/1/68 86/1/85
f 61/1/61 76/1/76 87/1/86
f 61/1/61 87/1/86 77/1/77
f 80/1/80 55/1/55 78/1/78
f 88/1/87 79/1/79 70/1/70
f 79/1/79 81/1/81 62/1/62
f 89/1/88 70/1/70 80/1/80
f 82/1/82 63/1/63 81/1/81
f 82/1/82 90/1/89 71/1/71
f 90/1/89 73/1/73 71/1/71
f 74/1/74 83/1/60 84/1/83
f 68/1/68 84/1/83 86/1/85
f 85/1/84 75/1/75 91/1/90
f 75/1/75 77/1/77 92/1/91
f 76/1/76 86/1/85 93/1/92
f 87/1/86 76/1/76 93/1/92
f 77/1/77 87/1/86 94/1/93
f 95/1/94 80/1/80 78/1/78
f 96/1/95 88/1/87 70/1/70
f 79/1/79 82/1/82 81/1/81
f 89/1/88 80/1/80 95/1/94
f 89/1/88 96/1/95 70/1/70
f 97/1/96 90/1/89 82/1/82
f 84/1/83 83/1/60 86/1/85
f 91/1/90 75/1/75 92/1/91
f 92/1/91 77/1/77 98/1/97
f 93/1/92 86/1/85 99/1/98
f 87/1/86 93/1/92 100/1/99
f 77/1/77 94/1/93 98/1/97
f 96/1/95 101/1/100 88/1/87
f 79/1/79 102/1/101 82/1/82
f 103/1/102 89/1/88 95/1/94
f 103/1/102 96/1/95 89/1/88
f 102/1/101 97/1/96 82/1/82
f 86/1/85 83/1/60 104/1/103
f 91/1/90 92/1/91 105/1/104
f 92/1/91 98/1/97 106/1/105
f 100/1/99 93/1/92 99/1/98
f 86/1/85 104/1/103 99/1/98
f 98/1/97 94/1/93 107/1/106
f 101/1/100 108/1/107 88/1/87
f 109/1/108 101/1/100 96/1/95
f 110/1/109 102/1/101 79/1/79
f 103/1/102 95/1/94 111/1/110
f 103/1/102 109/1/108 96/1/95
f 105/1/104 92/1/91 106/1/105
f 106/1/105 98/1/97 112/1/111
f 100/1/99 99/1/98 113/1/112
f 99/1/98 104/1/103 114/1/113
f 94/1/93 115/1/114 107/1/106
f 98/1/97 107/1/106 112/1/111
f 116/1/115 108/1/107 101/1/100
f 108/1/107 117/1/116 88/1/87
f 109/1/108 118/1/117 101/1/100
f 110/1/109 79/1/79 117/1/116
f 120/1/118 103/1/102 111/1/110
f 121/1/119 109/1/108 103/1/102
f 105/1/104 106/1/105 122/1/120
f 106/1/105 112/1/111 123/1/121
f 99/1/98 124/1/122 113/1/112
f 100/1/99 113/1/112 94/1/93
f 99/1/98 114/1/113 124/1/122
f 107/1/106 115/1/114 125/1/123
f 94/1/93 113/1/112 115/1/114
f 112/1/111 107/1/106 125/1/123
f 118/1/117 116/1/115 101/1/100
f 126/1/124 108/1/107 116/1/115
f 108/1/107 110/1/109 117/1/116
f 109/1/108 127/1/125 118/1/117
f 128/1/126 103/1/102 120/1/118
f 121/1/119 129/1/127 109/1/108
f 128/1/126 121/1/119 103/1/102
f 106/1/105 123/1/121 122/1/120
f 105/1/104 122/1/120 130/1/128
f 112/1/111 131/1/129 123/1/121
f 113/1/112 124/1/122 132/1/130
f 125/1/123 115/1/114 133/1/131
f 113/1/112 132/1/130 115/1/114
f 112/1/111 125/1/123 134/1/132
f 135/1/133 116/1/115 118/1/117
f 135/1/133 126/1/124 116/1/115
f 126/1/124 119/1/134 108/1/107
f 136/1/135 127/1/125 109/1/108
f 127/1/125 135/1/133 118/1/117
f 137/1/136 128/1/126 120/1/118
f 138/1/137 129/1/127 121/1/119
f 129/1/127 136/1/135 109/1/108
f 139/1/138 121/1/119 128/1/126
f 122/1/120 123/1/121 140/1/139
f 130/1/128 122/1/120 141/1/140
f 112/1/111 134/1/132 131/1/129
f 123/1/121 131/1/129 142/1/141
f 115/1/114 132/1/130 133/1/131
f 134/1/132 125/1/123 133/1/131
f 143/1/142 126/1/124 135/1/133
f 136/1/135 135/1/133 127/1/125
f 144/1/143 128/1/126 137/1/136
f 139/1/138 138/1/137 121/1/119
f 138/1/137 145/1/144 129/1/127
f 129/1/127 146/1/145 136/1/135
f 144/1/143 139/1/138 128/1/126
f 123/1/121 147/1/146 140/1/139
f 122/1/120 140/1/139 141/1/140
f 130/1/128 141/1/140 148/1/147
f 134/1/132 133/1/131 131/1/129
f 123/1/121 142/1/141 147/1/146
f 131/1/129 149/1/148 142/1/141
f 133/1/131 132/1/130 149/1/148
f 146/1/145 143/1/142 135/1/133
f 136/1/135 146/1/145 135/1/133
f 137/1/136 150/1/149 144/1/143
f 139/1/138 151/1/150 138/1/137
f 138/1/137 152/1/151 145/1/144
f 145/1/144 146/1/145 129/1/127
f 150/1/149 139/1/138 144/1/143
f 153/1/152 140/1/139 147/1/146
f 154/1/153 141/1/140 140/1/139
f 154/1/153 148/1/147 141/1/140
f 131/1/129 133/1/131 149/1/148
f 147/1/146 142/1/141 155/1/154
f 142/1/141 149/1/148 155/1/154
f 149/1/148 132/1/130 156/1/155
f 157/1/156 143/1/142 146/1/145
f 158/1/157 150/1/149 137/1/136
f 151/1/150 152/1/151 138/1/137
f 139/1/138 159/1/158 151/1/150
f 152/1/151 157/1/156 145/1/144
f 145/1/144 157/1/156 146/1/145
f 150/1/149 160/1/159 139/1/138
f 161/1/160 140/1/139 153/1/152
f 161/1/160 154/1/153 140/1/139
f 162/1/161 148/1/147 154/1/153
f 163/1/162 147/1/146 155/1/154
f 149/1/148 164/1/163 155/1/154
f 149/1/148 156/1/155 164/1/163
f 165/1/164 150/1/149 158/1/157
f 151/1/150 159/1/158 152/1/151
f 139/1/138 166/1/165 159/1/158
f 167/1/166 157/1/156 152/1/151
f 160/1/159 166/1/165 139/1/138
f 150/1/149 168/1/167 160/1/159
f 169/1/168 161/1/160 153/1/152
f 170/1/169 154/1/153 161/1/160
f 171/1/170 162/1/161 154/1/153
f 172/1/171 163/1/162 155/1/154
f 173/1/172 147/1/146 163/1/162
f 172/1/171 155/1/154 164/1/163
f 165/1/164 174/1/173 150/1/149
f 159/1/158 175/1/174 152/1/151
f 166/1/165 175/1/174 159/1/158
f 175/1/174 167/1/166 152/1/151
f 168/1/167 166/1/165 160/1/159
f 174/1/173 168/1/167 150/1/149
f 169/1/168 153/1/152 172/1/171
f 176/1/175 161/1/160 169/1/168
f 170/1/169 161/1/160 176/1/175
f 170/1/169 171/1/170 154/1/153
f 177/1/176 162/1/161 171/1/170
f 153/1/152 163/1/162 172/1/171
f 153/1/152 173/1/172 163/1/162
f 178/1/177 174/1/173 165/1/164
f 166/1/165 179/1/178 175/1/174
f 180/1/179 167/1/166 175/1/174
f 168/1/167 181/1/180 166/1/165
f 182/1/181 168/1/167 174/1/173
f 169/1/168 172/1/171 183/1/182
f 176/1/175 169/1/168 183/1/182
f 184/1/183 170/1/169 176/1/175
f 185/1/184 171/1/170 170/1/169
f 185/1/184 177/1/176 171/1/170
f 178/1/177 182/1/181 174/1/173
f 179/1/178 180/1/179 175/1/174
f 166/1/165 181/1/180 179/1/178
f 168/1/167 186/1/185 181/1/180
f 182/1/181 187/1/186 168/1/167
f 183/1/182 172/1/171 188/1/187
f 184/1/183 176/1/175 183/1/182
f 189/1/188 170/1/169 184/1/183
f 190/1/189 185/1/184 170/1/169
f 191/1/190 177/1/176 185/1/184
f 192/1/191 182/1/181 178/1/177
f 179/1/178 193/1/192 180/1/179
f 181/1/180 186/1/185 179/1/178
f 168/1/167 194/1/193 186/1/185
f 182/1/181 195/1/194 187/1/186
f 187/1/186 194/1/193 168/1/167
f 196/1/195 183/1/182 188/1/187
f 184/1/183 183/1/182 196/1/195
f 190/1/189 170/1/169 189/1/188
f 189/1/188 184/1/183 196/1/195
f 197/1/196 185/1/184 190/1/189
f 198/1/197 191/1/190 185/1/184
f 192/1/191 199/1/198 182/1/181
f 179/1/178 200/1/199 193/1/192
f 186/1/185 201/1/200 179/1/178
f 186/1/185 194/1/193 201/1/200
f 199/1/198 195/1/194 182/1/181
f 195/1/194 202/1/201 187/1/186
f 187/1/186 202/1/201 194/1/193
f 196/1/195 188/1/187 203/1/202
f 204/1/203 190/1/189 189/1/188
f 205/1/204 189/1/188 196/1/195
f 197/1/196 190/1/189 206/1/205
f 197/1/196 198/1/197 185/1/184
f 207/1/206 191/1/190 198/1/197
f 192/1/191 208/1/207 199/1/198
f 201/1/200 200/1/199 179/1/178
f 194/1/193 209/1/208 201/1/200
f 199/1/198 210/1/209 195/1/194
f 195/1/194 211/1/210 202/1/201
f 202/1/201 209/1/208 194/1/193
f 212/1/211 196/1/195 203/1/202
f 206/1/205 190/1/189 204/1/203
f 213/1/212 204/1/203 189/1/188
f 213/1/212 189/1/188 205/1/204
f 205/1/204 196/1/195 212/1/211
f 214/1/213 197/1/196 206/1/205
f 215/1/214 198/1/197 197/1/196
f 216/1/215 207/1/206 198/1/197
f 208/1/207 210/1/209 199/1/198
f 217/1/216 208/1/207 192/1/191
f 209/1/208 200/1/199 201/1/200
f 210/1/209 218/1/217 195/1/194
f 202/1/201 211/1/210 209/1/208
f 195/1/194 219/1/218 211/1/210
f 213/1/212 206/1/205 204/1/203
f 213/1/212 205/1/204 212/1/211
f 220/1/219 197/1/196 214/1/213
f 215/1/214 197/1/196 221/1/220
f 216/1/215 198/1/197 215/1/214
f 222/1/221 210/1/209 208/1/207
f 217/1/216 222/1/221 208/1/207
f 209/1/208 223/1/222 200/1/199
f 210/1/209 224/1/223 218/1/217
f 195/1/194 218/1/217 225/1/224
f 211/1/210 226/1/225 209/1/208
f 195/1/194 225/1/224 219/1/218
f 211/1/210 219/1/218 226/1/225
f 227/1/226 206/1/205 213/1/212
f 213/1/212 212/1/211 228/1/227
f 229/1/228 220/1/219 214/1/213
f 220/1/219 221/1/220 197/1/196
f 230/1/229 215/1/214 221/1/220
f 231/1/230 216/1/215 215/1/214
f 222/1/221 232/1/231 210/1/209
f 233/1/232 222/1/221 217/1/216
f 209/1/208 226/1/225 223/1/222
f 224/1/223 234/1/233 218/1/217
f 232/1/231 224/1/223 210/1/209
f 225/1/224 218/1/217 235/1/234
f 225/1/224 235/1/234 219/1/218
f 219/1/218 235/1/234 226/1/225
f 227/1/226 236/1/235 206/1/205
f 227/1/226 213/1/212 228/1/227
f 237/1/236 220/1/219 229/1/228
f 229/1/228 214/1/213 238/1/237
f 239/1/238 221/1/220 220/1/219
f 230/1/229 221/1/220 240/1/239
f 231/1/230 215/1/214 230/1/229
f 222/1/221 241/1/240 232/1/231
f 242/1/241 222/1/221 233/1/232
f 224/1/223 243/1/242 234/1/233
f 218/1/217 234/1/233 235/1/234
f 232/1/231 244/1/243 224/1/223
f 245/1/244 206/1/205 236/1/235
f 238/1/237 236/1/235 227/1/226
f 246/1/245 227/1/226 228/1/227
f 237/1/236 229/1/228 247/1/246
f 237/1/236 239/1/238 220/1/219
f 229/1/228 238/1/237 248/1/247
f 238/1/237 214/1/213 236/1/235
f 240/1/239 221/1/220 239/1/238
f 249/1/248 230/1/229 240/1/239
f 250/1/249 231/1/230 230/1/229
f 241/1/240 244/1/243 232/1/231
f 251/1/250 241/1/240 222/1/221
f 242/1/241 251/1/250 222/1/221
f 224/1/223 252/1/251 243/1/242
f 243/1/242 235/1/234 234/1/233
f 214/1/213 245/1/244 236/1/235
f 238/1/237 227/1/226 246/1/245
f 247/1/246 229/1/228 248/1/247
f 253/1/252 237/1/236 247/1/246
f 237/1/236 254/1/253 239/1/238
f 238/1/237 246/1/245 248/1/247
f 255/1/254 240/1/239 239/1/238
f 249/1/248 240/1/239 256/1/255
f 250/1/249 230/1/229 249/1/248
f 241/1/240 257/1/256 244/1/243
f 251/1/250 258/1/257 241/1/240
f 259/1/258 251/1/250 242/1/241
f 252/1/251 260/1/259 243/1/242
f 261/1/260 252/1/251 224/1/223
f 243/1/242 260/1/259 235/1/234
f 253/1/252 247/1/246 262/1/261
f 253/1/252 255/1/254 237/1/236
f 255/1/254 254/1/253 237/1/236
f 263/1/262 240/1/239 255/1/254
f 263/1/262 256/1/255 240/1/239
f 264/1/263 249/1/248 256/1/255
f 264/1/263 250/1/249 249/1/248
f 244/1/243 257/1/256 265/1/264
f 258/1/257 257/1/256 241/1/240
f 266/1/265 258/1/257 251/1/250
f 259/1/258 266/1/265 251/1/250
f 252/1/251 267/1/266 260/1/259
f 261/1/260 244/1/243 252/1/251
f 268/1/267 253/1/252 262/1/261
f 263/1/262 255/1/254 253/1/252
f 269/1/268 256/1/255 263/1/262
f 264/1/263 256/1/255 270/1/269
f 271/1/270 250/1/249 264/1/263
f 257/1/256 272/1/271 265/1/264
f 244/1/243 265/1/264 252/1/251
f 258/1/257 272/1/271 257/1/256
f 273/1/272 258/1/257 266/1/265
f 274/1/273 266/1/265 259/1/258
f 252/1/251 275/1/274 267/1/266
f 268/1/267 263/1/262 253/1/252
f 276/1/275 268/1/267 262/1/261
f 269/1/268 263/1/262 268/1/267
f 270/1/269 256/1/255 269/1/268
f 277/1/276 264/1/263 270/1/269
f 278/1/277 271/1/270 264/1/263
f 272/1/271 279/1/278 265/1/264
f 265/1/264 275/1/274 252/1/251
f 258/1/257 280/1/279 272/1/271
f 274/1/273 273/1/272 266/1/265
f 273/1/272 281/1/280 258/1/257
f 282/1/281 268/1/267 276/1/275
f 283/1/282 269/1/268 268/1/267
f 284/1/283 270/1/269 269/1/268
f 277/1/276 270/1/269 285/1/284
f 278/1/277 264/1/263 277/1/276
f 279/1/278 275/1/274 265/1/264
f 272/1/271 280/1/279 279/1/278
f 258/1/257 286/1/285 280/1/279
f 274/1/273 287/1/286 273/1/272
f 281/1/280 288/1/287 258/1/257
f 287/1/286 281/1/280 273/1/272
f 289/1/288 282/1/281 276/1/275
f 283/1/282 268/1/267 282/1/281
f 285/1/284 270/1/269 284/1/283
f 290/1/289 277/1/276 285/1/284
f 291/1/290 278/1/277 277/1/276
f 279/1/278 292/1/291 275/1/274
f 280/1/279 293/1/292 279/1/278
f 258/1/257 288/1/287 286/1/285
f 280/1/279 286/1/285 293/1/292
f 291/1/290 287/1/286 274/1/273
f 290/1/289 288/1/287 281/1/280
f 287/1/286 290/1/289 281/1/280
f 289/1/288 284/1/283 282/1/281
f 284/1/283 283/1/282 282/1/281
f 294/1/293 285/1/284 284/1/283
f 290/1/289 285/1/284 295/1/294
f 287/1/286 277/1/276 290/1/289
f 291/1/290 277/1/276 287/1/286
f 293/1/292 292/1/291 279/1/278
f 288/1/287 296/1/295 286/1/285
f 286/1/285 296/1/295 293/1/292
f 290/1/289 297/1/296 288/1/287
f 298/1/297 284/1/283 289/1/288
f 294/1/293 284/1/283 298/1/297
f 295/1/294 285/1/284 294/1/293
f 290/1/289 295/1/294 299/1/298
f 296/1/295 292/1/291 293/1/292
f 288/1/287 300/1/299 296/1/295
f 290/1/289 299/1/298 297/1/296
f 297/1/296 300/1/299 288/1/287
f 298/1/297 289/1/288 301/1/300
f 295/1/294 294/1/293 298/1/297
f 299/1/298 295/1/294 302/1/301
f 300/1/299 292/1/291 296/1/295
f 297/1/296 299/1/298 302/1/301
f 297/1/296 303/1/302 300/1/299
f 304/1/303 298/1/297 301/1/300
f 302/1/301 295/1/294 298/1/297
f 300/1/299 305/1/304 292/1/291
f 297/1/296 302/1/301 303/1/302
f 303/1/302 305/1/304 300/1/299
f 302/1/301 298/1/297 304/1/303
f 302/1/301 304/1/303 303/1/302
f 303/1/302 306/1/305 305/1/304
f 303/1/302 304/1/303 306/1/305
f 507/1/377 508/1/378 509/1/379
f 508/1/378 510/1/380 509/1/379
f 507/1/377 509/1/379 511/1/381
f 512/1/382 508/1/378 507/1/377
f 512/1/382 510/1/380 508/1/378
f 510/1/380 513/1/383 509/1/379
f 511/1/381 509/1/379 514/1/384
f 515/1/385 512/1/382 507/1/377
f 512/1/382 516/1/386 510/1/380
f 509/1/379 513/1/383 517/1/387
f 510/1/380 518/1/388 513/1/383
f 509/1/379 517/1/387 514/1/384
f 511/1/381 514/1/384 519/1/389
f 520/1/390 512/1/382 515/1/385
f 516/1/386 512/1/382 521/1/391
f 516/1/386 522/1/392 510/1/380
f 513/1/383 518/1/388 517/1/387
f 510/1/380 522/1/392 518/1/388
f 517/1/387 523/1/393 514/1/384
f 519/1/389 514/1/384 524/1/394
f 525/1/395 520/1/390 515/1/385
f 526/1/396 512/1/382 520/1/390
f 521/1/391 512/1/382 527/1/397
f 528/1/398 516/1/386 521/1/391
f 516/1/386 530/1/399 522/1/392
f 518/1/388 531/1/400 517/1/387
f 514/1/384 523/1/393 524/1/394
f 517/1/387 532/1/401 523/1/393
f 519/1/389 524/1/394 533/1/402
f 534/1/403 520/1/390 525/1/395
f 526/1/396 520/1/390 534/1/403
f 527/1/397 512/1/382 526/1/396
f 521/1/391 527/1/397 535/1/404
f 528/1/398 521/1/391 536/1/405
f 528/1/398 529/1/406 516/1/386
f 518/1/388 538/1/407 531/1/400
f 531/1/400 539/1/408 517/1/387
f 523/1/393 542/1/409 524/1/394
f 532/1/401 542/1/409 523/1/393
f 517/1/387 539/1/408 532/1/401
f 524/1/394 543/1/410 533/1/402
f 544/1/411 534/1/403 525/1/395
f 534/1/403 545/1/412 526/1/396
f 546/1/413 527/1/397 526/1/396
f 547/1/414 535/1/404 527/1/397
f 548/1/415 521/1/391 535/1/404
f 536/1/405 521/1/391 549/1/416
f 528/1/398 536/1/405 551/1/417
f 528/1/418 537/1/419 530/1/420
f 537/1/421 552/1/422 522/1/423
f 518/1/388 541/1/424 538/1/407
f 531/1/400 538/1/407 553/1/425
f 531/1/400 553/1/425 539/1/408
f 522/1/423 552/1/422 540/1/426
f 524/1/394 542/1/409 543/1/410
f 532/1/401 555/1/427 542/1/409
f 539/1/408 556/1/428 532/1/401
f 533/1/402 543/1/410 557/1/429
f 558/1/430 544/1/411 525/1/395
f 559/1/431 534/1/403 544/1/411
f 559/1/431 545/1/412 534/1/403
f 545/1/412 560/1/432 526/1/396
f 546/1/413 526/1/396 560/1/432
f 561/1/433 527/1/397 546/1/413
f 547/1/414 548/1/415 535/1/404
f 561/1/433 547/1/414 527/1/397
f 549/1/416 521/1/391 548/1/415
f 549/1/416 562/1/434 536/1/405
f 536/1/405 563/1/435 550/1/436
f 564/1/437 528/1/438 550/1/439
f 541/1/424 566/1/440 538/1/407
f 538/1/407 567/1/441 553/1/425
f 539/1/408 553/1/425 568/1/442
f 552/1/422 569/1/443 540/1/426
f 570/1/444 541/1/424 554/1/445
f 542/1/409 571/1/446 543/1/410
f 555/1/427 572/1/447 542/1/409
f 532/1/401 556/1/428 555/1/427
f 539/1/408 573/1/448 556/1/428
f 571/1/446 557/1/429 543/1/410
f 533/1/402 557/1/429 574/1/449
f 575/1/450 544/1/411 558/1/430
f 576/1/451 559/1/431 544/1/411
f 577/1/452 545/1/412 559/1/431
f 578/1/215 560/1/432 545/1/412
f 579/1/453 548/1/415 547/1/414
f 561/1/433 579/1/453 547/1/414
f 549/1/416 548/1/415 580/1/454
f 549/1/416 581/1/455 562/1/434
f 536/1/405 562/1/434 563/1/435
f 570/1/444 566/1/440 541/1/424
f 566/1/440 583/1/456 538/1/407
f 553/1/425 567/1/441 584/1/457
f 538/1/407 585/1/458 567/1/441
f 553/1/425 584/1/457 568/1/442
f 539/1/408 568/1/442 586/1/459
f 552/1/422 582/1/460 569/1/443
f 569/1/461 570/1/444 554/1/445
f 572/1/447 571/1/446 542/1/409
f 556/1/428 572/1/447 555/1/427
f 556/1/428 573/1/448 587/1/462
f 588/1/463 557/1/429 571/1/446
f 588/1/463 574/1/449 557/1/429
f 589/1/464 544/1/411 575/1/450
f 576/1/451 544/1/411 589/1/464
f 590/1/465 559/1/431 576/1/451
f 577/1/452 559/1/431 590/1/465
f 577/1/452 578/1/215 545/1/412
f 580/1/454 548/1/415 579/1/453
f 591/1/466 579/1/453 561/1/433
f 549/1/416 580/1/454 592/1/467
f 549/1/416 593/1/468 581/1/455
f 581/1/455 594/1/469 562/1/434
f 562/1/434 595/1/470 563/1/435
f 600/1/471 566/1/440 570/1/444
f 566/1/440 601/1/472 583/1/456
f 538/1/407 583/1/456 585/1/458
f 567/1/441 602/1/473 584/1/457
f 567/1/441 585/1/458 603/1/474
f 568/1/442 584/1/457 604/1/475
f 606/1/476 570/1/444 569/1/461
f 572/1/447 607/1/477 571/1/446
f 556/1/428 587/1/462 572/1/447
f 608/1/478 587/1/462 573/1/448
f 607/1/477 588/1/463 571/1/446
f 589/1/464 575/1/450 609/1/479
f 576/1/451 589/1/464 610/1/480
f 590/1/465 576/1/451 611/1/481
f 612/1/482 580/1/454 579/1/453
f 612/1/482 579/1/453 591/1/466
f 592/1/467 613/1/483 549/1/416
f 614/1/484 592/1/467 580/1/454
f 593/1/468 594/1/469 581/1/455
f 613/1/483 593/1/468 549/1/416
f 562/1/434 594/1/469 615/1/485
f 562/1/434 615/1/485 595/1/470
f 616/1/486 596/1/487 563/1/488
f 617/1/489 565/1/490 597/1/491
f 619/1/490 598/1/492 565/1/490
f 600/1/471 570/1/444 606/1/476
f 600/1/471 601/1/472 566/1/440
f 601/1/472 621/1/493 583/1/456
f 583/1/456 621/1/493 585/1/458
f 622/1/494 584/1/457 623/1/495
f 567/1/441 603/1/474 623/1/495
f 585/1/458 624/1/496 603/1/474
f 604/1/475 584/1/457 622/1/494
f 605/1/497 606/1/476 569/1/461
f 572/1/447 625/1/498 607/1/477
f 626/1/499 572/1/447 587/1/462
f 627/1/500 608/1/478 573/1/448
f 608/1/478 626/1/499 587/1/462
f 628/1/501 588/1/463 607/1/477
f 609/1/479 575/1/450 629/1/502
f 589/1/464 609/1/479 630/1/503
f 631/1/504 576/1/451 610/1/480
f 610/1/480 589/1/464 632/1/505
f 590/1/465 611/1/481 633/1/216
f 634/1/506 580/1/454 612/1/482
f 635/1/507 613/1/483 592/1/467
f 614/1/484 580/1/454 634/1/506
f 614/1/484 635/1/507 592/1/467
f 593/1/468 636/1/508 594/1/469
f 594/1/469 637/1/509 615/1/485
f 595/1/470 615/1/485 639/1/510
f 641/1/511 596/1/487 616/1/486
f 617/1/489 597/1/491 643/1/512
f 619/1/490 565/1/490 617/1/489
f 644/1/513 618/1/513 598/1/492
f 645/1/514 598/1/492 619/1/490
f 599/1/515 646/1/516 605/1/497
f 648/1/517 600/1/471 606/1/476
f 600/1/471 649/1/518 601/1/472
f 601/1/472 650/1/519 621/1/493
f 621/1/493 624/1/496 585/1/458
f 623/1/495 603/1/474 622/1/494
f 603/1/474 624/1/496 651/1/520
f 604/1/475 622/1/494 652/1/521
f 653/1/522 606/1/476 605/1/497
f 654/1/523 607/1/477 625/1/498
f 626/1/499 625/1/498 572/1/447
f 655/1/524 608/1/478 627/1/500
f 656/1/525 626/1/499 608/1/478
f 657/1/526 628/1/501 607/1/477
f 609/1/479 629/1/502 658/1/527
f 630/1/503 609/1/479 659/1/528
f 589/1/464 630/1/503 632/1/505
f 661/1/529 576/1/451 631/1/504
f 660/1/530 610/1/480 632/1/505
f 633/1/216 611/1/481 662/1/531
f 634/1/506 612/1/482 663/1/69
f 664/1/532 614/1/484 634/1/506
f 665/1/533 635/1/507 614/1/484
f 636/1/508 637/1/509 594/1/469
f 615/1/485 637/1/509 666/1/534
f 667/1/535 638/1/536 595/1/470
f 667/1/535 595/1/470 639/1/510
f 639/1/510 615/1/485 669/1/537
f 641/1/511 640/1/538 596/1/487
f 672/1/539 673/1/540 642/1/539
f 674/1/512 643/1/512 673/1/540
f 617/1/489 643/1/512 674/1/512
f 644/1/513 620/1/541 618/1/513
f 644/1/513 598/1/492 645/1/514
f 599/1/515 675/1/542 646/1/516
f 605/1/497 646/1/516 653/1/522
f 676/1/543 647/1/544 620/1/541
f 648/1/517 606/1/476 653/1/522
f 648/1/517 678/1/545 600/1/471
f 679/1/546 649/1/518 600/1/471
f 649/1/518 650/1/519 601/1/472
f 650/1/519 680/1/547 621/1/493
f 621/1/493 681/1/548 624/1/496
f 622/1/494 603/1/474 682/1/549
f 624/1/496 683/1/550 651/1/520
f 603/1/474 651/1/520 684/1/551
f 622/1/494 682/1/549 652/1/521
f 604/1/475 652/1/521 685/1/552
f 654/1/523 625/1/498 626/1/499
f 654/1/523 657/1/526 607/1/477
f 686/1/553 608/1/478 655/1/524
f 686/1/553 656/1/525 608/1/478
f 656/1/525 687/1/554 626/1/499
f 688/1/555 628/1/501 657/1/526
f 609/1/479 658/1/527 659/1/528
f 630/1/503 659/1/528 689/1/556
f 690/1/557 632/1/505 630/1/503
f 691/1/558 661/1/529 631/1/504
f 690/1/557 660/1/530 632/1/505
f 662/1/531 611/1/481 691/1/558
f 664/1/532 634/1/506 663/1/69
f 614/1/484 664/1/532 665/1/533
f 692/1/559 635/1/507 665/1/533
f 636/1/508 693/1/560 637/1/509
f 694/1/561 666/1/534 637/1/509
f 615/1/485 666/1/534 695/1/562
f 638/1/536 667/1/535 696/1/563
f 697/1/564 668/1/565 638/1/536
f 698/1/566 667/1/535 639/1/510
f 615/1/485 695/1/562 669/1/537
f 698/1/566 639/1/510 669/1/537
f 641/1/567 668/1/565 697/1/564
f 672/1/539 642/1/539 671/1/568
f 700/1/540 673/1/540 672/1/539
f 674/1/512 673/1/540 700/1/540
f 701/1/541 620/1/541 644/1/513
f 675/1/542 702/1/569 646/1/516
f 703/1/570 653/1/522 646/1/516
f 676/1/543 677/1/571 647/1/544
f 676/1/543 620/1/541 701/1/541
f 704/1/572 648/1/517 653/1/522
f 704/1/572 678/1/545 648/1/517
f 678/1/545 679/1/546 600/1/471
f 680/1/547 681/1/548 621/1/493
f 624/1/496 681/1/548 683/1/550
f 603/1/474 705/1/573 682/1/549
f 705/1/573 651/1/520 683/1/550
f 684/1/551 651/1/520 706/1/574
f 603/1/474 684/1/551 705/1/573
f 652/1/521 682/1/549 707/1/575
f 685/1/552 652/1/521 707/1/575
f 687/1/554 654/1/523 626/1/499
f 654/1/523 708/1/576 657/1/526
f 686/1/553 709/1/577 656/1/525
f 710/1/578 687/1/554 656/1/525
f 708/1/576 688/1/555 657/1/526
f 711/1/579 628/1/501 688/1/555
f 659/1/528 658/1/527 712/1/580
f 689/1/556 659/1/528 713/1/581
f 714/1/582 630/1/503 689/1/556
f 690/1/557 630/1/503 715/1/583
f 691/1/558 631/1/504 717/1/584
f 611/1/481 661/1/529 691/1/558
f 691/1/558 664/1/532 662/1/531
f 664/1/532 663/1/69 718/1/585
f 665/1/533 664/1/532 691/1/558
f 719/1/586 692/1/559 665/1/533
f 693/1/560 694/1/561 637/1/509
f 720/1/587 666/1/534 694/1/561
f 695/1/562 666/1/534 720/1/587
f 697/1/564 638/1/536 696/1/563
f 696/1/563 667/1/535 721/1/588
f 722/1/589 667/1/535 698/1/566
f 669/1/537 695/1/562 723/1/590
f 724/1/591 698/1/566 669/1/537
f 699/1/592 641/1/567 725/1/593
f 670/1/594 699/1/592 726/1/595
f 725/1/593 641/1/567 697/1/564
f 672/1/539 671/1/568 728/1/568
f 703/1/570 646/1/516 702/1/569
f 675/1/542 730/1/596 702/1/569
f 704/1/572 653/1/522 703/1/570
f 731/1/597 677/1/571 676/1/543
f 704/1/572 732/1/598 678/1/545
f 680/1/547 733/1/599 681/1/548
f 683/1/550 681/1/548 734/1/600
f 682/1/549 705/1/573 735/1/601
f 706/1/574 651/1/520 705/1/573
f 705/1/573 683/1/550 736/1/602
f 684/1/551 706/1/574 705/1/573
f 682/1/549 735/1/601 707/1/575
f 685/1/552 707/1/575 737/1/603
f 710/1/578 654/1/523 687/1/554
f 708/1/576 654/1/523 710/1/578
f 710/1/578 656/1/525 709/1/577
f 738/1/60 709/1/577 686/1/553
f 708/1/576 739/1/604 688/1/555
f 740/1/605 711/1/579 688/1/555
f 659/1/528 712/1/580 741/1/606
f 659/1/528 742/1/607 713/1/581
f 713/1/581 714/1/582 689/1/556
f 719/1/586 691/1/558 717/1/584
f 662/1/531 664/1/532 718/1/585
f 665/1/533 691/1/558 719/1/586
f 719/1/586 743/1/608 692/1/559
f 693/1/560 744/1/609 694/1/561
f 745/1/610 720/1/587 694/1/561
f 695/1/562 720/1/587 746/1/611
f 696/1/563 747/1/612 697/1/564
f 696/1/563 721/1/588 748/1/613
f 667/1/535 749/1/614 721/1/588
f 750/1/615 722/1/589 698/1/566
f 667/1/535 722/1/589 749/1/614
f 695/1/562 746/1/611 723/1/590
f 669/1/537 723/1/590 751/1/616
f 750/1/615 698/1/566 724/1/591
f 724/1/591 669/1/537 752/1/617
f 753/1/618 699/1/592 725/1/593
f 670/1/594 726/1/595 754/1/619
f 699/1/592 753/1/618 726/1/595
f 756/1/620 671/1/568 727/1/621
f 697/1/564 747/1/612 725/1/593
f 728/1/568 671/1/568 756/1/620
f 675/1/542 729/1/622 730/1/596
f 703/1/570 702/1/569 758/1/623
f 759/1/624 702/1/569 730/1/596
f 704/1/572 703/1/570 760/1/625
f 761/1/626 677/1/571 731/1/597
f 763/1/627 732/1/598 704/1/572
f 733/1/599 764/1/628 681/1/548
f 681/1/548 764/1/628 734/1/600
f 683/1/550 734/1/600 736/1/602
f 705/1/573 765/1/629 735/1/601
f 705/1/573 736/1/602 766/1/630
f 767/1/631 707/1/575 735/1/601
f 768/1/632 737/1/603 707/1/575
f 769/1/633 708/1/576 710/1/578
f 770/1/634 710/1/578 709/1/577
f 771/1/635 709/1/577 738/1/60
f 769/1/633 739/1/604 708/1/576
f 740/1/605 688/1/555 739/1/604
f 741/1/606 712/1/580 772/1/636
f 659/1/528 741/1/606 742/1/607
f 713/1/581 742/1/607 773/1/637
f 774/1/638 714/1/582 713/1/581
f 716/1/639 775/1/640 717/1/584
f 719/1/586 717/1/584 775/1/640
f 777/1/641 743/1/608 719/1/586
f 694/1/561 744/1/609 745/1/610
f 745/1/610 778/1/642 720/1/587
f 746/1/611 720/1/587 779/1/643
f 747/1/612 696/1/563 748/1/613
f 748/1/613 721/1/588 780/1/644
f 749/1/614 781/1/645 721/1/588
f 782/1/646 722/1/589 750/1/615
f 722/1/589 783/1/647 749/1/614
f 723/1/590 746/1/611 779/1/643
f 723/1/590 784/1/648 751/1/616
f 785/1/649 750/1/615 724/1/591
f 725/1/593 786/1/650 753/1/618
f 754/1/619 726/1/595 787/1/651
f 754/1/619 788/1/652 670/1/594
f 726/1/595 753/1/618 789/1/653
f 756/1/620 727/1/621 755/1/654
f 725/1/593 747/1/612 786/1/650
f 729/1/622 790/1/655 730/1/596
f 758/1/623 702/1/569 759/1/624
f 760/1/625 703/1/570 758/1/623
f 759/1/624 730/1/596 791/1/656
f 763/1/627 704/1/572 760/1/625
f 762/1/657 677/1/571 761/1/626
f 734/1/600 764/1/628 793/1/658
f 736/1/602 734/1/600 766/1/630
f 705/1/573 794/1/659 765/1/629
f 735/1/601 765/1/629 795/1/660
f 794/1/659 705/1/573 766/1/630
f 796/1/661 767/1/631 735/1/601
f 768/1/632 707/1/575 767/1/631
f 768/1/632 797/1/662 737/1/603
f 769/1/633 710/1/578 798/1/663
f 771/1/635 770/1/634 709/1/577
f 798/1/663 710/1/578 770/1/634
f 769/1/633 799/1/664 739/1/604
f 799/1/664 740/1/605 739/1/604
f 741/1/606 772/1/636 800/1/665
f 742/1/607 741/1/606 801/1/666
f 802/1/667 713/1/581 773/1/637
f 773/1/637 742/1/607 803/1/668
f 776/1/669 775/1/640 716/1/639
f 804/1/670 719/1/586 775/1/640
f 777/1/641 719/1/586 804/1/670
f 777/1/641 805/1/671 743/1/608
f 806/1/672 745/1/610 744/1/609
f 779/1/643 720/1/587 778/1/642
f 806/1/672 778/1/642 745/1/610
f 747/1/612 748/1/613 807/1/673
f 721/1/588 781/1/645 780/1/644
f 748/1/613 780/1/644 808/1/674
f 809/1/675 781/1/645 749/1/614
f 722/1/589 782/1/646 783/1/647
f 749/1/614 783/1/647 809/1/675
f 779/1/643 784/1/648 723/1/590
f 784/1/648 811/1/676 751/1/616
f 785/1/649 810/1/677 750/1/615
f 753/1/618 786/1/650 812/1/678
f 787/1/651 726/1/595 813/1/679
f 754/1/619 787/1/651 814/1/680
f 753/1/618 816/1/681 789/1/653
f 726/1/595 789/1/653 813/1/679
f 756/1/620 755/1/654 817/1/682
f 786/1/650 747/1/612 818/1/683
f 730/1/596 790/1/655 791/1/656
f 729/1/622 819/1/684 790/1/655
f 758/1/623 759/1/624 821/1/685
f 760/1/625 758/1/623 822/1/686
f 759/1/624 791/1/656 821/1/685
f 823/1/687 762/1/657 761/1/626
f 757/1/688 792/1/689 820/1/690
f 764/1/628 824/1/691 793/1/658
f 734/1/600 793/1/658 766/1/630
f 765/1/629 794/1/659 795/1/660
f 825/1/692 735/1/601 795/1/660
f 795/1/660 794/1/659 766/1/630
f 796/1/661 768/1/632 826/1/693
f 796/1/661 735/1/601 825/1/692
f 768/1/632 827/1/694 797/1/662
f 828/1/695 769/1/633 798/1/663
f 771/1/635 811/1/676 770/1/634
f 828/1/695 798/1/663 770/1/634
f 769/1/633 829/1/696 799/1/664
f 830/1/697 740/1/605 799/1/664
f 800/1/665 772/1/636 831/1/698
f 741/1/606 800/1/665 801/1/666
f 742/1/607 801/1/666 832/1/699
f 833/1/700 802/1/667 773/1/637
f 773/1/637 803/1/668 834/1/701
f 803/1/668 742/1/607 835/1/702
f 776/1/669 804/1/670 775/1/640
f 836/1/703 777/1/641 804/1/670
f 777/1/641 837/1/704 805/1/671
f 744/1/609 838/1/705 806/1/672
f 779/1/643 778/1/642 799/1/664
f 806/1/672 830/1/697 778/1/642
f 748/1/613 808/1/674 807/1/673
f 839/1/706 747/1/612 807/1/673
f 780/1/644 781/1/645 808/1/674
f 840/1/707 781/1/645 809/1/675
f 782/1/646 810/1/677 783/1/647
f 783/1/647 841/1/708 809/1/675
f 779/1/643 828/1/695 784/1/648
f 842/1/709 751/1/616 811/1/676
f 784/1/648 828/1/695 811/1/676
f 843/1/710 810/1/677 785/1/649
f 812/1/678 786/1/650 818/1/683
f 753/1/618 812/1/678 816/1/681
f 787/1/651 813/1/679 844/1/711
f 814/1/680 787/1/651 844/1/711
f 754/1/619 814/1/680 815/1/712
f 815/1/713 845/1/714 788/1/715
f 789/1/653 816/1/681 846/1/716
f 813/1/679 789/1/653 846/1/716
f 848/1/717 817/1/682 755/1/654
f 747/1/612 839/1/706 818/1/683
f 791/1/656 790/1/655 849/1/718
f 819/1/684 850/1/719 790/1/655
f 758/1/623 821/1/685 851/1/720
f 758/1/623 851/1/720 822/1/686
f 851/1/720 821/1/685 791/1/656
f 823/1/687 761/1/626 852/1/687
f 792/1/689 855/1/721 820/1/690
f 856/1/722 793/1/658 824/1/691
f 795/1/660 766/1/630 793/1/658
f 825/1/692 795/1/660 857/1/723
f 796/1/661 827/1/694 768/1/632
f 858/1/724 796/1/661 825/1/692
f 827/1/694 859/1/725 797/1/662
f 829/1/696 769/1/633 828/1/695
f 828/1/695 770/1/634 811/1/676
f 860/1/726 811/1/676 771/1/635
f 779/1/643 799/1/664 829/1/696
f 778/1/642 830/1/697 799/1/664
f 800/1/665 831/1/698 861/1/727
f 831/1/698 772/1/636 862/1/728
f 801/1/666 800/1/665 863/1/729
f 742/1/607 832/1/699 864/1/730
f 832/1/699 801/1/666 863/1/729
f 773/1/637 834/1/701 833/1/700
f 834/1/701 803/1/668 835/1/702
f 835/1/702 742/1/607 864/1/730
f 865/1/731 804/1/670 776/1/669
f 777/1/641 836/1/703 837/1/704
f 836/1/703 804/1/670 866/1/732
f 838/1/705 830/1/697 806/1/672
f 808/1/674 781/1/645 867/1/733
f 840/1/707 809/1/675 868/1/734
f 840/1/707 867/1/733 781/1/645
f 869/1/735 783/1/647 810/1/677
f 841/1/708 870/1/736 809/1/675
f 871/1/737 841/1/708 783/1/647
f 779/1/643 829/1/696 828/1/695
f 842/1/709 811/1/676 860/1/726
f 843/1/710 869/1/735 810/1/677
f 872/1/738 812/1/678 818/1/683
f 816/1/681 812/1/678 872/1/738
f 844/1/711 813/1/679 873/1/739
f 874/1/740 814/1/680 844/1/711
f 815/1/712 814/1/680 875/1/741
f 876/1/742 845/1/714 815/1/713
f 846/1/716 816/1/681 877/1/743
f 813/1/679 846/1/716 878/1/744
f 848/1/717 755/1/654 847/1/745
f 850/1/719 849/1/718 790/1/655
f 791/1/656 849/1/718 881/1/746
f 851/1/720 791/1/656 882/1/747
f 883/1/748 823/1/687 852/1/687
f 884/1/748 823/1/687 883/1/748
f 855/1/721 887/1/749 820/1/690
f 857/1/723 793/1/658 856/1/722
f 857/1/723 795/1/660 793/1/658
f 888/1/750 825/1/692 857/1/723
f 858/1/724 827/1/694 796/1/661
f 888/1/750 858/1/724 825/1/692
f 889/1/751 859/1/725 827/1/694
f 797/1/662 859/1/725 890/1/752
f 831/1/698 891/1/753 861/1/727
f 863/1/729 800/1/665 861/1/727
f 831/1/698 862/1/728 891/1/753
f 832/1/699 863/1/729 892/1/754
f 833/1/700 834/1/701 893/1/755
f 834/1/701 835/1/702 895/1/756
f 896/1/757 804/1/670 865/1/731
f 836/1/703 897/1/758 837/1/704
f 898/1/759 836/1/703 866/1/732
f 896/1/757 866/1/732 804/1/670
f 809/1/675 870/1/736 868/1/734
f 899/1/760 840/1/707 868/1/734
f 840/1/707 900/1/761 867/1/733
f 901/1/762 783/1/647 869/1/735
f 871/1/737 870/1/736 841/1/708
f 871/1/737 783/1/647 901/1/762
f 902/1/763 869/1/735 843/1/710
f 877/1/743 816/1/681 872/1/738
f 813/1/679 878/1/744 873/1/739
f 903/1/764 844/1/711 873/1/739
f 874/1/740 844/1/711 903/1/764
f 875/1/741 814/1/680 874/1/740
f 815/1/712 875/1/741 904/1/765
f 906/1/766 845/1/714 876/1/742
f 906/1/766 879/1/767 845/1/714
f 907/1/768 848/1/717 847/1/745
f 908/1/769 880/1/770 820/1/690
f 849/1/718 850/1/719 858/1/724
f 791/1/656 881/1/746 909/1/771
f 881/1/746 849/1/718 888/1/750
f 882/1/747 791/1/656 909/1/771
f 910/1/772 884/1/748 883/1/748
f 885/1/773 884/1/748 910/1/772
f 853/1/774 887/1/749 854/1/775
f 887/1/749 908/1/769 820/1/690
f 912/1/776 857/1/723 856/1/722
f 881/1/746 888/1/750 857/1/723
f 858/1/724 889/1/751 827/1/694
f 849/1/718 858/1/724 888/1/750
f 889/1/751 913/1/777 859/1/725
f 861/1/727 891/1/753 914/1/778
f 892/1/754 863/1/729 861/1/727
f 891/1/753 862/1/728 915/1/779
f 893/1/755 834/1/701 916/1/780
f 833/1/700 893/1/755 917/1/781
f 894/1/782 833/1/700 917/1/781
f 918/1/783 834/1/701 895/1/756
f 836/1/703 919/1/784 897/1/758
f 898/1/759 866/1/732 896/1/757
f 920/1/785 836/1/703 898/1/759
f 870/1/736 871/1/737 868/1/734
f 921/1/786 840/1/707 899/1/760
f 899/1/760 868/1/734 922/1/787
f 921/1/786 900/1/761 840/1/707
f 923/1/788 901/1/762 869/1/735
f 924/1/789 871/1/737 901/1/762
f 902/1/763 923/1/788 869/1/735
f 878/1/744 925/1/790 873/1/739
f 873/1/739 925/1/790 903/1/764
f 874/1/740 903/1/764 925/1/790
f 926/1/791 875/1/741 874/1/740
f 904/1/765 875/1/741 926/1/791
f 815/1/712 904/1/765 905/1/792
f 930/1/768 848/1/717 907/1/768
f 850/1/719 880/1/770 858/1/724
f 908/1/769 931/1/793 880/1/770
f 909/1/771 881/1/746 912/1/776
f 886/1/794 885/1/773 910/1/772
f 932/1/795 887/1/749 853/1/774
f 887/1/749 891/1/753 908/1/769
f 881/1/746 857/1/723 912/1/776
f 880/1/770 889/1/751 858/1/724
f 880/1/770 913/1/777 889/1/751
f 913/1/777 935/1/796 859/1/725
f 914/1/778 891/1/753 932/1/795
f 936/1/797 861/1/727 937/1/798
f 892/1/754 861/1/727 938/1/799
f 891/1/753 915/1/779 939/1/800
f 893/1/755 916/1/780 940/1/801
f 834/1/701 941/1/802 916/1/780
f 942/1/803 917/1/781 893/1/755
f 943/1/804 894/1/782 917/1/781
f 918/1/783 941/1/802 834/1/701
f 919/1/784 944/1/805 897/1/758
f 919/1/784 836/1/703 920/1/785
f 945/1/806 898/1/759 896/1/757
f 920/1/785 898/1/759 946/1/807
f 871/1/737 922/1/787 868/1/734
f 947/1/808 921/1/786 899/1/760
f 948/1/809 899/1/760 922/1/787
f 924/1/789 901/1/762 923/1/788
f 949/1/810 871/1/737 924/1/789
f 950/1/811 923/1/788 902/1/763
f 951/1/812 874/1/740 925/1/790
f 874/1/740 952/1/813 926/1/791
f 926/1/791 953/1/814 904/1/765
f 905/1/792 904/1/765 954/1/815
f 929/1/816 906/1/817 957/1/818
f 958/1/819 907/1/768 959/1/819
f 958/1/819 930/1/768 907/1/768
f 880/1/770 931/1/793 913/1/777
f 908/1/769 961/1/820 931/1/793
f 962/1/794 886/1/794 910/1/772
f 891/1/753 887/1/749 932/1/795
f 963/1/821 932/1/795 853/1/774
f 963/1/821 853/1/774 933/1/822
f 891/1/753 939/1/800 908/1/769
f 913/1/777 967/1/823 935/1/796
f 859/1/725 935/1/796 968/1/824
f 914/1/778 932/1/795 969/1/825
f 969/1/825 936/1/797 914/1/778
f 970/1/826 861/1/727 936/1/797
f 938/1/799 861/1/727 970/1/826
f 939/1/800 915/1/779 961/1/820
f 940/1/801 916/1/780 971/1/827
f 972/1/828 893/1/755 940/1/801
f 916/1/780 941/1/802 973/1/829
f 942/1/803 893/1/755 972/1/828
f 943/1/804 917/1/781 942/1/803
f 974/1/830 941/1/802 918/1/783
f 919/1/784 975/1/831 944/1/805
f 976/1/832 919/1/784 920/1/785
f 977/1/833 946/1/807 898/1/759
f 920/1/785 946/1/807 978/1/834
f 871/1/737 948/1/809 922/1/787
f 947/1/808 899/1/760 948/1/809
f 979/1/835 921/1/786 947/1/808
f 980/1/836 924/1/789 923/1/788
f 981/1/837 871/1/737 949/1/810
f 924/1/789 982/1/838 949/1/810
f 983/1/839 950/1/811 902/1/763
f 950/1/811 980/1/836 923/1/788
f 951/1/812 984/1/840 874/1/740
f 874/1/740 984/1/840 952/1/813
f 952/1/813 985/1/841 926/1/791
f 926/1/791 985/1/841 953/1/814
f 904/1/765 953/1/814 954/1/815
f 986/1/842 906/1/817 955/1/843
f 927/1/844 928/1/845 957/1/818
f 957/1/818 906/1/817 986/1/842
f 988/1/846 958/1/819 959/1/819
f 988/1/846 959/1/819 960/1/847
f 931/1/793 961/1/820 913/1/777
f 908/1/769 939/1/800 961/1/820
f 965/1/848 886/1/794 962/1/794
f 989/1/849 932/1/795 963/1/821
f 911/1/850 966/1/850 964/1/850
f 934/1/851 964/1/852 963/1/821
f 935/1/796 967/1/823 991/1/853
f 992/1/854 967/1/823 913/1/777
f 968/1/824 935/1/796 993/1/855
f 859/1/725 968/1/824 994/1/856
f 969/1/825 932/1/795 995/1/857
f 996/1/667 936/1/797 969/1/825
f 996/1/667 970/1/826 936/1/797
f 915/1/779 997/1/858 961/1/820
f 916/1/780 998/1/859 971/1/827
f 972/1/828 940/1/801 999/1/860
f 916/1/780 973/1/829 998/1/859
f 941/1/802 1000/1/861 973/1/829
f 1001/1/862 942/1/803 972/1/828
f 1002/1/863 943/1/804 942/1/803
f 974/1/830 1000/1/861 941/1/802
f 1003/1/864 944/1/805 975/1/831
f 975/1/831 919/1/784 976/1/832
f 920/1/785 1004/1/865 976/1/832
f 1005/1/866 946/1/807 977/1/833
f 1006/1/867 978/1/834 946/1/807
f 978/1/834 1007/1/868 920/1/785
f 871/1/737 982/1/838 948/1/809
f 947/1/808 948/1/809 1008/1/869
f 979/1/835 947/1/808 1009/1/870
f 1010/1/871 924/1/789 980/1/836
f 949/1/810 982/1/838 981/1/837
f 981/1/837 982/1/838 871/1/737
f 924/1/789 1008/1/869 982/1/838
f 983/1/839 1011/1/872 950/1/811
f 950/1/811 1010/1/871 1012/1/873
f 984/1/840 1013/1/874 952/1/813
f 952/1/813 1014/1/875 985/1/841
f 985/1/841 1015/1/876 953/1/814
f 953/1/814 955/1/843 954/1/815
f 986/1/842 955/1/843 1016/1/877
f 1017/1/878 927/1/844 957/1/818
f 956/1/879 988/1/846 960/1/847
f 957/1/818 986/1/842 1020/1/880
f 961/1/820 992/1/854 913/1/777
f 965/1/848 962/1/794 1021/1/881
f 995/1/857 932/1/795 989/1/849
f 963/1/821 1022/1/882 989/1/849
f 963/1/821 964/1/852 1022/1/882
f 990/1/883 965/1/848 1024/1/884
f 1026/1/885 991/1/853 967/1/823
f 935/1/796 991/1/853 993/1/855
f 992/1/854 1026/1/885 967/1/823
f 968/1/824 993/1/855 1027/1/886
f 968/1/824 1028/1/887 994/1/856
f 995/1/857 996/1/667 969/1/825
f 961/1/820 997/1/858 992/1/854
f 1029/1/888 972/1/828 999/1/860
f 1030/1/889 998/1/859 973/1/829
f 1000/1/861 1031/1/890 973/1/829
f 1029/1/888 1001/1/862 972/1/828
f 1002/1/863 942/1/803 1001/1/862
f 1032/1/891 943/1/804 1002/1/863
f 974/1/830 1031/1/890 1000/1/861
f 1033/1/892 1003/1/864 975/1/831
f 1003/1/864 1034/1/893 944/1/805
f 976/1/832 1035/1/894 975/1/831
f 1036/1/895 1004/1/865 920/1/785
f 1004/1/865 1035/1/894 976/1/832
f 1006/1/867 946/1/807 1005/1/866
f 1006/1/867 1007/1/868 1038/1/896
f 1007/1/868 1036/1/895 920/1/785
f 1008/1/869 948/1/809 982/1/838
f 947/1/808 1008/1/869 1014/1/875
f 1014/1/875 1009/1/870 947/1/808
f 1010/1/871 1015/1/876 924/1/789
f 1015/1/876 1008/1/869 924/1/789
f 1039/1/897 1011/1/872 983/1/839
f 1011/1/872 1010/1/871 950/1/811
f 952/1/813 1013/1/874 1014/1/875
f 1014/1/875 1015/1/876 985/1/841
f 953/1/814 1015/1/876 1010/1/871
f 1040/1/898 955/1/843 953/1/814
f 955/1/843 1041/1/899 1016/1/877
f 986/1/842 1016/1/877 1042/1/900
f 957/1/818 1020/1/880 1017/1/878
f 1043/1/901 927/1/844 1017/1/878
f 1043/1/901 1018/1/902 927/1/844
f 1047/1/903 988/1/846 956/1/879
f 1020/1/880 986/1/842 1048/1/904
f 1024/1/884 965/1/848 1021/1/881
f 1031/1/890 995/1/857 989/1/849
f 989/1/849 1022/1/882 1049/1/905
f 964/1/852 1050/1/906 1022/1/882
f 1023/1/907 990/1/883 1024/1/884
f 1026/1/885 1053/1/908 991/1/853
f 1027/1/886 993/1/855 991/1/853
f 992/1/854 1054/1/909 1026/1/885
f 968/1/824 1027/1/886 1028/1/887
f 994/1/856 1028/1/887 1055/1/910
f 1056/1/911 996/1/667 995/1/857
f 997/1/858 1054/1/909 992/1/854
f 973/1/829 1031/1/890 1030/1/889
f 1030/1/889 1057/1/912 998/1/859
f 1058/1/913 1001/1/862 1029/1/888
f 1059/1/914 1002/1/863 1001/1/862
f 1059/1/914 1032/1/891 1002/1/863
f 1060/1/915 1031/1/890 974/1/830
f 1035/1/894 1033/1/892 975/1/831
f 1020/1/880 1003/1/864 1033/1/892
f 1003/1/864 1020/1/880 1034/1/893
f 1061/1/916 1035/1/894 1004/1/865
f 1006/1/867 1005/1/866 1062/1/917
f 1063/1/918 1005/1/866 1037/1/69
f 1064/1/919 1007/1/868 1006/1/867
f 1065/1/920 1036/1/895 1007/1/868
f 1008/1/869 1015/1/876 1014/1/875
f 1013/1/874 1009/1/870 1014/1/875
f 1066/1/921 1039/1/897 983/1/839
f 1039/1/897 1040/1/898 1011/1/872
f 1011/1/872 953/1/814 1010/1/871
f 955/1/843 1040/1/898 1041/1/899
f 1011/1/872 1040/1/898 953/1/814
f 1016/1/877 1041/1/899 1042/1/900
f 986/1/842 1042/1/900 1048/1/904
f 1017/1/878 1020/1/880 1067/1/922
f 1068/1/923 1043/1/901 1017/1/878
f 1019/1/924 1043/1/901 1044/1/925
f 1044/1/926 1045/1/927 987/1/928
f 1046/1/929 1047/1/903 956/1/879
f 1020/1/880 1048/1/904 1071/1/930
f 1031/1/890 989/1/849 1030/1/889
f 1060/1/915 995/1/857 1031/1/890
f 1022/1/882 1050/1/906 1049/1/905
f 989/1/849 1049/1/905 1072/1/931
f 964/1/852 1074/1/932 1050/1/906
f 1023/1/907 1024/1/884 1075/1/933
f 1051/1/934 1076/1/935 1025/1/936
f 991/1/853 1053/1/908 1078/1/937
f 1026/1/885 1079/1/938 1053/1/908
f 1027/1/886 991/1/853 1078/1/937
f 1054/1/909 1079/1/938 1026/1/885
f 1028/1/887 1027/1/886 1080/1/939
f 1055/1/910 1081/1/940 994/1/856
f 1028/1/887 1080/1/939 1055/1/910
f 1060/1/915 1056/1/911 995/1/857
f 1030/1/889 989/1/849 1057/1/912
f 1058/1/913 1082/1/941 1001/1/862
f 1059/1/914 1001/1/862 1083/1/942
f 1059/1/914 1084/1/943 1032/1/891
f 1085/1/944 1033/1/892 1035/1/894
f 1020/1/880 1033/1/892 1067/1/922
f 1020/1/880 1071/1/930 1034/1/893
f 1085/1/944 1035/1/894 1061/1/916
f 1062/1/917 1005/1/866 1086/1/945
f 1087/1/946 1006/1/867 1062/1/917
f 1086/1/945 1005/1/866 1063/1/918
f 1064/1/919 1006/1/867 1088/1/947
f 1064/1/919 1065/1/920 1007/1/868
f 1066/1/921 1089/1/948 1039/1/897
f 1039/1/897 1090/1/949 1040/1/898
f 1040/1/898 1090/1/949 1041/1/899
f 1042/1/900 1041/1/899 1091/1/950
f 1048/1/904 1042/1/900 1071/1/930
f 1017/1/878 1067/1/922 1092/1/951
f 1068/1/923 1017/1/878 1093/1/952
f 1043/1/901 1068/1/923 1094/1/953
f 1043/1/901 1094/1/953 1044/1/925
f 1095/1/954 1045/1/927 1044/1/926
f 1096/1/955 1069/1/956 1045/1/927
f 1098/1/957 1046/1/929 1070/1/958
f 1099/1/959 1047/1/903 1046/1/929
f 1050/1/906 1100/1/960 1049/1/905
f 1049/1/905 1100/1/960 1072/1/931
f 989/1/849 1072/1/931 1057/1/912
f 1025/1/936 1101/1/961 1073/1/962
f 1074/1/932 1103/1/963 1050/1/906
f 1104/1/964 1023/1/907 1075/1/933
f 1052/1/965 1105/1/966 1051/1/934
f 1051/1/934 1106/1/967 1076/1/935
f 1025/1/936 1076/1/935 1101/1/961
f 1077/1/968 1023/1/907 1104/1/964
f 1053/1/908 1108/1/969 1078/1/937
f 1079/1/938 1108/1/969 1053/1/908
f 1027/1/886 1078/1/937 1109/1/970
f 1027/1/886 1110/1/971 1080/1/939
f 1055/1/910 1111/1/972 1081/1/940
f 1055/1/910 1080/1/939 1112/1/973
f 1113/1/974 1082/1/941 1058/1/913
f 1083/1/942 1001/1/862 1082/1/941
f 1114/1/975 1059/1/914 1083/1/942
f 1084/1/943 1059/1/914 1115/1/976
f 1085/1/944 1067/1/922 1033/1/892
f 1062/1/917 1086/1/945 1116/1/977
f 1062/1/917 1117/1/978 1087/1/946
f 1118/1/979 1006/1/867 1087/1/946
f 1119/1/980 1086/1/945 1063/1/918
f 1088/1/947 1006/1/867 1118/1/979
f 1089/1/948 1090/1/949 1039/1/897
f 1041/1/899 1090/1/949 1120/1/981
f 1121/1/982 1091/1/950 1041/1/899
f 1042/1/900 1091/1/950 1122/1/983
f 1071/1/930 1042/1/900 1122/1/983
f 1123/1/984 1092/1/951 1067/1/922
f 1017/1/878 1092/1/951 1093/1/952
f 1068/1/923 1093/1/952 1124/1/985
f 1068/1/923 1125/1/986 1094/1/953
f 1044/1/925 1094/1/953 1126/1/987
f 1096/1/955 1045/1/927 1095/1/954
f 1096/1/955 1127/1/988 1069/1/956
f 1097/1/989 1098/1/957 1070/1/958
f 1098/1/957 1099/1/959 1046/1/929
f 1050/1/906 1103/1/963 1100/1/960
f 1100/1/960 1129/1/990 1072/1/931
f 1073/1/962 1101/1/961 1102/1/991
f 1074/1/932 1131/1/992 1103/1/963
f 1132/1/993 1105/1/966 1052/1/965
f 1105/1/966 1106/1/967 1051/1/934
f 1133/1/994 1076/1/935 1106/1/967
f 1076/1/935 1134/1/995 1101/1/961
f 1107/1/996 1077/1/968 1104/1/964
f 1078/1/937 1108/1/969 1136/1/997
f 1079/1/938 1137/1/998 1108/1/969
f 1078/1/937 1136/1/997 1109/1/970
f 1027/1/886 1109/1/970 1110/1/971
f 1080/1/939 1110/1/971 1138/1/999
f 1139/1/1000 1111/1/972 1055/1/910
f 1080/1/939 1140/1/1001 1112/1/973
f 1139/1/1000 1055/1/910 1112/1/973
f 1141/1/1002 1113/1/974 1058/1/913
f 1142/1/1003 1082/1/941 1113/1/974
f 1083/1/942 1082/1/941 1142/1/1003
f 1115/1/976 1059/1/914 1114/1/975
f 1114/1/975 1083/1/942 1143/1/1004
f 1144/1/1005 1067/1/922 1085/1/944
f 1116/1/977 1086/1/945 1119/1/980
f 1062/1/917 1116/1/977 1145/1/1006
f 1145/1/1006 1117/1/978 1062/1/917
f 1117/1/978 1146/1/1007 1087/1/946
f 1147/1/1008 1118/1/979 1087/1/946
f 1088/1/947 1118/1/979 1148/1/1009
f 1090/1/949 1089/1/948 1149/1/1010
f 1041/1/899 1120/1/981 1121/1/982
f 1090/1/949 1149/1/1010 1120/1/981
f 1121/1/982 1150/1/1011 1091/1/950
f 1122/1/983 1091/1/950 1151/1/1012
f 1152/1/1013 1092/1/951 1153/1/1014
f 1123/1/984 1067/1/922 1144/1/1005
f 1093/1/952 1092/1/951 1152/1/1013
f 1068/1/923 1124/1/985 1154/1/1015
f 1068/1/923 1155/1/1016 1125/1/986
f 1094/1/953 1125/1/986 1156/1/1017
f 1126/1/987 1094/1/953 1157/1/1018
f 1127/1/988 1096/1/955 1159/1/1019
f 1097/1/989 1161/1/1020 1098/1/957
f 1103/1/963 1162/1/1021 1100/1/960
f 1162/1/1021 1129/1/990 1100/1/960
f 1102/1/991 1101/1/961 1163/1/1022
f 1102/1/991 1163/1/1022 1130/1/1023
f 1131/1/992 1164/1/1024 1103/1/963
f 1132/1/993 1165/1/1025 1105/1/966
f 1166/1/1026 1106/1/967 1105/1/966
f 1167/1/1027 1133/1/994 1106/1/967
f 1133/1/994 1134/1/995 1076/1/935
f 1134/1/995 1163/1/1022 1101/1/961
f 1107/1/996 1104/1/964 1168/1/996
f 1108/1/969 1137/1/998 1136/1/997
f 1109/1/970 1136/1/997 1170/1/1028
f 1110/1/971 1109/1/970 1138/1/999
f 1080/1/939 1138/1/999 1140/1/1001
f 1112/1/973 1140/1/1001 1171/1/1029
f 1172/1/1030 1139/1/1000 1112/1/973
f 1113/1/974 1141/1/1002 1173/1/1031
f 1174/1/1032 1141/1/1002 1058/1/913
f 1175/1/1033 1142/1/1003 1113/1/974
f 1176/1/1034 1083/1/942 1142/1/1003
f 1115/1/976 1114/1/975 1177/1/1035
f 1178/1/1036 1114/1/975 1143/1/1004
f 1179/1/1037 1116/1/977 1119/1/980
f 1145/1/1006 1116/1/977 1180/1/1038
f 1181/1/1039 1117/1/978 1145/1/1006
f 1087/1/946 1146/1/1007 1182/1/1040
f 1148/1/1009 1118/1/979 1147/1/1008
f 1087/1/946 1182/1/1040 1147/1/1008
f 1089/1/948 1183/1/1041 1149/1/1010
f 1120/1/981 1184/1/1042 1121/1/982
f 1149/1/1010 1185/1/1043 1120/1/981
f 1184/1/1042 1150/1/1011 1121/1/982
f 1091/1/950 1150/1/1011 1151/1/1012
f 1152/1/1013 1153/1/1014 1186/1/1044
f 1154/1/1015 1187/1/1045 1068/1/923
f 1154/1/1015 1124/1/985 1147/1/1008
f 1125/1/986 1155/1/1016 1156/1/1017
f 1068/1/923 1187/1/1045 1155/1/1016
f 1094/1/953 1156/1/1017 1157/1/1018
f 1126/1/987 1157/1/1018 1189/1/1046
f 1096/1/955 1158/1/1047 1190/1/1048
f 1128/1/1049 1127/1/988 1191/1/1050
f 1096/1/955 1190/1/1048 1159/1/1019
f 1127/1/988 1159/1/1019 1192/1/1051
f 1194/1/1052 1097/1/989 1160/1/1053
f 1194/1/1052 1161/1/1020 1097/1/989
f 1103/1/963 1195/1/1054 1162/1/1021
f 1162/1/1021 1196/1/1055 1129/1/990
f 1130/1/1023 1163/1/1022 1197/1/1056
f 1130/1/1023 1198/1/1057 1131/1/992
f 1131/1/992 1198/1/1057 1164/1/1024
f 1164/1/1024 1199/1/1058 1103/1/963
f 1166/1/1026 1105/1/966 1165/1/1025
f 1132/1/993 1201/1/1059 1165/1/1025
f 1166/1/1026 1167/1/1027 1106/1/967
f 1167/1/1027 1202/1/1060 1133/1/994
f 1133/1/994 1202/1/1060 1134/1/995
f 1163/1/1022 1134/1/995 1203/1/1061
f 1204/1/1062 1107/1/996 1168/1/996
f 1169/1/1062 1107/1/996 1204/1/1062
f 1109/1/970 1170/1/1028 1207/1/1063
f 1109/1/970 1207/1/1063 1138/1/999
f 1140/1/1001 1138/1/999 1171/1/1029
f 1112/1/973 1171/1/1029 1172/1/1030
f 1208/1/1064 1139/1/1000 1172/1/1030
f 1173/1/1031 1141/1/1002 1209/1/1065
f 1173/1/1031 1175/1/1033 1113/1/974
f 1209/1/1065 1141/1/1002 1174/1/1032
f 1210/1/1066 1142/1/1003 1175/1/1033
f 1176/1/1034 1211/1/1067 1083/1/942
f 1176/1/1034 1142/1/1003 1210/1/1066
f 1177/1/1035 1114/1/975 1178/1/1036
f 1115/1/976 1177/1/1035 1212/1/1068
f 1178/1/1036 1143/1/1004 1211/1/1067
f 1213/1/1069 1116/1/977 1179/1/1037
f 1214/1/1070 1145/1/1006 1180/1/1038
f 1116/1/977 1213/1/1069 1180/1/1038
f 1214/1/1070 1181/1/1039 1145/1/1006
f 1148/1/1009 1147/1/1008 1124/1/985
f 1147/1/1008 1182/1/1040 1154/1/1015
f 1149/1/1010 1183/1/1041 1215/1/1071
f 1120/1/981 1185/1/1043 1184/1/1042
f 1149/1/1010 1216/1/1072 1185/1/1043
f 1217/1/1073 1150/1/1011 1184/1/1042
f 1151/1/1012 1150/1/1011 1218/1/1074
f 1124/1/985 1152/1/1013 1186/1/1044
f 1154/1/1015 1182/1/1040 1187/1/1045
f 1156/1/1017 1155/1/1016 1219/1/1075
f 1157/1/1018 1156/1/1017 1189/1/1046
f 1126/1/987 1189/1/1046 1221/1/1076
f 1158/1/1047 1188/1/1077 1190/1/1048
f 1222/1/1078 1128/1/1049 1191/1/1050
f 1191/1/1050 1127/1/988 1192/1/1051
f 1190/1/1048 1223/1/1079 1159/1/1019
f 1159/1/1019 1224/1/1080 1192/1/1051
f 1193/1/1081 1194/1/1052 1160/1/1053
f 1162/1/1021 1195/1/1054 1226/1/1082
f 1103/1/963 1199/1/1058 1195/1/1054
f 1162/1/1021 1226/1/1082 1196/1/1055
f 1163/1/1022 1203/1/1061 1197/1/1056
f 1130/1/1023 1197/1/1056 1227/1/1083
f 1130/1/1023 1228/1/1084 1198/1/1057
f 1164/1/1024 1198/1/1057 1229/1/1085
f 1164/1/1024 1230/1/1086 1199/1/1058
f 1132/1/993 1200/1/1087 1201/1/1059
f 1231/1/1088 1166/1/1026 1165/1/1025
f 1232/1/1089 1165/1/1025 1201/1/1059
f 1233/1/1090 1167/1/1027 1166/1/1026
f 1167/1/1027 1234/1/1091 1202/1/1060
f 1202/1/1060 1235/1/1092 1134/1/995
f 1134/1/995 1236/1/1093 1203/1/1061
f 1237/1/1094 1205/1/1095 1135/1/1096
f 1206/1/1097 1169/1/1062 1204/1/1062
f 1238/1/1098 1135/1/1096 1206/1/1097
f 1207/1/1063 1170/1/1028 1239/1/1099
f 1240/1/1100 1138/1/999 1207/1/1063
f 1138/1/999 1240/1/1100 1171/1/1029
f 1172/1/1030 1171/1/1029 1241/1/1101
f 1242/1/1102 1208/1/1064 1172/1/1030
f 1243/1/1103 1173/1/1031 1209/1/1065
f 1244/1/1104 1175/1/1033 1173/1/1031
f 1245/1/1105 1209/1/1065 1174/1/1032
f 1246/1/1106 1211/1/1067 1176/1/1034
f 1247/1/1107 1177/1/1035 1178/1/1036
f 1212/1/1068 1177/1/1035 1248/1/1108
f 1249/1/1109 1178/1/1036 1211/1/1067
f 1250/1/1110 1213/1/1069 1179/1/1037
f 1251/1/1111 1214/1/1070 1180/1/1038
f 1180/1/1038 1213/1/1069 1250/1/1110
f 1148/1/1009 1124/1/985 1252/1/1112
f 1216/1/1072 1149/1/1010 1215/1/1071
f 1253/1/1113 1215/1/1071 1183/1/1041
f 1216/1/1072 1184/1/1042 1185/1/1043
f 1254/1/1114 1217/1/1073 1184/1/1042
f 1150/1/1011 1217/1/1073 1218/1/1074
f 1124/1/985 1186/1/1044 1252/1/1112
f 1255/1/1115 1156/1/1017 1219/1/1075
f 1189/1/1046 1156/1/1017 1255/1/1115
f 1221/1/1076 1220/1/1116 1126/1/987
f 1188/1/1077 1220/1/1117 1256/1/1118
f 1221/1/1076 1189/1/1046 1257/1/1119
f 1188/1/1077 1256/1/1118 1190/1/1048
f 1222/1/1078 1191/1/1050 1258/1/1120
f 1192/1/1051 1260/1/1121 1191/1/1050
f 1256/1/1118 1223/1/1079 1190/1/1048
f 1223/1/1079 1224/1/1080 1159/1/1019
f 1192/1/1051 1224/1/1080 1261/1/1122
f 1263/1/1081 1194/1/1052 1193/1/1081
f 1195/1/1054 1264/1/1123 1226/1/1082
f 1199/1/1058 1264/1/1123 1195/1/1054
f 1226/1/1082 1265/1/1124 1196/1/1055
f 1197/1/1056 1203/1/1061 1266/1/1125
f 1197/1/1056 1267/1/1126 1227/1/1083
f 1228/1/1084 1130/1/1023 1227/1/1083
f 1228/1/1084 1268/1/1127 1198/1/1057
f 1198/1/1057 1268/1/1127 1229/1/1085
f 1164/1/1024 1229/1/1085 1269/1/1128
f 1164/1/1024 1270/1/1129 1230/1/1086
f 1230/1/1086 1271/1/1130 1199/1/1058
f 1200/1/1087 1273/1/1131 1201/1/1059
f 1231/1/1088 1165/1/1025 1274/1/1132
f 1233/1/1090 1166/1/1026 1231/1/1088
f 1232/1/1089 1201/1/1059 1275/1/1133
f 1274/1/1132 1165/1/1025 1232/1/1089
f 1233/1/1090 1276/1/1134 1167/1/1027
f 1167/1/1027 1276/1/1134 1234/1/1091
f 1134/1/995 1235/1/1092 1236/1/1093
f 1203/1/1061 1236/1/1093 1277/1/1135
f 1238/1/1098 1237/1/1094 1135/1/1096
f 1237/1/1094 1278/1/1136 1205/1/1095
f 1206/1/1097 1204/1/1062 1279/1/1137
f 1238/1/1098 1206/1/1097 1280/1/1138
f 1240/1/1100 1207/1/1063 1239/1/1099
f 1170/1/1028 1281/1/1139 1239/1/1099
f 1171/1/1029 1240/1/1100 1282/1/1140
f 1242/1/1102 1172/1/1030 1241/1/1101
f 1171/1/1029 1283/1/1141 1241/1/1101
f 1243/1/1103 1209/1/1065 1284/1/1142
f 1285/1/1143 1286/1/1144 1173/1/1031
f 1287/1/1145 1244/1/1104 1173/1/1031
f 1288/1/1146 1209/1/1065 1245/1/1105
f 1249/1/1109 1211/1/1067 1246/1/1106
f 1247/1/1107 1178/1/1036 1289/1/1147
f 1290/1/1148 1177/1/1035 1247/1/1107
f 1248/1/1108 1177/1/1035 1291/1/1149
f 1292/1/1150 1178/1/1036 1249/1/1109
f 1251/1/1111 1180/1/1038 1293/1/1151
f 1251/1/1111 1294/1/1152 1214/1/1070
f 1180/1/1038 1250/1/1110 1293/1/1151
f 1295/1/1153 1216/1/1072 1215/1/1071
f 1253/1/1113 1183/1/1041 1296/1/1154
f 1295/1/1153 1215/1/1071 1253/1/1113
f 1216/1/1072 1254/1/1114 1184/1/1042
f 1297/1/1155 1217/1/1073 1254/1/1114
f 1297/1/1155 1218/1/1074 1217/1/1073
f 1255/1/1115 1219/1/1075 1298/1/1156
f 1189/1/1046 1255/1/1115 1299/1/1157
f 1220/1/1117 1300/1/1158 1256/1/1118
f 1257/1/1119 1189/1/1046 1301/1/1159
f 1191/1/1050 1260/1/1121 1258/1/1120
f 1222/1/1078 1258/1/1120 1302/1/1160
f 1303/1/1161 1259/1/1162 1222/1/1078
f 1192/1/1051 1261/1/1122 1260/1/1121
f 1256/1/1118 1304/1/1163 1223/1/1079
f 1224/1/1080 1223/1/1079 1305/1/1164
f 1261/1/1122 1224/1/1080 1305/1/1164
f 1259/1/1162 1306/1/1165 1225/1/1166
f 1308/1/1167 1193/1/1081 1262/1/1167
f 1308/1/1167 1263/1/1081 1193/1/1081
f 1226/1/1082 1264/1/1123 1309/1/1168
f 1271/1/1130 1264/1/1123 1199/1/1058
f 1226/1/1082 1309/1/1168 1265/1/1124
f 1197/1/1056 1266/1/1125 1267/1/1126
f 1203/1/1061 1277/1/1135 1266/1/1125
f 1227/1/1083 1267/1/1126 1310/1/1169
f 1228/1/1084 1227/1/1083 1311/1/1170
f 1228/1/1084 1312/1/1171 1268/1/1127
f 1229/1/1085 1268/1/1127 1313/1/1172
f 1230/1/1086 1270/1/1129 1314/1/1173
f 1230/1/1086 1315/1/1174 1271/1/1130
f 1205/1/1095 1278/1/1136 1272/1/1175
f 1275/1/1133 1201/1/1059 1273/1/1131
f 1200/1/1087 1316/1/1176 1273/1/1131
f 1231/1/1088 1274/1/1132 1317/1/1177
f 1317/1/1177 1233/1/1090 1231/1/1088
f 1232/1/1089 1275/1/1133 1318/1/1178
f 1274/1/1132 1232/1/1089 1318/1/1178
f 1280/1/1138 1206/1/1097 1279/1/1137
f 1322/1/1179 1238/1/1098 1280/1/1138
f 1323/1/1180 1240/1/1100 1239/1/1099
f 1239/1/1099 1281/1/1139 1324/1/1181
f 1282/1/1140 1240/1/1100 1323/1/1180
f 1171/1/1029 1282/1/1140 1283/1/1141
f 1325/1/1182 1242/1/1102 1241/1/1101
f 1241/1/1101 1283/1/1141 1326/1/1183
f 1327/1/1184 1243/1/1103 1284/1/1142
f 1284/1/1142 1209/1/1065 1328/1/1185
f 1287/1/1145 1173/1/1031 1286/1/1144
f 1288/1/1146 1245/1/1105 1329/1/1186
f 1330/1/1187 1209/1/1065 1288/1/1146
f 1289/1/1147 1331/1/1188 1247/1/1107
f 1289/1/1147 1178/1/1036 1332/1/1189
f 1333/1/1190 1290/1/1148 1247/1/1107
f 1291/1/1149 1177/1/1035 1290/1/1148
f 1248/1/1108 1291/1/1149 1333/1/1190
f 1332/1/1189 1178/1/1036 1292/1/1150
f 1251/1/1111 1293/1/1151 1335/1/1191
f 1336/1/1192 1294/1/1152 1251/1/1111
f 1293/1/1151 1250/1/1110 1337/1/1193
f 1338/1/1194 1216/1/1072 1295/1/1153
f 1339/1/1195 1253/1/1113 1296/1/1154
f 1340/1/1196 1295/1/1153 1253/1/1113
f 1341/1/1197 1254/1/1114 1216/1/1072
f 1342/1/1198 1297/1/1155 1254/1/1114
f 1218/1/1074 1297/1/1155 1343/1/1199
f 1255/1/1115 1298/1/1156 1344/1/1200
f 1344/1/1200 1299/1/1157 1255/1/1115
f 1189/1/1046 1299/1/1157 1301/1/1159
f 1256/1/1118 1300/1/1158 1304/1/1163
f 1220/1/1117 1346/1/1201 1300/1/1158
f 1257/1/1119 1301/1/1159 1347/1/1202
f 1258/1/1120 1260/1/1121 1348/1/1203
f 1302/1/1160 1258/1/1120 1349/1/1204
f 1222/1/1078 1302/1/1160 1303/1/1161
f 1303/1/1161 1306/1/1165 1259/1/1162
f 1261/1/1122 1350/1/1205 1260/1/1121
f 1223/1/1079 1304/1/1163 1351/1/1206
f 1305/1/1164 1223/1/1079 1352/1/1207
f 1261/1/1122 1305/1/1164 1353/1/1208
f 1307/1/1209 1308/1/1167 1262/1/1167
f 1264/1/1123 1356/1/1210 1309/1/1168
f 1315/1/1174 1264/1/1123 1271/1/1130
f 1265/1/1124 1309/1/1168 1357/1/1211
f 1266/1/1125 1277/1/1135 1267/1/1126
f 1311/1/1170 1227/1/1083 1310/1/1169
f 1267/1/1126 1358/1/1212 1310/1/1169
f 1312/1/1171 1228/1/1084 1311/1/1170
f 1359/1/1213 1268/1/1127 1312/1/1171
f 1359/1/1213 1313/1/1172 1268/1/1127
f 1230/1/1086 1314/1/1173 1315/1/1174
f 1325/1/1182 1314/1/1173 1360/1/1214
f 1275/1/1133 1273/1/1131 1361/1/1215
f 1316/1/1176 1362/1/1216 1273/1/1131
f 1317/1/1177 1274/1/1132 1363/1/1217
f 1318/1/1178 1275/1/1133 1364/1/1218
f 1274/1/1132 1318/1/1178 1363/1/1217
f 1321/1/1219 1328/1/1185 1278/1/1220
f 1322/1/1179 1365/1/1221 1238/1/1098
f 1239/1/1099 1324/1/1181 1323/1/1180
f 1366/1/1222 1282/1/1140 1323/1/1180
f 1283/1/1141 1282/1/1140 1326/1/1183
f 1241/1/1101 1326/1/1183 1325/1/1182
f 1367/1/1223 1242/1/1102 1325/1/1182
f 1368/1/1224 1327/1/1184 1284/1/1142
f 1284/1/1142 1328/1/1185 1319/1/1225
f 1330/1/1187 1328/1/1185 1209/1/1065
f 1369/1/1226 1287/1/1145 1286/1/1144
f 1330/1/1187 1288/1/1146 1329/1/1186
f 1329/1/1186 1245/1/1105 1370/1/1227
f 1371/1/1228 1331/1/1188 1289/1/1147
f 1247/1/1107 1331/1/1188 1372/1/1229
f 1289/1/1147 1332/1/1189 1373/1/1230
f 1333/1/1190 1247/1/1107 1372/1/1229
f 1291/1/1149 1290/1/1148 1333/1/1190
f 1374/1/1231 1332/1/1189 1292/1/1150
f 1334/1/1232 1337/1/1193 1250/1/1110
f 1375/1/1233 1251/1/1111 1335/1/1191
f 1376/1/1234 1335/1/1191 1293/1/1151
f 1375/1/1233 1336/1/1192 1251/1/1111
f 1293/1/1151 1337/1/1193 1377/1/1235
f 1341/1/1197 1216/1/1072 1338/1/1194
f 1378/1/1236 1338/1/1194 1295/1/1153
f 1379/1/1237 1253/1/1113 1339/1/1195
f 1340/1/1196 1253/1/1113 1379/1/1237
f 1380/1/1238 1295/1/1153 1340/1/1196
f 1342/1/1198 1254/1/1114 1341/1/1197
f 1342/1/1198 1343/1/1199 1297/1/1155
f 1344/1/1200 1298/1/1156 1381/1/1239
f 1382/1/1240 1299/1/1157 1344/1/1200
f 1301/1/1159 1299/1/1157 1382/1/1240
f 1345/1/1241 1346/1/1201 1220/1/1117
f 1300/1/1158 1383/1/1242 1304/1/1163
f 1384/1/1243 1300/1/1158 1346/1/1201
f 1347/1/1202 1301/1/1159 1385/1/1244
f 1257/1/1119 1347/1/1202 1386/1/1245
f 1258/1/1120 1348/1/1203 1387/1/1246
f 1260/1/1121 1350/1/1205 1348/1/1203
f 1258/1/1120 1387/1/1246 1349/1/1204
f 1302/1/1160 1349/1/1204 1388/1/1247
f 1303/1/1161 1302/1/1160 1389/1/1248
f 1303/1/1161 1390/1/1249 1306/1/1165
f 1261/1/1122 1391/1/1250 1350/1/1205
f 1304/1/1163 1392/1/1251 1351/1/1206
f 1223/1/1079 1351/1/1206 1352/1/1207
f 1261/1/1122 1353/1/1208 1391/1/1250
f 1393/1/1252 1354/1/1253 1306/1/1165
f 1355/1/1254 1394/1/1254 1307/1/1209
f 1395/1/1255 1308/1/1167 1307/1/1209
f 1315/1/1174 1356/1/1210 1264/1/1123
f 1309/1/1168 1356/1/1210 1357/1/1211
f 1265/1/1124 1357/1/1211 1396/1/1256
f 1267/1/1126 1277/1/1135 1397/1/1257
f 1311/1/1170 1310/1/1169 1398/1/1258
f 1310/1/1169 1358/1/1212 1399/1/1259
f 1267/1/1126 1397/1/1257 1358/1/1212
f 1359/1/1213 1312/1/1171 1311/1/1170
f 1400/1/1260 1313/1/1172 1359/1/1213
f 1314/1/1173 1326/1/1183 1315/1/1174
f 1401/1/1261 1325/1/1182 1360/1/1214
f 1325/1/1182 1326/1/1183 1314/1/1173
f 1362/1/1216 1361/1/1215 1273/1/1131
f 1361/1/1215 1403/1/1262 1275/1/1133
f 1275/1/1133 1404/1/1263 1364/1/1218
f 1319/1/1225 1328/1/1185 1320/1/1264
f 1328/1/1185 1330/1/1187 1278/1/1220
f 1322/1/1179 1406/1/1265 1365/1/1221
f 1323/1/1180 1324/1/1181 1366/1/1222
f 1366/1/1222 1407/1/1266 1282/1/1140
f 1326/1/1183 1282/1/1140 1407/1/1266
f 1401/1/1261 1367/1/1223 1325/1/1182
f 1369/1/1226 1327/1/1184 1368/1/1224
f 1368/1/1224 1284/1/1142 1408/1/1267
f 1408/1/1267 1284/1/1142 1319/1/1225
f 1327/1/1184 1369/1/1226 1286/1/1144
f 1330/1/1187 1329/1/1186 1409/1/1268
f 1410/1/1269 1329/1/1186 1370/1/1227
f 1411/1/1270 1371/1/1228 1289/1/1147
f 1372/1/1229 1331/1/1188 1412/1/1271
f 1411/1/1270 1289/1/1147 1373/1/1230
f 1373/1/1230 1332/1/1189 1413/1/1272
f 1414/1/1273 1333/1/1190 1372/1/1229
f 1413/1/1272 1332/1/1189 1374/1/1231
f 1334/1/1232 1416/1/1274 1337/1/1193
f 1335/1/1191 1417/1/1275 1375/1/1233
f 1376/1/1234 1293/1/1151 1418/1/1276
f 1419/1/1277 1335/1/1191 1376/1/1234
f 1420/1/1278 1336/1/1192 1375/1/1233
f 1377/1/1235 1337/1/1193 1421/1/1279
f 1418/1/1276 1293/1/1151 1377/1/1235
f 1378/1/1236 1341/1/1197 1338/1/1194
f 1378/1/1236 1295/1/1153 1380/1/1238
f 1422/1/1280 1340/1/1196 1379/1/1237
f 1423/1/1281 1380/1/1238 1340/1/1196
f 1424/1/1282 1342/1/1198 1341/1/1197
f 1344/1/1200 1381/1/1239 1425/1/1283
f 1425/1/1283 1382/1/1240 1344/1/1200
f 1385/1/1244 1301/1/1159 1382/1/1240
f 1345/1/1241 1427/1/1284 1346/1/1201
f 1300/1/1158 1384/1/1243 1383/1/1242
f 1304/1/1163 1383/1/1242 1392/1/1251
f 1428/1/1285 1384/1/1243 1346/1/1201
f 1347/1/1202 1385/1/1244 1429/1/1286
f 1347/1/1202 1430/1/1287 1386/1/1245
f 1348/1/1203 1432/1/1288 1387/1/1246
f 1348/1/1203 1350/1/1205 1432/1/1288
f 1387/1/1246 1433/1/1289 1349/1/1204
f 1349/1/1204 1433/1/1289 1388/1/1247
f 1389/1/1248 1302/1/1160 1388/1/1247
f 1303/1/1161 1389/1/1248 1434/1/1290
f 1390/1/1249 1393/1/1252 1306/1/1165
f 1393/1/1252 1437/1/1291 1354/1/1253
f 1394/1/1254 1355/1/1254 1438/1/1292
f 1394/1/1254 1395/1/1255 1307/1/1209
f 1356/1/1210 1315/1/1174 1366/1/1222
f 1356/1/1210 1439/1/1293 1357/1/1211
f 1357/1/1211 1439/1/1293 1396/1/1256
f 1398/1/1258 1310/1/1169 1399/1/1259
f 1440/1/1294 1311/1/1170 1398/1/1258
f 1441/1/1295 1399/1/1259 1358/1/1212
f 1397/1/1257 1442/1/1296 1358/1/1212
f 1359/1/1213 1311/1/1170 1440/1/1294
f 1443/1/1297 1400/1/1260 1359/1/1213
f 1326/1/1183 1407/1/1266 1315/1/1174
f 1278/1/1220 1330/1/1187 1402/1/1298
f 1362/1/1216 1444/1/1299 1361/1/1215
f 1275/1/1133 1403/1/1262 1404/1/1263
f 1361/1/1215 1445/1/1300 1403/1/1262
f 1449/1/1265 1406/1/1265 1322/1/1179
f 1366/1/1222 1324/1/1181 1439/1/1293
f 1315/1/1174 1407/1/1266 1366/1/1222
f 1369/1/1226 1368/1/1224 1450/1/1301
f 1451/1/1302 1368/1/1224 1408/1/1267
f 1408/1/1267 1319/1/1225 1446/1/1303
f 1409/1/1268 1329/1/1186 1452/1/1304
f 1402/1/1298 1330/1/1187 1409/1/1268
f 1452/1/1304 1329/1/1186 1410/1/1269
f 1410/1/1269 1370/1/1227 1453/1/1305
f 1372/1/1229 1412/1/1271 1454/1/1306
f 1455/1/1307 1411/1/1270 1373/1/1230
f 1413/1/1272 1456/1/1308 1373/1/1230
f 1372/1/1229 1454/1/1306 1414/1/1273
f 1414/1/1273 1457/1/1309 1333/1/1190
f 1415/1/1310 1333/1/1190 1458/1/1311
f 1374/1/1231 1456/1/1308 1413/1/1272
f 1337/1/1193 1416/1/1274 1459/1/1312
f 1419/1/1277 1417/1/1275 1335/1/1191
f 1461/1/1313 1375/1/1233 1417/1/1275
f 1376/1/1234 1418/1/1276 1462/1/1314
f 1420/1/1278 1375/1/1233 1461/1/1313
f 1463/1/1315 1336/1/1192 1420/1/1278
f 1337/1/1193 1459/1/1312 1421/1/1279
f 1421/1/1279 1418/1/1276 1464/1/1316
f 1465/1/1317 1341/1/1197 1378/1/1236
f 1423/1/1281 1378/1/1236 1380/1/1238
f 1423/1/1281 1340/1/1196 1422/1/1280
f 1422/1/1280 1379/1/1237 1466/1/1318
f 1424/1/1282 1341/1/1197 1465/1/1317
f 1467/1/1319 1425/1/1283 1381/1/1239
f 1468/1/1320 1382/1/1240 1425/1/1283
f 1429/1/1286 1385/1/1244 1382/1/1240
f 1426/1/1321 1427/1/1284 1345/1/1241
f 1427/1/1284 1428/1/1285 1346/1/1201
f 1383/1/1242 1384/1/1243 1392/1/1251
f 1470/1/1322 1384/1/1243 1428/1/1285
f 1429/1/1286 1430/1/1287 1347/1/1202
f 1430/1/1287 1471/1/1323 1472/1/1324
f 1432/1/1288 1473/1/1325 1387/1/1246
f 1387/1/1246 1473/1/1325 1433/1/1289
f 1388/1/1247 1433/1/1289 1474/1/1326
f 1475/1/1327 1389/1/1248 1388/1/1247
f 1434/1/1290 1389/1/1248 1476/1/1328
f 1434/1/1329 1477/1/1329 1390/1/1329
f 1437/1/1291 1393/1/1252 1479/1/1330
f 1438/1/1292 1355/1/1254 1480/1/1331
f 1356/1/1210 1366/1/1222 1439/1/1293
f 1481/1/1332 1398/1/1258 1399/1/1259
f 1440/1/1294 1398/1/1258 1481/1/1332
f 1441/1/1295 1358/1/1212 1482/1/1333
f 1483/1/1334 1399/1/1259 1441/1/1295
f 1482/1/1333 1358/1/1212 1442/1/1296
f 1359/1/1213 1440/1/1294 1484/1/1335
f 1443/1/1297 1359/1/1213 1484/1/1335
f 1485/1/1336 1400/1/1260 1443/1/1297
f 1402/1/1298 1444/1/1299 1362/1/1216
f 1444/1/1299 1445/1/1300 1361/1/1215
f 1403/1/1262 1486/1/1337 1404/1/1263
f 1445/1/1300 1487/1/1338 1403/1/1262
f 1449/1/1265 1490/1/1339 1406/1/1265
f 1450/1/1301 1368/1/1224 1456/1/1308
f 1451/1/1302 1408/1/1267 1491/1/1340
f 1456/1/1308 1368/1/1224 1451/1/1302
f 1408/1/1267 1446/1/1303 1491/1/1340
f 1402/1/1298 1409/1/1268 1452/1/1304
f 1452/1/1304 1410/1/1269 1492/1/1341
f 1410/1/1269 1453/1/1305 1493/1/1342
f 1373/1/1230 1456/1/1308 1455/1/1307
f 1494/1/1343 1411/1/1270 1455/1/1307
f 1495/1/1344 1414/1/1273 1454/1/1306
f 1416/1/1274 1457/1/1309 1414/1/1273
f 1458/1/1311 1333/1/1190 1457/1/1309
f 1415/1/1310 1458/1/1311 1416/1/1274
f 1496/1/1345 1456/1/1308 1374/1/1231
f 1459/1/1312 1416/1/1274 1414/1/1273
f 1415/1/1310 1416/1/1274 1460/1/1346
f 1497/1/1347 1417/1/1275 1419/1/1277
f 1498/1/1348 1461/1/1313 1417/1/1275
f 1499/1/1349 1462/1/1314 1418/1/1276
f 1500/1/1350 1420/1/1278 1461/1/1313
f 1500/1/1350 1463/1/1315 1420/1/1278
f 1421/1/1279 1459/1/1312 1414/1/1273
f 1499/1/1349 1418/1/1276 1421/1/1279
f 1501/1/1351 1465/1/1317 1378/1/1236
f 1501/1/1351 1378/1/1236 1423/1/1281
f 1502/1/1352 1423/1/1281 1422/1/1280
f 1503/1/1353 1422/1/1280 1466/1/1318
f 1504/1/1354 1424/1/1282 1465/1/1317
f 1467/1/1319 1468/1/1320 1425/1/1283
f 1381/1/1239 1505/1/1355 1467/1/1319
f 1429/1/1286 1382/1/1240 1468/1/1320
f 1469/1/1356 1427/1/1284 1426/1/1321
f 1427/1/1284 1506/1/1357 1428/1/1285
f 1384/1/1243 1507/1/1358 1392/1/1251
f 1470/1/1322 1428/1/1285 1508/1/1359
f 1384/1/1243 1470/1/1322 1507/1/1358
f 1509/1/1360 1430/1/1287 1429/1/1286
f 1510/1/1361 1472/1/1324 1471/1/1323
f 1430/1/1287 1511/1/1362 1471/1/1323
f 1512/1/1363 1469/1/1356 1431/1/1364
f 1388/1/1247 1474/1/1326 1513/1/1365
f 1475/1/1327 1388/1/1247 1514/1/1366
f 1476/1/1328 1389/1/1248 1475/1/1327
f 1515/1/1367 1393/1/1252 1477/1/1368
f 1436/1/1369 1479/1/1330 1435/1/1370
f 1479/1/1330 1393/1/1252 1517/1/1371
f 1438/1/1292 1480/1/1331 1518/1/1372
f 1483/1/1334 1481/1/1332 1399/1/1259
f 1484/1/1335 1440/1/1294 1481/1/1332
f 1519/1/1373 1441/1/1295 1482/1/1333
f 1520/1/1374 1483/1/1334 1441/1/1295
f 1522/1/1375 1443/1/1297 1484/1/1335
f 1485/1/1336 1443/1/1297 1522/1/1375
f 1402/1/1298 1523/1/1376 1444/1/1299
f 1444/1/1299 1524/1/1377 1445/1/1300
f 1403/1/1262 1487/1/1338 1486/1/1337
f 1445/1/1300 1525/1/1378 1487/1/1338
f 1489/1/1379 1488/1/1380 1405/1/1381
f 1488/1/1380 1491/1/1340 1447/1/1382
f 1528/1/1339 1490/1/1339 1449/1/1265
f 1450/1/1301 1456/1/1308 1496/1/1345
f 1529/1/1383 1451/1/1302 1491/1/1340
f 1455/1/1307 1456/1/1308 1451/1/1302
f 1402/1/1298 1452/1/1304 1523/1/1376
f 1410/1/1269 1493/1/1342 1492/1/1341
f 1452/1/1304 1492/1/1341 1530/1/1384
f 1493/1/1342 1453/1/1305 1531/1/1385
f 1494/1/1343 1455/1/1307 1451/1/1302
f 1495/1/1344 1532/1/1386 1414/1/1273
f 1458/1/1311 1457/1/1309 1416/1/1274
f 1498/1/1348 1417/1/1275 1497/1/1347
f 1533/1/1387 1461/1/1313 1498/1/1348
f 1500/1/1350 1461/1/1313 1533/1/1387
f 1534/1/1388 1463/1/1315 1500/1/1350
f 1421/1/1279 1414/1/1273 1532/1/1386
f 1535/1/1389 1499/1/1349 1421/1/1279
f 1501/1/1351 1504/1/1354 1465/1/1317
f 1536/1/1390 1501/1/1351 1423/1/1281
f 1502/1/1352 1422/1/1280 1503/1/1353
f 1537/1/1391 1423/1/1281 1502/1/1352
f 1538/1/1392 1424/1/1282 1504/1/1354
f 1539/1/1393 1468/1/1320 1467/1/1319
f 1539/1/1393 1467/1/1319 1505/1/1355
f 1468/1/1320 1509/1/1360 1429/1/1286
f 1427/1/1284 1469/1/1356 1540/1/1394
f 1506/1/1357 1508/1/1359 1428/1/1285
f 1506/1/1357 1427/1/1284 1541/1/1395
f 1470/1/1322 1508/1/1359 1542/1/1396
f 1543/1/1397 1507/1/1358 1470/1/1322
f 1509/1/1360 1511/1/1362 1430/1/1287
f 1510/1/1361 1471/1/1323 1544/1/1398
f 1511/1/1362 1502/1/1352 1471/1/1323
f 1540/1/1394 1469/1/1356 1512/1/1363
f 1545/1/1399 1512/1/1363 1431/1/1364
f 1388/1/1247 1513/1/1365 1514/1/1366
f 1475/1/1327 1514/1/1366 1546/1/1400
f 1476/1/1328 1475/1/1327 1547/1/1401
f 1476/1/1328 1515/1/1367 1477/1/1368
f 1393/1/1252 1515/1/1367 1517/1/1371
f 1479/1/1330 1548/1/1402 1435/1/1370
f 1435/1/1403 1550/1/1404 1516/1/1405
f 1516/1/1406 1551/1/1407 1478/1/1408
f 1517/1/1371 1500/1/1350 1479/1/1330
f 1438/1/1292 1518/1/1372 1552/1/1409
f 1520/1/1374 1481/1/1332 1483/1/1334
f 1553/1/1410 1484/1/1335 1481/1/1332
f 1519/1/1373 1482/1/1333 1554/1/1411
f 1520/1/1374 1441/1/1295 1519/1/1373
f 1522/1/1375 1484/1/1335 1555/1/1412
f 1485/1/1336 1522/1/1375 1556/1/1413
f 1523/1/1376 1557/1/1414 1444/1/1299
f 1558/1/1415 1524/1/1377 1444/1/1299
f 1445/1/1300 1524/1/1377 1525/1/1378
f 1487/1/1338 1525/1/1378 1486/1/1337
f 1489/1/1379 1559/1/1416 1488/1/1380
f 1488/1/1380 1529/1/1383 1491/1/1340
f 1561/1/1417 1526/1/1418 1490/1/1339
f 1560/1/1419 1527/1/1419 1448/1/1419
f 1561/1/1417 1490/1/1339 1528/1/1339
f 1563/1/1420 1451/1/1302 1529/1/1383
f 1523/1/1376 1452/1/1304 1564/1/1421
f 1492/1/1341 1493/1/1342 1565/1/1422
f 1530/1/1384 1492/1/1341 1565/1/1422
f 1564/1/1421 1452/1/1304 1530/1/1384
f 1493/1/1342 1531/1/1385 1566/1/1423
f 1567/1/1424 1494/1/1343 1451/1/1302
f 1568/1/1425 1532/1/1386 1495/1/1344
f 1533/1/1387 1498/1/1348 1569/1/1426
f 1500/1/1350 1533/1/1387 1548/1/1402
f 1570/1/1427 1534/1/1388 1500/1/1350
f 1421/1/1279 1532/1/1386 1535/1/1389
f 1571/1/1428 1499/1/1349 1535/1/1389
f 1572/1/1429 1504/1/1354 1501/1/1351
f 1536/1/1390 1423/1/1281 1537/1/1391
f 1536/1/1390 1572/1/1429 1501/1/1351
f 1471/1/1323 1502/1/1352 1503/1/1353
f 1511/1/1362 1537/1/1391 1502/1/1352
f 1573/1/1430 1538/1/1392 1504/1/1354
f 1539/1/1393 1574/1/1431 1468/1/1320
f 1468/1/1320 1574/1/1431 1509/1/1360
f 1427/1/1284 1540/1/1394 1541/1/1395
f 1575/1/1432 1508/1/1359 1506/1/1357
f 1506/1/1357 1541/1/1395 1575/1/1432
f 1470/1/1322 1542/1/1396 1576/1/1433
f 1508/1/1359 1577/1/1434 1542/1/1396
f 1543/1/1397 1470/1/1322 1576/1/1433
f 1509/1/1360 1536/1/1390 1511/1/1362
f 1544/1/1398 1471/1/1323 1503/1/1353
f 1540/1/1394 1512/1/1363 1579/1/1435
f 1579/1/1435 1512/1/1363 1545/1/1399
f 1514/1/1366 1513/1/1365 1580/1/1436
f 1547/1/1401 1475/1/1327 1546/1/1400
f 1546/1/1400 1514/1/1366 1581/1/1437
f 1547/1/1401 1515/1/1367 1476/1/1328
f 1515/1/1367 1582/1/1438 1517/1/1371
f 1479/1/1330 1500/1/1350 1548/1/1402
f 1435/1/1370 1548/1/1402 1583/1/1439
f 1435/1/1370 1583/1/1439 1549/1/1440
f 1516/1/1406 1585/1/1441 1551/1/1407
f 1517/1/1371 1570/1/1427 1500/1/1350
f 1552/1/1409 1518/1/1372 1587/1/1442
f 1520/1/1374 1588/1/1443 1481/1/1332
f 1553/1/1410 1481/1/1332 1588/1/1443
f 1555/1/1412 1484/1/1335 1553/1/1410
f 1589/1/1444 1519/1/1373 1554/1/1411
f 1590/1/1445 1520/1/1374 1519/1/1373
f 1522/1/1375 1555/1/1412 1558/1/1415
f 1557/1/1446 1556/1/1413 1522/1/1375
f 1444/1/1299 1557/1/1414 1558/1/1415
f 1558/1/1415 1555/1/1412 1524/1/1377
f 1524/1/1377 1590/1/1445 1525/1/1378
f 1525/1/1378 1591/1/1447 1486/1/1337
f 1562/1/1448 1559/1/1416 1489/1/1379
f 1559/1/1416 1592/1/1449 1488/1/1380
f 1593/1/1450 1529/1/1383 1488/1/1380
f 1561/1/1417 1560/1/1451 1526/1/1418
f 1596/1/1452 1563/1/1420 1529/1/1383
f 1567/1/1424 1451/1/1302 1563/1/1420
f 1493/1/1342 1566/1/1423 1565/1/1422
f 1597/1/1453 1530/1/1384 1565/1/1422
f 1564/1/1421 1530/1/1384 1598/1/1454
f 1531/1/1385 1599/1/1455 1566/1/1423
f 1568/1/1425 1495/1/1344 1600/1/1456
f 1568/1/1425 1601/1/1457 1532/1/1386
f 1602/1/1458 1533/1/1387 1569/1/1426
f 1548/1/1402 1533/1/1387 1602/1/1458
f 1570/1/1427 1603/1/1459 1534/1/1388
f 1601/1/1457 1535/1/1389 1532/1/1386
f 1604/1/1460 1571/1/1428 1535/1/1389
f 1573/1/1430 1504/1/1354 1572/1/1429
f 1536/1/1390 1537/1/1391 1511/1/1362
f 1574/1/1431 1572/1/1429 1536/1/1390
f 1539/1/1393 1573/1/1430 1574/1/1431
f 1574/1/1431 1536/1/1390 1509/1/1360
f 1575/1/1432 1541/1/1395 1540/1/1394
f 1577/1/1434 1508/1/1359 1575/1/1432
f 1576/1/1433 1542/1/1396 1605/1/1461
f 1542/1/1396 1577/1/1434 1606/1/1462
f 1540/1/1394 1579/1/1435 1607/1/1463
f 1608/1/1464 1579/1/1435 1545/1/1399
f 1514/1/1366 1580/1/1436 1581/1/1437
f 1547/1/1401 1546/1/1400 1609/1/1465
f 1546/1/1400 1581/1/1437 1610/1/1466
f 1547/1/1401 1611/1/1467 1515/1/1367
f 1515/1/1367 1612/1/1468 1582/1/1438
f 1517/1/1371 1582/1/1438 1603/1/1459
f 1548/1/1402 1613/1/1469 1583/1/1439
f 1584/1/1470 1550/1/1471 1583/1/1439
f 1584/1/1472 1585/1/1441 1516/1/1406
f 1551/1/1407 1585/1/1441 1614/1/1473
f 1586/1/320 1551/1/320 1615/1/320
f 1517/1/1371 1603/1/1459 1570/1/1427
f 1552/1/1409 1587/1/1442 1616/1/1442
f 1588/1/1443 1520/1/1374 1590/1/1445
f 1555/1/1412 1553/1/1410 1588/1/1443
f 1617/1/1474 1618/1/1474 1554/1/1475
f 1591/1/1447 1519/1/1373 1589/1/1444
f 1525/1/1378 1590/1/1445 1519/1/1373
f 1557/1/1414 1521/1/1476 1558/1/1415
f 1555/1/1412 1590/1/1445 1524/1/1377
f 1525/1/1378 1519/1/1373 1591/1/1447
f 1592/1/1449 1593/1/1450 1488/1/1380
f 1593/1/1450 1620/1/1477 1529/1/1383
f 1621/1/1478 1560/1/1451 1561/1/1417
f 1562/1/1479 1594/1/1480 1622/1/1481
f 1596/1/1452 1567/1/1424 1563/1/1420
f 1596/1/1452 1529/1/1383 1620/1/1477
f 1565/1/1422 1566/1/1423 1624/1/1482
f 1625/1/1483 1597/1/1453 1565/1/1422
f 1598/1/1454 1530/1/1384 1597/1/1453
f 1626/1/1484 1564/1/1421 1598/1/1454
f 1624/1/1482 1566/1/1423 1599/1/1455
f 1531/1/1385 1627/1/1485 1599/1/1455
f 1628/1/1486 1568/1/1425 1600/1/1456
f 1629/1/1487 1601/1/1457 1568/1/1425
f 1602/1/1458 1569/1/1426 1630/1/1488
f 1548/1/1402 1602/1/1458 1631/1/1489
f 1603/1/1459 1632/1/1490 1534/1/1388
f 1604/1/1460 1535/1/1389 1601/1/1457
f 1573/1/1430 1572/1/1429 1574/1/1431
f 1575/1/1432 1540/1/1394 1607/1/1463
f 1606/1/1462 1577/1/1434 1575/1/1432
f 1542/1/1396 1606/1/1462 1605/1/1461
f 1576/1/1433 1605/1/1461 1633/1/1491
f 1579/1/1435 1634/1/1492 1607/1/1463
f 1581/1/1437 1580/1/1436 1610/1/1466
f 1610/1/1466 1609/1/1465 1546/1/1400
f 1634/1/1492 1547/1/1401 1609/1/1465
f 1636/1/1493 1611/1/1467 1547/1/1401
f 1515/1/1367 1611/1/1467 1612/1/1468
f 1582/1/1438 1612/1/1468 1603/1/1459
f 1548/1/1402 1631/1/1489 1613/1/1469
f 1637/1/1494 1583/1/1439 1613/1/1469
f 1584/1/1470 1583/1/1439 1637/1/1494
f 1584/1/1472 1638/1/1495 1585/1/1441
f 1585/1/1441 1639/1/1496 1614/1/1473
f 1641/1/1497 1587/1/1442 1615/1/1497
f 1616/1/1442 1587/1/1442 1641/1/1497
f 1555/1/1412 1588/1/1443 1590/1/1445
f 1619/1/1498 1562/1/1479 1642/1/1499
f 1619/1/1498 1643/1/1500 1592/1/1449
f 1643/1/1500 1593/1/1450 1592/1/1449
f 1644/1/1501 1620/1/1477 1593/1/1450
f 1645/1/1502 1560/1/1451 1621/1/1478
f 1595/1/1503 1646/1/1504 1594/1/1480
f 1622/1/1481 1594/1/1480 1647/1/1505
f 1642/1/1499 1562/1/1479 1622/1/1481
f 1645/1/1502 1623/1/1506 1560/1/1451
f 1648/1/1507 1567/1/1424 1596/1/1452
f 1644/1/1501 1596/1/1452 1620/1/1477
f 1625/1/1483 1565/1/1422 1624/1/1482
f 1598/1/1454 1597/1/1453 1625/1/1483
f 1649/1/1508 1626/1/1484 1598/1/1454
f 1624/1/1482 1599/1/1455 1650/1/1509
f 1650/1/1509 1599/1/1455 1627/1/1485
f 1651/1/1510 1601/1/1457 1629/1/1487
f 1652/1/1511 1629/1/1487 1568/1/1425
f 1653/1/1512 1602/1/1458 1630/1/1488
f 1653/1/1512 1631/1/1489 1602/1/1458
f 1654/1/1513 1632/1/1490 1603/1/1459
f 1604/1/1460 1601/1/1457 1651/1/1510
f 1575/1/1432 1607/1/1463 1655/1/1514
f 1606/1/1462 1575/1/1432 1656/1/1515
f 1605/1/1461 1606/1/1462 1657/1/1516
f 1576/1/1433 1633/1/1491 1658/1/1517
f 1633/1/1491 1605/1/1461 1659/1/1518
f 1634/1/1492 1609/1/1465 1607/1/1463
f 1578/1/1519 1636/1/1493 1634/1/1492
f 1579/1/1520 1635/1/1521 1636/1/1493
f 1610/1/1466 1580/1/1436 1659/1/1518
f 1657/1/1516 1609/1/1465 1610/1/1466
f 1634/1/1492 1636/1/1493 1547/1/1401
f 1636/1/1493 1660/1/1522 1611/1/1467
f 1611/1/1467 1660/1/1522 1612/1/1468
f 1612/1/1468 1654/1/1513 1603/1/1459
f 1631/1/1489 1651/1/1510 1613/1/1469
f 1661/1/1523 1637/1/1494 1613/1/1469
f 1662/1/1524 1584/1/1470 1637/1/1494
f 1638/1/1495 1639/1/1496 1585/1/1441
f 1551/1/1525 1595/1/1525 1640/1/1525
f 1641/1/1497 1615/1/1497 1640/1/1526
f 1643/1/1500 1619/1/1498 1642/1/1499
f 1643/1/1500 1665/1/1527 1593/1/1450
f 1644/1/1501 1593/1/1450 1666/1/1528
f 1595/1/1503 1664/1/1529 1646/1/1504
f 1594/1/1480 1646/1/1504 1647/1/1505
f 1647/1/1505 1667/1/1530 1622/1/1481
f 1622/1/1481 1668/1/1531 1642/1/1499
f 1645/1/1502 1640/1/1526 1623/1/1506
f 1669/1/1532 1648/1/1507 1596/1/1452
f 1669/1/1532 1596/1/1452 1644/1/1501
f 1625/1/1483 1624/1/1482 1670/1/1533
f 1598/1/1454 1625/1/1483 1649/1/1508
f 1671/1/1534 1626/1/1484 1649/1/1508
f 1670/1/1533 1624/1/1482 1650/1/1509
f 1613/1/1469 1651/1/1510 1629/1/1487
f 1652/1/1511 1613/1/1469 1629/1/1487
f 1653/1/1512 1651/1/1510 1631/1/1489
f 1654/1/1513 1672/1/1535 1632/1/1490
f 1604/1/1460 1651/1/1510 1673/1/1536
f 1575/1/1432 1655/1/1514 1674/1/1537
f 1607/1/1463 1656/1/1515 1655/1/1514
f 1656/1/1515 1575/1/1432 1674/1/1537
f 1656/1/1515 1657/1/1516 1606/1/1462
f 1605/1/1461 1657/1/1516 1610/1/1466
f 1658/1/1538 1675/1/1539 1676/1/1539
f 1610/1/1466 1659/1/1518 1605/1/1461
f 1607/1/1463 1609/1/1465 1657/1/1516
f 1635/1/1521 1660/1/1522 1636/1/1493
f 1660/1/1522 1677/1/1540 1612/1/1468
f 1612/1/1468 1678/1/1541 1654/1/1513
f 1679/1/1542 1661/1/1523 1613/1/1469
f 1680/1/1543 1637/1/1494 1661/1/1523
f 1662/1/1524 1663/1/1544 1584/1/1470
f 1681/1/1545 1662/1/1524 1637/1/1494
f 1638/1/1495 1682/1/1546 1639/1/1496
f 1663/1/1544 1682/1/1546 1638/1/1495
f 1639/1/1496 1683/1/1547 1664/1/1529
f 1641/1/1497 1640/1/1526 1684/1/1526
f 1685/1/1548 1643/1/1500 1642/1/1499
f 1665/1/1527 1643/1/1500 1685/1/1548
f 1665/1/1527 1666/1/1528 1593/1/1450
f 1686/1/1549 1644/1/1501 1666/1/1528
f 1664/1/1529 1687/1/1550 1646/1/1504
f 1688/1/1551 1647/1/1505 1646/1/1504
f 1689/1/1552 1667/1/1530 1647/1/1505
f 1667/1/1530 1668/1/1531 1622/1/1481
f 1642/1/1499 1668/1/1531 1685/1/1548
f 1684/1/1526 1640/1/1526 1645/1/1502
f 1690/1/1553 1648/1/1507 1669/1/1532
f 1691/1/1554 1669/1/1532 1644/1/1501
f 1692/1/1555 1625/1/1483 1670/1/1533
f 1693/1/1556 1649/1/1508 1625/1/1483
f 1671/1/1534 1694/1/1557 1626/1/1484
f 1671/1/1534 1649/1/1508 1693/1/1556
f 1695/1/1558 1670/1/1533 1650/1/1509
f 1679/1/1542 1613/1/1469 1652/1/1511
f 1673/1/1536 1651/1/1510 1653/1/1512
f 1654/1/1513 1696/1/1559 1672/1/1535
f 1655/1/1514 1656/1/1515 1674/1/1537
f 1607/1/1463 1657/1/1516 1656/1/1515
f 1635/1/1521 1697/1/1560 1660/1/1522
f 1612/1/1468 1677/1/1540 1678/1/1541
f 1660/1/1522 1698/1/1561 1677/1/1540
f 1696/1/1559 1654/1/1513 1678/1/1541
f 1680/1/1543 1661/1/1523 1679/1/1542
f 1681/1/1545 1637/1/1494 1680/1/1543
f 1662/1/1524 1699/1/1562 1663/1/1544
f 1681/1/1545 1700/1/1563 1662/1/1524
f 1682/1/1546 1701/1/1564 1639/1/1496
f 1663/1/1544 1699/1/1562 1682/1/1546
f 1701/1/1564 1683/1/1547 1639/1/1496
f 1683/1/1547 1687/1/1550 1664/1/1529
f 1702/1/1565 1665/1/1527 1685/1/1548
f 1665/1/1527 1703/1/1566 1666/1/1528
f 1703/1/1566 1686/1/1549 1666/1/1528
f 1704/1/1567 1644/1/1501 1686/1/1549
f 1687/1/1550 1705/1/1568 1646/1/1504
f 1705/1/1568 1688/1/1551 1646/1/1504
f 1688/1/1551 1706/1/1569 1647/1/1505
f 1706/1/1569 1689/1/1552 1647/1/1505
f 1667/1/1530 1689/1/1552 1707/1/1570
f 1668/1/1531 1667/1/1530 1707/1/1570
f 1708/1/1571 1685/1/1548 1668/1/1531
f 1709/1/1572 1690/1/1553 1669/1/1532
f 1709/1/1572 1669/1/1532 1691/1/1554
f 1691/1/1554 1644/1/1501 1704/1/1567
f 1710/1/1573 1692/1/1555 1670/1/1533
f 1693/1/1556 1625/1/1483 1692/1/1555
f 1671/1/1534 1711/1/1574 1694/1/1557
f 1712/1/1575 1671/1/1534 1693/1/1556
f 1713/1/1576 1670/1/1533 1695/1/1558
f 1696/1/1559 1714/1/1577 1672/1/1535
f 1677/1/1540 1715/1/1578 1678/1/1541
f 1716/1/1579 1698/1/1561 1660/1/1522
f 1698/1/1561 1717/1/1580 1677/1/1540
f 1715/1/1578 1696/1/1559 1678/1/1541
f 1718/1/1581 1680/1/1543 1679/1/1542
f 1719/1/1582 1681/1/1545 1680/1/1543
f 1662/1/1524 1720/1/1583 1699/1/1562
f 1700/1/1563 1720/1/1583 1662/1/1524
f 1721/1/1584 1700/1/1563 1681/1/1545
f 1699/1/1562 1701/1/1564 1682/1/1546
f 1722/1/1585 1683/1/1547 1701/1/1564
f 1683/1/1547 1723/1/1586 1687/1/1550
f 1702/1/1565 1685/1/1548 1708/1/1571
f 1724/1/1587 1665/1/1527 1702/1/1565
f 1725/1/1588 1703/1/1566 1665/1/1527
f 1703/1/1566 1726/1/1589 1686/1/1549
f 1727/1/1590 1704/1/1567 1686/1/1549
f 1723/1/1586 1705/1/1568 1687/1/1550
f 1705/1/1568 1728/1/1591 1688/1/1551
f 1728/1/1591 1706/1/1569 1688/1/1551
f 1689/1/1552 1706/1/1569 1729/1/1592
f 1707/1/1570 1689/1/1552 1729/1/1592
f 1668/1/1531 1707/1/1570 1730/1/1593
f 1708/1/1571 1668/1/1531 1731/1/1594
f 1732/1/1595 1690/1/1553 1709/1/1572
f 1709/1/1572 1691/1/1554 1733/1/1596
f 1733/1/1596 1691/1/1554 1704/1/1567
f 1710/1/1573 1670/1/1533 1713/1/1576
f 1710/1/1573 1693/1/1556 1692/1/1555
f 1734/1/1597 1711/1/1574 1671/1/1534
f 1712/1/1575 1693/1/1556 1735/1/1598
f 1734/1/1597 1671/1/1534 1712/1/1575
f 1736/1/1599 1713/1/1576 1695/1/1558
f 1696/1/1559 1737/1/1600 1714/1/1577
f 1717/1/1580 1715/1/1578 1677/1/1540
f 1738/1/1601 1698/1/1561 1716/1/1579
f 1698/1/1561 1739/1/1602 1717/1/1580
f 1737/1/1600 1696/1/1559 1715/1/1578
f 1719/1/1582 1680/1/1543 1718/1/1581
f 1740/1/1603 1681/1/1545 1719/1/1582
f 1720/1/1583 1741/1/1604 1699/1/1562
f 1700/1/1563 1742/1/1605 1720/1/1583
f 1743/1/1606 1721/1/1584 1681/1/1545
f 1721/1/1584 1742/1/1605 1700/1/1563
f 1741/1/1604 1701/1/1564 1699/1/1562
f 1722/1/1585 1701/1/1564 1741/1/1604
f 1722/1/1585 1723/1/1586 1683/1/1547
f 1744/1/1607 1702/1/1565 1708/1/1571
f 1744/1/1607 1724/1/1587 1702/1/1565
f 1724/1/1587 1725/1/1588 1665/1/1527
f 1746/1/1608 1703/1/1566 1725/1/1588
f 1745/1/1609 1726/1/1589 1703/1/1566
f 1726/1/1589 1747/1/1610 1686/1/1549
f 1748/1/1611 1727/1/1590 1686/1/1549
f 1749/1/1612 1704/1/1567 1727/1/1590
f 1723/1/1586 1750/1/1613 1705/1/1568
f 1705/1/1568 1751/1/1614 1728/1/1591
f 1728/1/1591 1752/1/1615 1706/1/1569
f 1729/1/1592 1706/1/1569 1752/1/1615
f 1731/1/1594 1668/1/1531 1730/1/1593
f 1753/1/1616 1708/1/1571 1731/1/1594
f 1754/1/1617 1732/1/1595 1709/1/1572
f 1754/1/1617 1709/1/1572 1733/1/1596
f 1733/1/1596 1704/1/1567 1749/1/1612
f 1755/1/1618 1710/1/1573 1713/1/1576
f 1735/1/1598 1693/1/1556 1710/1/1573
f 1756/1/1619 1712/1/1575 1735/1/1598
f 1734/1/1597 1712/1/1575 1757/1/1620
f 1755/1/1618 1713/1/1576 1736/1/1599
f 1736/1/1599 1695/1/1558 1758/1/1621
f 1759/1/1622 1714/1/1577 1737/1/1600
f 1739/1/1602 1715/1/1578 1717/1/1580
f 1739/1/1602 1698/1/1561 1738/1/1601
f 1738/1/1601 1716/1/1579 1760/1/1623
f 1737/1/1600 1715/1/1578 1761/1/1624
f 1762/1/1625 1719/1/1582 1718/1/1581
f 1740/1/1603 1719/1/1582 1763/1/1626
f 1740/1/1603 1743/1/1606 1681/1/1545
f 1764/1/1627 1741/1/1604 1720/1/1583
f 1742/1/1605 1765/1/1628 1720/1/1583
f 1766/1/1629 1721/1/1584 1743/1/1606
f 1768/1/1630 1722/1/1585 1741/1/1604
f 1722/1/1585 1769/1/1631 1723/1/1586
f 1744/1/1607 1708/1/1571 1753/1/1616
f 1724/1/1587 1744/1/1607 1770/1/1632
f 1771/1/1633 1725/1/1588 1724/1/1587
f 1771/1/1633 1745/1/1609 1725/1/1588
f 1726/1/1589 1745/1/1609 1772/1/1634
f 1773/1/1635 1727/1/1590 1748/1/1611
f 1774/1/1636 1749/1/1612 1727/1/1590
f 1723/1/1586 1769/1/1631 1750/1/1613
f 1750/1/1613 1751/1/1614 1705/1/1568
f 1732/1/1595 1754/1/1617 1775/1/1637
f 1754/1/1617 1733/1/1596 1776/1/1638
f 1733/1/1596 1749/1/1612 1774/1/1636
f 1756/1/1619 1710/1/1573 1755/1/1618
f 1756/1/1619 1735/1/1598 1710/1/1573
f 1757/1/1620 1712/1/1575 1756/1/1619
f 1734/1/1597 1757/1/1620 1777/1/1639
f 1778/1/1640 1755/1/1618 1736/1/1599
f 1779/1/1641 1736/1/1599 1758/1/1621
f 1759/1/1622 1737/1/1600 1761/1/1624
f 1714/1/1577 1759/1/1622 1780/1/1642
f 1739/1/1602 1761/1/1624 1715/1/1578
f 1739/1/1602 1738/1/1601 1781/1/1643
f 1760/1/1623 1716/1/1579 1782/1/1644
f 1738/1/1601 1760/1/1623 1783/1/1645
f 1763/1/1626 1719/1/1582 1762/1/1625
f 1784/1/1646 1740/1/1603 1763/1/1626
f 1784/1/1646 1743/1/1606 1740/1/1603
f 1764/1/1627 1768/1/1630 1741/1/1604
f 1785/1/1647 1764/1/1627 1720/1/1583
f 1785/1/1647 1720/1/1583 1765/1/1628
f 1787/1/1648 1766/1/1629 1743/1/1606
f 1788/1/1649 1721/1/1584 1766/1/1629
f 1789/1/1650 1767/1/1650 1721/1/1650
f 1768/1/1630 1790/1/1651 1722/1/1585
f 1722/1/1585 1791/1/1652 1769/1/1631
f 1792/1/1653 1744/1/1607 1753/1/1616
f 1770/1/1632 1771/1/1633 1724/1/1587
f 1770/1/1632 1744/1/1607 1793/1/1654
f 1794/1/1655 1745/1/1609 1771/1/1633
f 1772/1/1634 1745/1/1609 1795/1/1656
f 1727/1/1590 1773/1/1635 1774/1/1636
f 1773/1/1635 1748/1/1611 1796/1/1657
f 1769/1/1631 1797/1/1658 1750/1/1613
f 1797/1/1658 1751/1/1614 1750/1/1613
f 1775/1/1637 1754/1/1617 1776/1/1638
f 1798/1/1659 1732/1/1595 1775/1/1637
f 1776/1/1638 1733/1/1596 1774/1/1636
f 1799/1/1660 1756/1/1619 1755/1/1618
f 1800/1/1661 1757/1/1620 1756/1/1619
f 1777/1/1639 1757/1/1620 1801/1/1662
f 1778/1/1640 1736/1/1599 1779/1/1641
f 1799/1/1660 1755/1/1618 1778/1/1640
f 1759/1/1622 1761/1/1624 1802/1/1663
f 1780/1/1642 1759/1/1622 1803/1/1664
f 1761/1/1624 1739/1/1602 1781/1/1643
f 1738/1/1601 1783/1/1645 1781/1/1643
f 1760/1/1623 1782/1/1644 1804/1/1665
f 1783/1/1645 1760/1/1623 1805/1/1666
f 1763/1/1626 1762/1/1625 1806/1/1667
f 1807/1/1668 1784/1/1646 1763/1/1626
f 1784/1/1646 1787/1/1648 1743/1/1606
f 1808/1/1669 1768/1/1630 1764/1/1627
f 1808/1/1669 1764/1/1627 1785/1/1647
f 1810/1/1670 1785/1/1647 1765/1/1628
f 1811/1/1671 1766/1/1629 1787/1/1648
f 1812/1/1672 1788/1/1649 1766/1/1629
f 1814/1/1673 1790/1/1651 1768/1/1630
f 1790/1/1651 1791/1/1652 1722/1/1585
f 1793/1/1654 1744/1/1607 1792/1/1653
f 1770/1/1632 1815/1/1674 1771/1/1633
f 1770/1/1632 1793/1/1654 1816/1/1675
f 1794/1/1655 1771/1/1633 1817/1/1676
f 1795/1/1656 1745/1/1609 1794/1/1655
f 1772/1/1634 1795/1/1656 1818/1/1677
f 1774/1/1636 1773/1/1635 1819/1/1678
f 1820/1/1679 1796/1/1657 1748/1/1611
f 1773/1/1635 1796/1/1657 1819/1/1678
f 1775/1/1637 1776/1/1638 1821/1/1680
f 1798/1/1659 1775/1/1637 1821/1/1680
f 1774/1/1636 1822/1/1681 1776/1/1638
f 1823/1/1682 1756/1/1619 1799/1/1660
f 1801/1/1662 1757/1/1620 1800/1/1661
f 1800/1/1661 1756/1/1619 1823/1/1682
f 1822/1/1681 1778/1/1640 1779/1/1641
f 1799/1/1660 1778/1/1640 1822/1/1681
f 1802/1/1663 1761/1/1624 1824/1/1683
f 1759/1/1622 1802/1/1663 1803/1/1664
f 1761/1/1624 1781/1/1643 1824/1/1683
f 1781/1/1643 1783/1/1645 1825/1/1684
f 1826/1/1685 1760/1/1623 1804/1/1665
f 1805/1/1666 1760/1/1623 1826/1/1685
f 1783/1/1645 1805/1/1666 1827/1/1686
f 1807/1/1668 1763/1/1626 1806/1/1667
f 1828/1/1687 1806/1/1667 1762/1/1625
f 1807/1/1668 1811/1/1671 1784/1/1646
f 1784/1/1646 1811/1/1671 1787/1/1648
f 1808/1/1669 1814/1/1673 1768/1/1630
f 1808/1/1669 1785/1/1647 1829/1/1688
f 1809/1/1689 1786/1/1690 1813/1/1691
f 1810/1/1670 1765/1/1628 1809/1/1689
f 1829/1/1688 1785/1/1647 1810/1/1670
f 1812/1/1672 1766/1/1629 1811/1/1671
f 1830/1/1692 1788/1/1649 1812/1/1672
f 1793/1/1654 1792/1/1653 1831/1/1693
f 1832/1/1694 1815/1/1674 1770/1/1632
f 1817/1/1676 1771/1/1633 1815/1/1674
f 1816/1/1675 1832/1/1694 1770/1/1632
f 1833/1/1695 1816/1/1675 1793/1/1654
f 1810/1/1670 1794/1/1655 1817/1/1676
f 1809/1/1689 1795/1/1656 1794/1/1655
f 1818/1/1677 1795/1/1656 1809/1/1689
f 1774/1/1636 1819/1/1678 1834/1/1696
f 1835/1/1697 1796/1/1657 1820/1/1679
f 1796/1/1657 1800/1/1661 1819/1/1678
f 1776/1/1638 1822/1/1681 1821/1/1680
f 1774/1/1636 1834/1/1696 1822/1/1681
f 1819/1/1678 1823/1/1682 1799/1/1660
f 1801/1/1662 1800/1/1661 1796/1/1657
f 1819/1/1678 1800/1/1661 1823/1/1682
f 1822/1/1681 1779/1/1641 1821/1/1680
f 1799/1/1660 1822/1/1681 1834/1/1696
f 1802/1/1663 1824/1/1683 1836/1/1698
f 1824/1/1683 1781/1/1643 1825/1/1684
f 1783/1/1645 1827/1/1686 1825/1/1684
f 1826/1/1685 1837/1/1699 1805/1/1666
f 1827/1/1686 1805/1/1666 1838/1/1700
f 1839/1/1701 1807/1/1668 1806/1/1667
f 1811/1/1671 1807/1/1668 1840/1/1702
f 1841/1/1703 1814/1/1673 1808/1/1669
f 1842/1/1704 1808/1/1669 1829/1/1688
f 1818/1/1677 1809/1/1689 1813/1/1691
f 1810/1/1670 1809/1/1689 1794/1/1655
f 1829/1/1688 1810/1/1670 1843/1/1705
f 1844/1/1706 1812/1/1672 1811/1/1671
f 1845/1/1707 1788/1/1649 1830/1/1692
f 1844/1/1706 1830/1/1692 1812/1/1672
f 1793/1/1654 1831/1/1693 1846/1/1708
f 1817/1/1676 1815/1/1674 1832/1/1694
f 1817/1/1676 1832/1/1694 1816/1/1675
f 1833/1/1695 1793/1/1654 1847/1/1709
f 1848/1/1710 1816/1/1675 1833/1/1695
f 1843/1/1705 1810/1/1670 1817/1/1676
f 1819/1/1678 1799/1/1660 1834/1/1696
f 1801/1/1662 1796/1/1657 1835/1/1697
f 1824/1/1683 1849/1/1711 1836/1/1698
f 1824/1/1683 1825/1/1684 1849/1/1711
f 1825/1/1684 1827/1/1686 1838/1/1700
f 1805/1/1666 1837/1/1699 1838/1/1700
f 1850/1/1712 1837/1/1699 1826/1/1685
f 1839/1/1701 1806/1/1667 1851/1/1713
f 1839/1/1701 1840/1/1702 1807/1/1668
f 1811/1/1671 1840/1/1702 1852/1/1714
f 1842/1/1704 1841/1/1703 1808/1/1669
f 1842/1/1704 1829/1/1688 1853/1/1715
f 1854/1/1716 1829/1/1688 1843/1/1705
f 1852/1/1714 1844/1/1706 1811/1/1671
f 1845/1/1707 1830/1/1692 1855/1/1717
f 1856/1/1718 1830/1/1692 1844/1/1706
f 1857/1/1719 1846/1/1720 1858/1/1719
f 1847/1/1709 1793/1/1654 1846/1/1708
f 1817/1/1676 1816/1/1675 1848/1/1710
f 1842/1/1704 1833/1/1695 1847/1/1709
f 1853/1/1715 1848/1/1710 1833/1/1695
f 1854/1/1716 1843/1/1705 1817/1/1676
f 1836/1/1698 1849/1/1711 1859/1/1721
f 1849/1/1711 1825/1/1684 1860/1/1722
f 1825/1/1684 1838/1/1700 1860/1/1722
f 1838/1/1700 1837/1/1699 1856/1/1718
f 1861/1/1723 1837/1/1699 1850/1/1712
f 1862/1/1724 1839/1/1701 1851/1/1713
f 1862/1/1724 1840/1/1702 1839/1/1701
f 1863/1/1725 1852/1/1714 1840/1/1702
f 1864/1/1726 1841/1/1703 1842/1/1704
f 1853/1/1715 1829/1/1688 1854/1/1716
f 1842/1/1704 1853/1/1715 1833/1/1695
f 1863/1/1725 1844/1/1706 1852/1/1714
f 1855/1/1717 1830/1/1692 1861/1/1723
f 1865/1/1727 1856/1/1718 1844/1/1706
f 1861/1/1723 1830/1/1692 1856/1/1718
f 1817/1/1676 1848/1/1710 1853/1/1715
f 1866/1/1728 1842/1/1704 1847/1/1709
f 1817/1/1676 1853/1/1715 1854/1/1716
f 1849/1/1711 1860/1/1722 1859/1/1721
f 1836/1/1698 1859/1/1721 1867/1/1729
f 1860/1/1722 1838/1/1700 1863/1/1725
f 1861/1/1723 1856/1/1718 1837/1/1699
f 1838/1/1700 1856/1/1718 1865/1/1727
f 1862/1/1724 1868/1/1730 1840/1/1702
f 1863/1/1725 1840/1/1702 1868/1/1730
f 1866/1/1728 1864/1/1726 1842/1/1704
f 1863/1/1725 1865/1/1727 1844/1/1706
f 1859/1/1721 1860/1/1722 1868/1/1730
f 1867/1/1729 1859/1/1721 1862/1/1724
f 1838/1/1700 1865/1/1727 1863/1/1725
f 1860/1/1722 1863/1/1725 1868/1/1730
f 1859/1/1721 1868/1/1730 1862/1/1724
f 1866/1/1731 1869/1/1732 1870/1/1732
f 2341/1/2186 2342/1/2187 2343/1/2188
f 2344/1/2189 2342/1/2187 2341/1/2186
f 2342/1/2187 2345/1/2190 2343/1/2188
f 2346/1/2191 2341/1/2186 2343/1/2188
f 2344/1/2189 2341/1/2186 2347/1/2192
f 2344/1/2189 2348/1/2193 2342/1/2187
f 2342/1/2187 2349/1/2194 2345/1/2190
f 2350/1/2195 2343/1/2188 2345/1/2190
f 2351/1/2196 2341/1/2186 2346/1/2191
f 2352/1/2197 2346/1/2191 2343/1/2188
f 2351/1/2196 2347/1/2192 2341/1/2186
f 2344/1/2189 2347/1/2192 2351/1/2196
f 2353/1/2198 2348/1/2193 2344/1/2189
f 2354/1/2199 2342/1/2187 2348/1/2193
f 2345/1/2190 2349/1/2194 2355/1/2200
f 2354/1/2199 2349/1/2194 2342/1/2187
f 2350/1/2195 2345/1/2190 2356/1/2201
f 2350/1/2195 2352/1/2197 2343/1/2188
f 2351/1/2196 2346/1/2191 2352/1/2197
f 2357/1/2202 2344/1/2189 2351/1/2196
f 2358/1/2203 2353/1/2198 2344/1/2189
f 2359/1/2204 2348/1/2193 2353/1/2198
f 2354/1/2199 2348/1/2193 2360/1/2205
f 2361/1/2206 2355/1/2200 2349/1/2194
f 2345/1/2190 2355/1/2200 2362/1/2207
f 2363/1/2208 2349/1/2194 2354/1/2199
f 2356/1/2201 2345/1/2190 2364/1/2209
f 2350/1/2195 2356/1/2201 2365/1/2210
f 2350/1/2195 2351/1/2196 2352/1/2197
f 2357/1/2202 2351/1/2196 2366/1/2211
f 2367/1/2212 2344/1/2189 2357/1/2202
f 2367/1/2212 2358/1/2203 2344/1/2189
f 2358/1/2203 2368/1/2213 2353/1/2198
f 2369/1/2214 2370/1/2214 2371/1/2214
f 2372/1/2215 2348/1/2193 2359/1/2204
f 2372/1/2215 2360/1/2205 2348/1/2193
f 2354/1/2199 2360/1/2205 2373/1/2216
f 2363/1/2208 2361/1/2206 2349/1/2194
f 2374/1/2217 2375/1/2217 2376/1/2217
f 2362/1/2207 2355/1/2200 2377/1/2218
f 2378/1/2219 2379/1/2219 2380/1/2219
f 2364/1/2209 2345/1/2190 2381/1/2220
f 2365/1/2210 2356/1/2201 2364/1/2209
f 2357/1/2202 2350/1/2195 2365/1/2210
f 2366/1/2211 2351/1/2196 2350/1/2195
f 2357/1/2202 2366/1/2211 2350/1/2195
f 2382/1/1760 2367/1/2212 2357/1/2202
f 2383/1/2221 2358/1/2203 2367/1/2212
f 2359/1/2204 2368/1/2213 2358/1/2203
f 2372/1/2215 2359/1/2204 2384/1/2222
f 2385/1/2223 2360/1/2205 2372/1/2215
f 2360/1/2205 2386/1/2224 2373/1/2216
f 2387/1/2225 2361/1/2206 2363/1/2208
f 2387/1/2225 2388/1/2226 2361/1/2206
f 2355/1/2200 2388/1/2226 2389/1/2227
f 2377/1/2218 2355/1/2200 2390/1/2228
f 2362/1/2207 2377/1/2218 2391/1/2229
f 2364/1/2209 2392/1/2230 2362/1/2207
f 2365/1/2210 2364/1/2209 2393/1/2231
f 2382/1/1760 2357/1/2202 2365/1/2210
f 2382/1/1760 2394/1/2232 2367/1/2212
f 2394/1/2232 2383/1/2221 2367/1/2212
f 2383/1/2221 2359/1/2204 2358/1/2203
f 2384/1/2222 2359/1/2204 2395/1/2233
f 2396/1/2234 2372/1/2215 2384/1/2222
f 2360/1/2205 2385/1/2223 2386/1/2224
f 2397/1/2235 2385/1/2223 2372/1/2215
f 2398/1/2236 2388/1/2226 2387/1/2225
f 2389/1/2227 2388/1/2226 2399/1/2237
f 2400/1/2238 2355/1/2200 2389/1/2227
f 2390/1/2228 2355/1/2200 2400/1/2238
f 2377/1/2218 2390/1/2228 2401/1/2239
f 2402/1/2240 2362/1/2207 2391/1/2229
f 2391/1/2229 2377/1/2218 2403/1/2241
f 2364/1/2209 2362/1/2207 2393/1/2231
f 2365/1/2210 2393/1/2231 2404/1/2242
f 2405/1/2243 2394/1/2232 2382/1/1760
f 2394/1/2232 2406/1/2244 2383/1/2221
f 2406/1/2244 2359/1/2204 2383/1/2221
f 2406/1/2244 2395/1/2233 2359/1/2204
f 2384/1/2222 2395/1/2233 2406/1/2244
f 2407/1/2245 2372/1/2215 2396/1/2234
f 2396/1/2234 2384/1/2222 2406/1/2244
f 2385/1/2223 2408/1/2246 2386/1/2224
f 2409/1/2247 2385/1/2223 2397/1/2235
f 2398/1/2236 2410/1/2248 2388/1/2226
f 2399/1/2237 2388/1/2226 2410/1/2248
f 2411/1/2249 2389/1/2227 2399/1/2237
f 2400/1/2238 2389/1/2227 2411/1/2249
f 2412/1/2250 2390/1/2228 2400/1/2238
f 2401/1/2239 2390/1/2228 2413/1/2251
f 2403/1/2241 2377/1/2218 2401/1/2239
f 2402/1/2240 2391/1/2229 2403/1/2241
f 2393/1/2231 2362/1/2207 2402/1/2240
f 2393/1/2231 2402/1/2240 2404/1/2242
f 2365/1/2210 2404/1/2242 2414/1/1760
f 2405/1/2243 2415/1/2252 2394/1/2232
f 2416/1/2253 2406/1/2244 2394/1/2232
f 2417/1/2254 2418/1/2254 2419/1/2254
f 2416/1/2253 2407/1/2245 2396/1/2234
f 2416/1/2253 2396/1/2234 2406/1/2244
f 2420/1/2255 2408/1/2246 2385/1/2223
f 2386/1/2224 2408/1/2246 2421/1/2256
f 2420/1/2255 2385/1/2223 2409/1/2247
f 2409/1/2247 2397/1/2235 2407/1/2245
f 2407/1/2245 2397/1/2235 2422/1/2257
f 2423/1/2258 2410/1/2248 2398/1/2236
f 2399/1/2237 2410/1/2248 2424/1/2259
f 2411/1/2249 2399/1/2237 2425/1/2260
f 2414/1/1760 2400/1/2238 2411/1/2249
f 2414/1/1760 2412/1/2250 2400/1/2238
f 2426/1/2261 2427/1/2261 2428/1/2261
f 2403/1/2241 2401/1/2239 2413/1/2251
f 2402/1/2240 2403/1/2241 2412/1/2250
f 2404/1/2242 2402/1/2240 2412/1/2250
f 2404/1/2242 2412/1/2250 2414/1/1760
f 2415/1/2252 2416/1/2253 2394/1/2232
f 2429/1/2262 2415/1/2252 2405/1/2243
f 2430/1/2263 2407/1/2245 2416/1/2253
f 2431/1/1760 2408/1/2246 2420/1/2255
f 2432/1/2264 2433/1/2264 2434/1/2264
f 2435/1/2265 2436/1/2265 2437/1/2265
f 2430/1/2263 2409/1/2247 2407/1/2245
f 2423/1/2258 2438/1/2266 2410/1/2248
f 2410/1/2248 2438/1/2266 2424/1/2259
f 2399/1/2237 2424/1/2259 2439/1/2267
f 2399/1/2237 2440/1/2268 2425/1/2260
f 2411/1/2249 2425/1/2260 2441/1/2269
f 2414/1/1760 2411/1/2249 2442/1/1760
f 2443/1/2270 2444/1/2270 2445/1/2270
f 2429/1/2262 2416/1/2253 2415/1/2252
f 2431/1/1760 2429/1/2262 2405/1/2243
f 2429/1/2262 2430/1/2263 2416/1/2253
f 2431/1/1760 2420/1/2255 2446/1/2271
f 2446/1/2271 2447/1/2272 2409/1/2247
f 2448/1/2273 2449/1/2273 2450/1/2273
f 2429/1/2262 2409/1/2247 2430/1/2263
f 2451/1/2274 2438/1/2266 2423/1/2258
f 2452/1/2275 2424/1/2259 2438/1/2266
f 2439/1/2267 2424/1/2259 2453/1/2276
f 2399/1/2237 2439/1/2267 2440/1/2268
f 2425/1/2260 2440/1/2268 2439/1/2267
f 2454/1/2277 2455/1/2277 2456/1/2277
f 2457/1/2278 2458/1/2278 2459/1/2278
f 2411/1/2249 2460/1/1760 2442/1/1760
f 2431/1/1760 2446/1/2271 2429/1/2262
f 2429/1/2262 2446/1/2271 2409/1/2247
f 2451/1/2274 2423/1/2258 2461/1/2279
f 2452/1/2275 2438/1/2266 2451/1/2274
f 2452/1/2275 2453/1/2276 2424/1/2259
f 2462/1/2280 2439/1/2267 2453/1/2276
f 2425/1/2260 2439/1/2267 2462/1/2280
f 2463/1/1760 2425/1/2260 2464/1/2281
f 2465/1/2282 2466/1/2282 2467/1/2282
f 2460/1/1760 2468/1/2283 2442/1/1760
f 2470/1/2284 2452/1/2275 2451/1/2274
f 2471/1/2285 2453/1/2276 2452/1/2275
f 2472/1/2286 2462/1/2280 2453/1/2276
f 2425/1/2260 2462/1/2280 2464/1/2281
f 2463/1/1760 2464/1/2281 2460/1/1760
f 2460/1/1760 2474/1/2287 2468/1/2283
f 2469/1/2288 2475/1/2289 2451/1/2274
f 2468/1/2283 2452/1/2275 2470/1/2284
f 2473/1/2290 2470/1/2284 2451/1/2274
f 2468/1/2283 2471/1/2285 2452/1/2275
f 2472/1/2286 2453/1/2276 2471/1/2285
f 2464/1/2281 2462/1/2280 2472/1/2286
f 2460/1/1760 2464/1/2281 2474/1/2287
f 2442/1/2291 2473/1/2290 2451/1/2274
f 2474/1/2287 2472/1/2286 2468/1/2283
f 2442/1/2291 2451/1/2274 2475/1/2289
f 2468/1/2283 2472/1/2286 2471/1/2285
f 2474/1/2287 2464/1/2281 2472/1/2286
f 2476/1/2292 2477/1/2293 2478/1/2294
f 2479/1/2295 2477/1/2293 2476/1/2292
f 2477/1/2293 2480/1/2296 2478/1/2294
f 2481/1/2297 2479/1/2295 2476/1/2292
f 2478/1/2294 2480/1/2296 2482/1/2298
f 2481/1/2297 2476/1/2292 2483/1/2299
f 2480/1/2296 2484/1/2300 2482/1/2298
f 2485/1/2301 2481/1/2297 2483/1/2299
f 2480/1/2296 2486/1/2302 2484/1/2300
f 2487/1/2303 2481/1/2297 2485/1/2301
f 2486/1/2302 2488/1/2304 2484/1/2300
f 2489/1/2305 2487/1/2303 2485/1/2301
f 2486/1/2302 2490/1/2306 2488/1/2304
f 2489/1/2305 2485/1/2301 2491/1/2307
f 2492/1/2308 2490/1/2306 2486/1/2302
f 2493/1/2309 2489/1/2305 2491/1/2307
f 2492/1/2308 2494/1/2310 2490/1/2306
f 2493/1/2309 2491/1/2307 2495/1/2311
f 2496/1/2312 2494/1/2310 2492/1/2308
f 2497/1/1760 2493/1/2309 2495/1/2311
f 2496/1/2312 2498/1/2313 2494/1/2310
f 2499/1/1760 2493/1/2309 2497/1/1760
f 2497/1/1760 2495/1/2311 2500/1/1760
f 2501/1/2314 2498/1/2313 2496/1/2312
f 2499/1/1760 2502/1/1760 2493/1/2309
f 2497/1/1760 2500/1/1760 2503/1/1760
f 2501/1/2314 2496/1/2312 2504/1/2315
f 2505/1/2316 2502/1/1760 2499/1/1760
f 2500/1/1760 2506/1/1760 2503/1/1760
f 2497/1/1760 2503/1/1760 2507/1/1760
f 2508/1/2317 2501/1/2314 2504/1/2315
f 2509/1/1760 2505/1/2316 2499/1/1760
f 2506/1/1760 2510/1/1760 2503/1/1760
f 2508/1/2317 2511/1/2318 2501/1/2314
f 2512/1/1760 2505/1/2316 2513/1/1760
f 2503/1/1760 2510/1/1760 2514/1/1760
f 2515/1/2319 2511/1/2318 2508/1/2317
f 2512/1/1760 2516/1/2320 2505/1/2316
f 2503/1/1760 2514/1/1760 2517/1/1760
f 2515/1/2319 2508/1/2317 2518/1/2321
f 2516/1/2320 2519/1/2322 2505/1/2316
f 2512/1/1760 2520/1/1760 2516/1/2320
f 2514/1/1760 2521/1/1760 2517/1/1760
f 2503/1/1760 2517/1/1760 2522/1/1760
f 2523/1/2323 2515/1/2319 2518/1/2321
f 2505/1/2316 2519/1/2322 2524/1/2324
f 2512/1/1760 2525/1/1760 2520/1/1760
f 2521/1/1760 2526/1/2325 2517/1/1760
f 2522/1/1760 2517/1/1760 2527/1/1760
f 2523/1/2323 2518/1/2321 2528/1/2326
f 2519/1/2322 2529/1/2327 2524/1/2324
f 2530/1/1760 2525/1/1760 2512/1/1760
f 2525/1/1760 2531/1/1760 2520/1/1760
f 2517/1/1760 2526/1/2325 2532/1/2328
f 2533/1/2329 2523/1/2323 2528/1/2326
f 2524/1/2324 2529/1/2327 2533/1/2329
f 2525/1/1760 2534/1/1760 2531/1/1760
f 2526/1/2325 2535/1/2330 2532/1/2328
f 2517/1/1760 2532/1/2328 2536/1/1760
f 2529/1/2327 2523/1/2323 2533/1/2329
f 2525/1/1760 2537/1/1760 2534/1/1760
f 2536/1/1760 2532/1/2328 2538/1/1760
f 2537/1/1760 2539/1/1760 2534/1/1760
f 2532/1/2328 2540/1/2331 2538/1/1760
f 2537/1/1760 2541/1/1760 2539/1/1760
f 2532/1/2328 2542/1/2332 2540/1/2331
f 2540/1/2331 2543/1/1760 2538/1/1760
f 2537/1/1760 2544/1/1760 2541/1/1760
f 2539/1/1760 2541/1/1760 2545/1/1760
f 2542/1/2332 2546/1/2333 2540/1/2331
f 2540/1/2331 2547/1/1760 2543/1/1760
f 2544/1/1760 2548/1/1760 2541/1/1760
f 2545/1/1760 2541/1/1760 2549/1/2334
f 2542/1/2332 2550/1/2335 2546/1/2333
f 2547/1/1760 2551/1/1760 2543/1/1760
f 2541/1/1760 2552/1/1760 2549/1/2334
f 2542/1/2332 2553/1/2336 2550/1/2335
f 2547/1/1760 2554/1/2337 2551/1/1760
f 2552/1/1760 2555/1/2338 2549/1/2334
f 2553/1/2336 2556/1/2339 2550/1/2335
f 2551/1/1760 2554/1/2337 2557/1/1760
f 2552/1/1760 2558/1/1760 2555/1/2338
f 2549/1/2334 2555/1/2338 2559/1/2340
f 2553/1/2336 2560/1/2341 2556/1/2339
f 2554/1/2337 2561/1/2342 2557/1/1760
f 2555/1/2338 2558/1/1760 2562/1/1760
f 2555/1/2338 2563/1/2343 2559/1/2340
f 2560/1/2341 2564/1/2344 2556/1/2339
f 2554/1/2337 2565/1/2345 2561/1/2342
f 2561/1/2342 2566/1/1760 2557/1/1760
f 2558/1/1760 2567/1/1760 2562/1/1760
f 2559/1/2340 2563/1/2343 2568/1/2346
f 2560/1/2341 2569/1/2347 2564/1/2344
f 2570/1/2348 2565/1/2345 2554/1/2337
f 2557/1/1760 2566/1/1760 2571/1/1760
f 2567/1/1760 2572/1/1760 2562/1/1760
f 2563/1/2343 2573/1/2349 2568/1/2346
f 2560/1/2341 2574/1/2350 2569/1/2347
f 2575/1/2351 2565/1/2345 2570/1/2348
f 2566/1/1760 2576/1/1760 2571/1/1760
f 2562/1/1760 2572/1/1760 2577/1/2352
f 2568/1/2346 2573/1/2349 2578/1/2353
f 2574/1/2350 2579/1/2354 2569/1/2347
f 2575/1/2351 2580/1/2355 2565/1/2345
f 2566/1/1760 2581/1/1760 2576/1/1760
f 2572/1/1760 2582/1/2356 2577/1/2352
f 2568/1/2346 2578/1/2353 2583/1/2357
f 2579/1/2354 2584/1/2358 2569/1/2347
f 2585/1/2359 2580/1/2355 2575/1/2351
f 2581/1/1760 2586/1/1760 2576/1/1760
f 2572/1/1760 2587/1/1760 2582/1/2356
f 2577/1/2352 2582/1/2356 2588/1/2360
f 2583/1/2357 2578/1/2353 2589/1/2361
f 2579/1/2354 2590/1/2362 2584/1/2358
f 2591/1/2363 2580/1/2355 2585/1/2359
f 2576/1/1760 2586/1/1760 2592/1/1760
f 2582/1/2356 2587/1/1760 2593/1/1760
f 2577/1/2352 2588/1/2360 2594/1/2364
f 2578/1/2353 2595/1/2365 2589/1/2361
f 2590/1/2362 2596/1/2366 2584/1/2358
f 2591/1/2363 2597/1/2367 2580/1/2355
f 2586/1/1760 2598/1/1760 2592/1/1760
f 2587/1/1760 2599/1/1760 2593/1/1760
f 2594/1/2364 2588/1/2360 2600/1/2368
f 2589/1/2361 2595/1/2365 2601/1/2369
f 2596/1/2366 2602/1/2370 2584/1/2358
f 2590/1/2362 2603/1/2371 2596/1/2366
f 2604/1/2372 2597/1/2367 2591/1/2363
f 2592/1/1760 2598/1/1760 2605/1/1760
f 2587/1/1760 2606/1/1760 2599/1/1760
f 2588/1/2360 2607/1/2373 2600/1/2368
f 2595/1/2365 2608/1/2374 2601/1/2369
f 2596/1/2366 2609/1/2375 2602/1/2370
f 2603/1/2371 2609/1/2375 2596/1/2366
f 2610/1/2376 2604/1/2372 2591/1/2363
f 2598/1/1760 2611/1/2377 2605/1/1760
f 2606/1/1760 2612/1/1760 2599/1/1760
f 2587/1/1760 2613/1/1760 2606/1/1760
f 2600/1/2368 2607/1/2373 2614/1/2378
f 2601/1/2369 2608/1/2374 2615/1/2379
f 2609/1/2375 2616/1/2380 2602/1/2370
f 2610/1/2376 2617/1/2381 2604/1/2372
f 2598/1/1760 2618/1/1760 2611/1/2377
f 2605/1/1760 2611/1/2377 2619/1/1760
f 2606/1/1760 2620/1/1760 2612/1/1760
f 2600/1/2368 2614/1/2378 2621/1/2382
f 2608/1/2374 2622/1/2383 2615/1/2379
f 2609/1/2375 2623/1/2384 2616/1/2380
f 2617/1/2381 2624/1/2385 2604/1/2372
f 2616/1/2380 2617/1/2381 2610/1/2376
f 2618/1/1760 2625/1/1760 2611/1/2377
f 2620/1/1760 2626/1/1760 2612/1/1760
f 2621/1/2382 2614/1/2378 2627/1/2386
f 2608/1/2374 2628/1/2387 2622/1/2383
f 2616/1/2380 2623/1/2384 2617/1/2381
f 2629/1/2388 2624/1/2385 2617/1/2381
f 2630/1/2389 2611/1/2377 2625/1/1760
f 2612/1/1760 2626/1/1760 2631/1/1760
f 2614/1/2378 2632/1/2390 2627/1/2386
f 2622/1/2383 2628/1/2387 2633/1/2391
f 2623/1/2384 2629/1/2388 2617/1/2381
f 2630/1/2389 2634/1/2392 2611/1/2377
f 2631/1/1760 2626/1/1760 2635/1/1760
f 2627/1/2386 2632/1/2390 2636/1/2393
f 2628/1/2387 2637/1/2394 2633/1/2391
f 2638/1/2395 2634/1/2392 2630/1/2389
f 2634/1/2392 2639/1/1760 2611/1/2377
f 2626/1/1760 2640/1/1760 2635/1/1760
f 2631/1/1760 2635/1/1760 2641/1/1760
f 2627/1/2386 2636/1/2393 2642/1/2396
f 2637/1/2394 2643/1/2397 2633/1/2391
f 2638/1/2395 2644/1/2398 2634/1/2392
f 2634/1/2392 2645/1/2399 2639/1/1760
f 2611/1/2377 2639/1/1760 2646/1/1760
f 2641/1/1760 2635/1/1760 2647/1/2400
f 2642/1/2396 2636/1/2393 2648/1/2401
f 2637/1/2394 2649/1/2402 2643/1/2397
f 2650/1/2403 2644/1/2398 2638/1/2395
f 2645/1/2399 2651/1/2404 2639/1/1760
f 2646/1/1760 2639/1/1760 2652/1/1760
f 2635/1/1760 2653/1/1760 2647/1/2400
f 2648/1/2401 2636/1/2393 2654/1/2405
f 2637/1/2394 2655/1/2406 2649/1/2402
f 2656/1/2407 2650/1/2403 2638/1/2395
f 2651/1/2404 2657/1/2408 2639/1/1760
f 2647/1/2400 2653/1/1760 2658/1/2409
f 2648/1/2401 2654/1/2405 2659/1/2410
f 2648/1/2401 2649/1/2402 2655/1/2406
f 2660/1/2411 2650/1/2403 2656/1/2407
f 2661/1/2412 2657/1/2408 2651/1/2404
f 2657/1/2408 2662/1/1760 2639/1/1760
f 2658/1/2409 2653/1/1760 2663/1/1760
f 2664/1/2413 2647/1/2400 2658/1/2409
f 2648/1/2401 2659/1/2410 2649/1/2402
f 2660/1/2411 2665/1/2414 2650/1/2403
f 2661/1/2412 2666/1/2415 2657/1/2408
f 2662/1/1760 2667/1/1760 2639/1/1760
f 2653/1/1760 2668/1/1760 2663/1/1760
f 2669/1/2416 2647/1/2400 2664/1/2413
f 2670/1/2417 2665/1/2414 2660/1/2411
f 2671/1/2418 2666/1/2415 2661/1/2412
f 2672/1/1760 2667/1/1760 2662/1/1760
f 2639/1/1760 2667/1/1760 2673/1/1760
f 2663/1/1760 2668/1/1760 2674/1/1760
f 2675/1/2419 2669/1/2416 2664/1/2413
f 2670/1/2417 2676/1/2420 2665/1/2414
f 2671/1/2418 2677/1/2421 2666/1/2415
f 2678/1/1760 2667/1/1760 2672/1/1760
f 2663/1/1760 2674/1/1760 2679/1/1760
f 2675/1/2419 2664/1/2413 2680/1/2422
f 2681/1/2423 2676/1/2420 2670/1/2417
f 2682/1/2424 2677/1/2421 2671/1/2418
f 2678/1/1760 2683/1/1760 2667/1/1760
f 2663/1/1760 2679/1/1760 2684/1/2425
f 2685/1/2426 2675/1/2419 2680/1/2422
f 2686/1/2427 2681/1/2423 2670/1/2417
f 2687/1/2428 2682/1/2424 2671/1/2418
f 2688/1/1760 2683/1/1760 2678/1/1760
f 2684/1/2425 2679/1/1760 2689/1/2429
f 2685/1/2426 2680/1/2422 2690/1/2430
f 2691/1/2431 2681/1/2423 2686/1/2427
f 2692/1/2432 2682/1/2424 2687/1/2428
f 2693/1/1760 2683/1/1760 2688/1/1760
f 2689/1/2429 2679/1/1760 2694/1/1760
f 2695/1/2433 2684/1/2425 2689/1/2429
f 2696/1/2434 2685/1/2426 2690/1/2430
f 2697/1/2435 2691/1/2431 2686/1/2427
f 2692/1/2432 2698/1/2436 2682/1/2424
f 2694/1/1760 2683/1/1760 2693/1/1760
f 2689/1/2429 2694/1/1760 2693/1/1760
f 2699/1/2437 2684/1/2425 2695/1/2433
f 2700/1/2438 2685/1/2426 2696/1/2434
f 2697/1/2435 2701/1/2439 2691/1/2431
f 2702/1/2440 2698/1/2436 2692/1/2432
f 2694/1/1760 2703/1/1760 2683/1/1760
f 2704/1/2441 2699/1/2437 2695/1/2433
f 2700/1/2438 2696/1/2434 2705/1/2442
f 2701/1/2439 2706/1/2443 2691/1/2431
f 2707/1/2444 2701/1/2439 2697/1/2435
f 2708/1/2445 2698/1/2436 2702/1/2440
f 2709/1/2446 2699/1/2437 2704/1/2441
f 2710/1/2447 2700/1/2438 2705/1/2442
f 2707/1/2444 2711/1/2448 2701/1/2439
f 2712/1/2449 2708/1/2445 2702/1/2440
f 2713/1/2450 2709/1/2446 2704/1/2441
f 2710/1/2447 2705/1/2442 2714/1/2451
f 2711/1/2448 2715/1/2452 2701/1/2439
f 2712/1/2449 2702/1/2440 2716/1/2453
f 2713/1/2450 2704/1/2441 2717/1/2454
f 2718/1/2455 2710/1/2447 2714/1/2451
f 2711/1/2448 2719/1/2456 2715/1/2452
f 2720/1/2457 2712/1/2449 2716/1/2453
f 2721/1/2458 2713/1/2450 2717/1/2454
f 2722/1/2459 2718/1/2455 2714/1/2451
f 2711/1/2448 2723/1/2460 2719/1/2456
f 2723/1/2460 2720/1/2457 2716/1/2453
f 2721/1/2458 2717/1/2454 2724/1/2461
f 2722/1/2459 2714/1/2451 2725/1/2462
f 2723/1/2460 2716/1/2453 2719/1/2456
f 2726/1/2463 2721/1/2458 2724/1/2461
f 2727/1/2464 2722/1/2459 2725/1/2462
f 2728/1/2465 2721/1/2458 2726/1/2463
f 2727/1/2464 2725/1/2462 2729/1/2466
f 2730/1/2467 2728/1/2465 2726/1/2463
f 2727/1/2464 2729/1/2466 2731/1/2468
f 2732/1/2469 2728/1/2465 2730/1/2467
f 2731/1/2468 2729/1/2466 2733/1/2470
f 2732/1/2469 2730/1/2467 2734/1/2471
f 2733/1/2470 2729/1/2466 2732/1/2469
f 2733/1/2470 2732/1/2469 2734/1/2471
f 3440/1/1760 3441/1/1760 3442/1/1760
f 3453/1/3072 3454/1/3073 3455/1/3074
f 3454/1/3073 3456/1/3075 3455/1/3074
f 3457/1/1760 3458/1/1760 3459/1/1760
f 3466/1/3078 3467/1/3078 3468/1/3078
usemtl Color_M03
f 308/1/306 310/1/307 307/1/308
f 308/1/306 313/1/309 310/1/307
f 312/1/310 315/1/311 309/1/312
f 314/1/313 311/1/313 318/1/313
f 309/1/312 315/1/311 316/1/314
f 313/1/315 320/1/315 317/1/315
f 315/1/311 323/1/316 316/1/314
f 318/1/317 324/1/318 321/1/319
f 325/1/320 326/1/320 327/1/320
f 328/1/320 325/1/320 329/1/320
f 319/1/321 331/1/322 322/1/323
f 324/1/318 332/1/324 321/1/319
f 333/1/320 328/1/320 329/1/320
f 327/1/320 326/1/320 334/1/320
f 329/1/320 325/1/320 327/1/320
f 330/1/325 331/1/322 319/1/321
f 324/1/318 335/1/326 332/1/324
f 334/1/320 336/1/320 337/1/320
f 338/1/320 333/1/320 329/1/320
f 327/1/320 334/1/320 339/1/320
f 331/1/322 330/1/325 340/1/327
f 324/1/318 342/1/328 335/1/326
f 336/1/320 343/1/320 337/1/320
f 334/1/320 337/1/320 344/1/320
f 338/1/320 329/1/320 345/1/320
f 339/1/320 334/1/320 346/1/320
f 347/1/320 348/1/320 338/1/320
f 331/1/322 340/1/327 349/1/329
f 342/1/328 351/1/330 335/1/326
f 343/1/320 355/1/320 356/1/320
f 337/1/320 343/1/320 356/1/320
f 346/1/320 334/1/320 344/1/320
f 338/1/320 345/1/320 357/1/320
f 359/1/320 348/1/320 347/1/320
f 347/1/320 338/1/320 360/1/320
f 349/1/329 340/1/327 362/1/331
f 335/1/326 351/1/330 350/1/332
f 353/1/320 352/1/320 364/1/320
f 356/1/320 355/1/320 366/1/320
f 360/1/320 338/1/320 357/1/320
f 358/1/333 370/1/333 361/1/333
f 340/1/327 368/1/334 362/1/331
f 349/1/329 362/1/331 371/1/335
f 341/1/336 372/1/337 363/1/338
f 354/1/339 374/1/340 365/1/339
f 356/1/320 366/1/320 375/1/320
f 369/1/320 347/1/320 376/1/320
f 371/1/335 362/1/331 379/1/341
f 372/1/337 381/1/342 363/1/338
f 365/1/339 374/1/340 382/1/340
f 356/1/320 375/1/320 383/1/320
f 373/1/343 384/1/343 367/1/343
f 386/1/320 369/1/320 376/1/320
f 377/1/344 387/1/190 370/1/344
f 388/1/320 389/1/320 390/1/320
f 363/1/338 381/1/342 392/1/345
f 374/1/340 393/1/346 382/1/340
f 383/1/320 375/1/320 394/1/320
f 386/1/320 376/1/320 396/1/320
f 377/1/344 397/1/190 387/1/190
f 388/1/320 380/1/320 389/1/320
f 374/1/340 400/1/346 393/1/346
f 401/1/320 375/1/320 402/1/320
f 394/1/320 375/1/320 401/1/320
f 395/1/347 405/1/348 385/1/347
f 386/1/320 396/1/320 406/1/320
f 407/1/320 408/1/320 386/1/320
f 397/1/190 409/1/349 387/1/190
f 378/1/350 404/1/351 398/1/352
f 391/1/353 410/1/353 399/1/353
f 400/1/346 411/1/354 412/1/354
f 400/1/346 412/1/354 393/1/346
f 401/1/320 402/1/320 413/1/320
f 414/1/355 415/1/356 416/1/356
f 417/1/69 414/1/355 418/1/355
f 385/1/347 405/1/348 403/1/348
f 420/1/320 386/1/320 406/1/320
f 397/1/190 421/1/349 409/1/349
f 407/1/320 386/1/320 422/1/320
f 404/1/351 419/1/357 398/1/352
f 411/1/354 417/1/69 423/1/69
f 411/1/354 423/1/69 412/1/354
f 413/1/320 402/1/320 424/1/320
f 415/1/356 425/1/358 416/1/356
f 414/1/355 416/1/356 418/1/355
f 417/1/69 418/1/355 423/1/69
f 405/1/348 426/1/359 403/1/348
f 422/1/320 386/1/320 420/1/320
f 421/1/349 428/1/215 409/1/349
f 429/1/320 407/1/320 422/1/320
f 398/1/352 419/1/357 430/1/360
f 415/1/356 431/1/358 425/1/358
f 413/1/320 424/1/320 432/1/320
f 433/1/320 432/1/320 434/1/320
f 434/1/320 432/1/320 435/1/320
f 403/1/348 426/1/359 427/1/359
f 428/1/215 436/1/361 437/1/361
f 437/1/361 438/1/249 439/1/249
f 422/1/320 420/1/320 440/1/320
f 421/1/349 441/1/215 428/1/215
f 441/1/215 436/1/361 428/1/215
f 431/1/358 442/1/362 425/1/358
f 413/1/320 432/1/320 443/1/320
f 433/1/320 444/1/320 432/1/320
f 426/1/359 445/1/363 427/1/359
f 436/1/361 438/1/249 437/1/361
f 438/1/249 446/1/364 439/1/249
f 422/1/320 440/1/320 447/1/320
f 431/1/358 448/1/362 442/1/362
f 449/1/320 450/1/320 433/1/320
f 444/1/320 443/1/320 432/1/320
f 451/1/320 444/1/320 433/1/320
f 426/1/359 452/1/363 445/1/363
f 422/1/320 453/1/320 454/1/320
f 438/1/249 455/1/364 446/1/364
f 422/1/320 447/1/320 456/1/320
f 448/1/362 457/1/365 458/1/365
f 448/1/362 458/1/365 442/1/362
f 450/1/320 451/1/320 433/1/320
f 459/1/320 450/1/320 449/1/320
f 422/1/320 460/1/320 453/1/320
f 455/1/364 461/1/366 446/1/364
f 422/1/320 456/1/320 460/1/320
f 462/1/367 457/1/365 463/1/367
f 458/1/365 457/1/365 462/1/367
f 459/1/320 464/1/320 450/1/320
f 453/1/320 460/1/320 465/1/320
f 455/1/364 466/1/366 461/1/366
f 462/1/367 463/1/367 467/1/368
f 468/1/320 459/1/320 469/1/320
f 470/1/320 464/1/320 459/1/320
f 466/1/366 471/1/369 461/1/366
f 453/1/320 465/1/320 472/1/320
f 453/1/320 473/1/320 474/1/320
f 467/1/368 463/1/367 475/1/370
f 476/1/320 468/1/320 469/1/320
f 468/1/320 470/1/320 459/1/320
f 466/1/366 477/1/369 471/1/369
f 453/1/320 472/1/320 473/1/320
f 467/1/368 475/1/370 478/1/371
f 479/1/320 468/1/320 476/1/320
f 477/1/369 480/1/372 471/1/369
f 473/1/320 472/1/320 481/1/320
f 478/1/371 475/1/370 482/1/371
f 479/1/320 483/1/320 468/1/320
f 484/1/372 480/1/372 477/1/369
f 484/1/372 485/1/373 480/1/372
f 473/1/320 481/1/320 486/1/320
f 478/1/371 482/1/371 487/1/374
f 488/1/320 483/1/320 479/1/320
f 489/1/373 485/1/373 484/1/372
f 486/1/320 481/1/320 490/1/320
f 491/1/216 487/1/374 492/1/216
f 478/1/371 487/1/374 493/1/374
f 494/1/320 488/1/320 479/1/320
f 486/1/320 490/1/320 495/1/320
f 496/1/375 485/1/373 489/1/373
f 496/1/375 497/1/375 485/1/373
f 481/1/320 498/1/320 490/1/320
f 491/1/216 492/1/216 499/1/376
f 493/1/374 487/1/374 491/1/216
f 500/1/320 479/1/320 501/1/320
f 500/1/320 494/1/320 479/1/320
f 499/1/376 497/1/375 496/1/375
f 499/1/376 502/1/376 497/1/375
f 498/1/320 503/1/320 490/1/320
f 499/1/376 492/1/216 502/1/376
f 504/1/320 500/1/320 505/1/320
f 500/1/320 501/1/320 505/1/320
f 490/1/320 503/1/320 504/1/320
f 504/1/320 506/1/320 500/1/320
f 503/1/320 506/1/320 504/1/320
f 2735/1/2472 2736/1/2473 2737/1/2474
f 2735/1/2472 2738/1/2475 2736/1/2473
f 2737/1/2474 2736/1/2473 2739/1/2476
f 2735/1/2472 2737/1/2474 2740/1/2477
f 2735/1/2472 2741/1/2478 2738/1/2475
f 2738/1/2475 2742/1/2479 2736/1/2473
f 2743/1/2480 2739/1/2476 2736/1/2473
f 2737/1/2474 2739/1/2476 2744/1/2481
f 2737/1/2474 2745/1/2482 2740/1/2477
f 2735/1/2472 2740/1/2477 2746/1/2483
f 2747/1/2484 2741/1/2478 2735/1/2472
f 2748/1/2485 2738/1/2475 2741/1/2478
f 2738/1/2475 2749/1/2486 2742/1/2479
f 2742/1/2479 2743/1/2480 2736/1/2473
f 2743/1/2480 2750/1/2487 2739/1/2476
f 2739/1/2476 2751/1/2488 2744/1/2481
f 2745/1/2482 2737/1/2474 2744/1/2481
f 2740/1/2477 2745/1/2482 2752/1/2489
f 2740/1/2477 2752/1/2489 2746/1/2483
f 2735/1/2472 2746/1/2483 2753/1/2490
f 2748/1/2485 2741/1/2478 2747/1/2484
f 2747/1/2484 2735/1/2472 2753/1/2490
f 2738/1/2475 2748/1/2485 2754/1/2491
f 2749/1/2486 2755/1/2492 2742/1/2479
f 2754/1/2491 2749/1/2486 2738/1/2475
f 2756/1/2493 2743/1/2480 2742/1/2479
f 2750/1/2487 2751/1/2488 2739/1/2476
f 2756/1/2493 2750/1/2487 2743/1/2480
f 2751/1/2488 2757/1/2494 2744/1/2481
f 2745/1/2482 2744/1/2481 2758/1/2495
f 2745/1/2482 2759/1/2496 2752/1/2489
f 2760/1/2497 2746/1/2483 2752/1/2489
f 2760/1/2497 2753/1/2490 2746/1/2483
f 2748/1/2485 2747/1/2484 2761/1/2498
f 2761/1/2498 2747/1/2484 2753/1/2490
f 2748/1/2485 2762/1/2499 2754/1/2491
f 2749/1/2486 2763/1/2500 2755/1/2492
f 2742/1/2479 2755/1/2492 2764/1/2501
f 2754/1/2491 2763/1/2500 2749/1/2486
f 2756/1/2493 2742/1/2479 2764/1/2501
f 2765/1/2502 2751/1/2488 2750/1/2487
f 2766/1/2503 2750/1/2487 2756/1/2493
f 2751/1/2488 2765/1/2502 2757/1/2494
f 2757/1/2494 2767/1/2504 2744/1/2481
f 2745/1/2482 2758/1/2495 2759/1/2496
f 2744/1/2481 2767/1/2504 2758/1/2495
f 2759/1/2496 2768/1/2505 2752/1/2489
f 2760/1/2497 2752/1/2489 2769/1/2506
f 2770/1/2507 2753/1/2490 2760/1/2497
f 2771/1/2508 2748/1/2485 2761/1/2498
f 2772/1/2509 2761/1/2498 2753/1/2490
f 2773/1/2510 2762/1/2499 2748/1/2485
f 2754/1/2491 2762/1/2499 2774/1/2511
f 2755/1/2492 2763/1/2500 2775/1/2512
f 2764/1/2501 2755/1/2492 2776/1/2513
f 2754/1/2491 2777/1/2514 2763/1/2500
f 2764/1/2501 2778/1/2515 2756/1/2493
f 2750/1/2487 2766/1/2503 2765/1/2502
f 2756/1/2493 2779/1/2516 2766/1/2503
f 2765/1/2502 2780/1/2517 2757/1/2494
f 2781/1/2518 2767/1/2504 2757/1/2494
f 2782/1/2519 2759/1/2496 2758/1/2495
f 2758/1/2495 2767/1/2504 2782/1/2519
f 2759/1/2496 2783/1/2520 2768/1/2505
f 2769/1/2506 2752/1/2489 2768/1/2505
f 2772/1/2509 2753/1/2490 2770/1/2507
f 2771/1/2508 2773/1/2510 2748/1/2485
f 2761/1/2498 2784/1/2521 2771/1/2508
f 2772/1/2509 2784/1/2521 2761/1/2498
f 2773/1/2510 2774/1/2511 2762/1/2499
f 2754/1/2491 2774/1/2511 2777/1/2514
f 2763/1/2500 2785/1/2522 2775/1/2512
f 2755/1/2492 2775/1/2512 2776/1/2513
f 2776/1/2513 2778/1/2515 2764/1/2501
f 2777/1/2514 2786/1/2523 2763/1/2500
f 2778/1/2515 2779/1/2516 2756/1/2493
f 2779/1/2516 2765/1/2502 2766/1/2503
f 2780/1/2517 2781/1/2518 2757/1/2494
f 2787/1/2524 2780/1/2517 2765/1/2502
f 2788/1/2525 2767/1/2504 2781/1/2518
f 2782/1/2519 2783/1/2520 2759/1/2496
f 2782/1/2519 2767/1/2504 2789/1/2526
f 2769/1/2506 2768/1/2505 2791/1/2527
f 2792/1/2528 2773/1/2510 2771/1/2508
f 2784/1/2521 2793/1/2529 2771/1/2508
f 2792/1/2528 2774/1/2511 2773/1/2510
f 2774/1/2511 2794/1/2530 2777/1/2514
f 2775/1/2512 2785/1/2522 2795/1/2531
f 2763/1/2500 2786/1/2523 2785/1/2522
f 2775/1/2512 2795/1/2531 2776/1/2513
f 2776/1/2513 2795/1/2531 2778/1/2515
f 2777/1/2514 2796/1/2532 2786/1/2523
f 2778/1/2515 2797/1/2533 2779/1/2516
f 2779/1/2516 2787/1/2524 2765/1/2502
f 2780/1/2517 2798/1/2534 2781/1/2518
f 2787/1/2524 2798/1/2534 2780/1/2517
f 2798/1/2534 2788/1/2525 2781/1/2518
f 2789/1/2526 2767/1/2504 2788/1/2525
f 2799/1/2535 2783/1/2520 2782/1/2519
f 2782/1/2519 2789/1/2526 2800/1/2536
f 2783/1/2520 2801/1/2537 2790/1/2538
f 2771/1/2508 2793/1/2529 2792/1/2528
f 2792/1/2528 2802/1/2539 2774/1/2511
f 2774/1/2511 2803/1/2540 2794/1/2530
f 2794/1/2530 2796/1/2532 2777/1/2514
f 2785/1/2522 2804/1/2541 2795/1/2531
f 2785/1/2522 2786/1/2523 2805/1/2542
f 2795/1/2531 2797/1/2533 2778/1/2515
f 2786/1/2523 2796/1/2532 2805/1/2542
f 2797/1/2533 2787/1/2524 2779/1/2516
f 2806/1/2543 2798/1/2534 2787/1/2524
f 2807/1/2544 2788/1/2525 2798/1/2534
f 2808/1/2545 2789/1/2526 2788/1/2525
f 2800/1/2536 2799/1/2535 2782/1/2519
f 2799/1/2535 2801/1/2537 2783/1/2520
f 2809/1/2546 2800/1/2536 2789/1/2526
f 2790/1/2538 2801/1/2537 2810/1/2547
f 2793/1/2529 2802/1/2539 2792/1/2528
f 2802/1/2539 2803/1/2540 2774/1/2511
f 2803/1/2540 2809/1/2546 2794/1/2530
f 2809/1/2546 2796/1/2532 2794/1/2530
f 2785/1/2522 2805/1/2542 2804/1/2541
f 2795/1/2531 2804/1/2541 2811/1/2548
f 2795/1/2531 2811/1/2548 2797/1/2533
f 2805/1/2542 2796/1/2532 2808/1/2545
f 2797/1/2533 2806/1/2543 2787/1/2524
f 2806/1/2543 2807/1/2544 2798/1/2534
f 2807/1/2544 2812/1/2549 2788/1/2525
f 2813/1/2550 2814/1/2550 2815/1/2550
f 2796/1/2532 2789/1/2526 2808/1/2545
f 2809/1/2546 2799/1/2535 2800/1/2536
f 2809/1/2546 2801/1/2537 2799/1/2535
f 2809/1/2546 2789/1/2526 2796/1/2532
f 2810/1/2547 2801/1/2537 2816/1/2551
f 2793/1/2529 2817/1/2552 2802/1/2539
f 2802/1/2539 2818/1/2553 2803/1/2540
f 2818/1/2553 2809/1/2546 2803/1/2540
f 2804/1/2541 2805/1/2542 2812/1/2549
f 2804/1/2541 2819/1/2554 2811/1/2548
f 2811/1/2548 2806/1/2543 2797/1/2533
f 2820/1/2555 2821/1/2555 2822/1/2555
f 2819/1/2554 2807/1/2544 2806/1/2543
f 2819/1/2554 2812/1/2549 2807/1/2544
f 2809/1/2546 2823/1/2556 2801/1/2537
f 2816/1/2551 2801/1/2537 2823/1/2556
f 2802/1/2539 2817/1/2552 2824/1/2557
f 2824/1/2557 2818/1/2553 2802/1/2539
f 2818/1/2553 2823/1/2556 2809/1/2546
f 2804/1/2541 2812/1/2549 2819/1/2554
f 2811/1/2548 2819/1/2554 2806/1/2543
f 2816/1/2551 2823/1/2556 2818/1/2553
f 2816/1/2551 2818/1/2553 2824/1/2557
f 2825/1/2558 2826/1/2559 2827/1/2560
f 2827/1/2560 2828/1/2561 2825/1/2558
f 2829/1/2562 2826/1/2559 2825/1/2558
f 2826/1/2559 2830/1/2563 2827/1/2560
f 2830/1/2563 2828/1/2561 2827/1/2560
f 2828/1/2561 2831/1/2564 2825/1/2558
f 2832/1/2565 2829/1/2562 2825/1/2558
f 2833/1/2566 2826/1/2559 2829/1/2562
f 2826/1/2559 2834/1/2567 2830/1/2563
f 2830/1/2563 2835/1/2568 2828/1/2561
f 2825/1/2558 2831/1/2564 2836/1/2569
f 2828/1/2561 2835/1/2568 2831/1/2564
f 2832/1/2565 2825/1/2558 2836/1/2569
f 2837/1/2570 2829/1/2562 2832/1/2565
f 2833/1/2566 2829/1/2562 2838/1/2571
f 2839/1/2572 2826/1/2559 2833/1/2566
f 2839/1/2572 2834/1/2567 2826/1/2559
f 2830/1/2563 2841/1/2573 2835/1/2568
f 2836/1/2569 2831/1/2564 2842/1/2574
f 2831/1/2564 2835/1/2568 2842/1/2574
f 2843/1/2575 2832/1/2565 2836/1/2569
f 2843/1/2575 2837/1/2570 2832/1/2565
f 2844/1/2576 2829/1/2562 2837/1/2570
f 2844/1/2576 2838/1/2571 2829/1/2562
f 2838/1/2571 2845/1/2577 2833/1/2566
f 2846/1/2578 2839/1/2572 2833/1/2566
f 2847/1/2579 2834/1/2567 2839/1/2572
f 2840/1/2580 2834/1/2567 2848/1/2581
f 2849/1/2582 2830/1/2563 2840/1/2583
f 2849/1/2582 2841/1/2573 2830/1/2563
f 2850/1/2584 2835/1/2568 2841/1/2573
f 2851/1/2585 2836/1/2569 2842/1/2574
f 2842/1/2574 2835/1/2568 2850/1/2584
f 2843/1/2575 2836/1/2569 2852/1/2586
f 2843/1/2575 2853/1/2587 2837/1/2570
f 2854/1/2588 2844/1/2576 2837/1/2570
f 2844/1/2576 2855/1/2589 2838/1/2571
f 2856/1/2590 2845/1/2577 2838/1/2571
f 2845/1/2577 2846/1/2578 2833/1/2566
f 2846/1/2578 2847/1/2579 2839/1/2572
f 2848/1/2581 2834/1/2567 2847/1/2579
f 2857/1/2591 2849/1/2582 2840/1/2583
f 2858/1/2592 2841/1/2573 2849/1/2582
f 2850/1/2584 2841/1/2573 2859/1/2593
f 2860/1/2594 2836/1/2569 2851/1/2585
f 2861/1/2595 2843/1/2575 2852/1/2586
f 2860/1/2594 2852/1/2586 2836/1/2569
f 2854/1/2588 2837/1/2570 2853/1/2587
f 2843/1/2575 2862/1/2596 2853/1/2587
f 2863/1/2597 2864/1/2597 2865/1/2597
f 2866/1/2598 2855/1/2589 2844/1/2576
f 2855/1/2589 2856/1/2590 2838/1/2571
f 2867/1/2599 2845/1/2577 2856/1/2590
f 2868/1/2600 2846/1/2578 2845/1/2577
f 2869/1/2601 2847/1/2579 2846/1/2578
f 2848/1/2581 2847/1/2579 2870/1/2602
f 2871/1/2603 2857/1/2591 2848/1/2581
f 2872/1/2604 2849/1/2582 2857/1/2591
f 2858/1/2592 2849/1/2582 2872/1/2604
f 2859/1/2593 2841/1/2573 2858/1/2592
f 2873/1/2605 2861/1/2595 2852/1/2586
f 2862/1/2596 2843/1/2575 2861/1/2595
f 2873/1/2605 2852/1/2586 2860/1/2594
f 2874/1/2606 2854/1/2588 2853/1/2587
f 2862/1/2596 2875/1/2607 2853/1/2587
f 2866/1/2598 2854/1/2588 2874/1/2606
f 2876/1/2608 2855/1/2589 2866/1/2598
f 2867/1/2599 2856/1/2590 2855/1/2589
f 2877/1/2609 2845/1/2577 2867/1/2599
f 2877/1/2609 2868/1/2600 2845/1/2577
f 2869/1/2601 2846/1/2578 2868/1/2600
f 2869/1/2601 2870/1/2602 2847/1/2579
f 2878/1/2610 2848/1/2581 2870/1/2602
f 2879/1/2611 2871/1/2603 2848/1/2581
f 2880/1/2612 2857/1/2591 2871/1/2603
f 2880/1/2612 2872/1/2604 2857/1/2591
f 2858/1/2592 2872/1/2604 2881/1/2613
f 2882/1/2614 2861/1/2595 2873/1/2605
f 2883/1/2615 2862/1/2596 2861/1/2595
f 2875/1/2607 2874/1/2606 2853/1/2587
f 2883/1/2615 2875/1/2607 2862/1/2596
f 2884/1/2616 2866/1/2598 2874/1/2606
f 2876/1/2608 2866/1/2598 2884/1/2616
f 2885/1/2617 2855/1/2589 2876/1/2608
f 2885/1/2617 2867/1/2599 2855/1/2589
f 2886/1/2618 2877/1/2609 2867/1/2599
f 2869/1/2601 2868/1/2600 2877/1/2609
f 2887/1/2619 2870/1/2602 2869/1/2601
f 2888/1/2620 2878/1/2610 2870/1/2602
f 2879/1/2611 2848/1/2581 2878/1/2610
f 2889/1/2621 2871/1/2603 2879/1/2611
f 2889/1/2621 2880/1/2612 2871/1/2603
f 2890/1/2622 2872/1/2604 2880/1/2612
f 2891/1/2623 2881/1/2613 2872/1/2604
f 2882/1/2614 2892/1/2624 2861/1/2595
f 2892/1/2624 2883/1/2615 2861/1/2595
f 2875/1/2607 2893/1/2625 2874/1/2606
f 2883/1/2615 2894/1/2626 2875/1/2607
f 2884/1/2616 2874/1/2606 2895/1/2627
f 2884/1/2616 2885/1/2617 2876/1/2608
f 2886/1/2618 2867/1/2599 2885/1/2617
f 2896/1/2628 2877/1/2609 2886/1/2618
f 2887/1/2619 2869/1/2601 2877/1/2609
f 2888/1/2620 2870/1/2602 2887/1/2619
f 2897/1/2629 2878/1/2610 2888/1/2620
f 2879/1/2611 2878/1/2610 2897/1/2629
f 2898/1/2630 2889/1/2621 2879/1/2611
f 2890/1/2622 2880/1/2612 2889/1/2621
f 2890/1/2622 2891/1/2623 2872/1/2604
f 2899/1/2631 2892/1/2624 2882/1/2614
f 2900/1/2632 2883/1/2615 2892/1/2624
f 2894/1/2626 2893/1/2625 2875/1/2607
f 2895/1/2627 2874/1/2606 2893/1/2625
f 2883/1/2615 2901/1/2633 2894/1/2626
f 2884/1/2616 2895/1/2627 2902/1/2634
f 2903/1/2635 2885/1/2617 2884/1/2616
f 2903/1/2635 2886/1/2618 2885/1/2617
f 2887/1/2619 2877/1/2609 2896/1/2628
f 2904/1/2636 2896/1/2628 2886/1/2618
f 2888/1/2620 2887/1/2619 2896/1/2628
f 2897/1/2629 2888/1/2620 2905/1/2637
f 2879/1/2611 2897/1/2629 2898/1/2630
f 2901/1/2633 2889/1/2621 2898/1/2630
f 2906/1/2638 2890/1/2622 2889/1/2621
f 2907/1/2639 2891/1/2623 2890/1/2622
f 2899/1/2631 2908/1/2640 2892/1/2624
f 2900/1/2632 2901/1/2633 2883/1/2615
f 2908/1/2640 2900/1/2632 2892/1/2624
f 2909/1/2641 2893/1/2625 2894/1/2626
f 2910/1/2642 2911/1/2642 2912/1/2642
f 2894/1/2626 2901/1/2633 2909/1/2641
f 2902/1/2634 2913/1/2643 2914/1/2644
f 2902/1/2634 2903/1/2635 2884/1/2616
f 2904/1/2636 2886/1/2618 2903/1/2635
f 2888/1/2620 2896/1/2628 2904/1/2636
f 2905/1/2637 2888/1/2620 2904/1/2636
f 2914/1/2644 2915/1/2645 2905/1/2637
f 2898/1/2630 2897/1/2629 2909/1/2641
f 2901/1/2633 2898/1/2630 2909/1/2641
f 2889/1/2621 2901/1/2633 2900/1/2632
f 2906/1/2638 2889/1/2621 2900/1/2632
f 2907/1/2639 2890/1/2622 2906/1/2638
f 2899/1/2631 2907/1/2639 2908/1/2640
f 2906/1/2638 2900/1/2632 2908/1/2640
f 2909/1/2641 2916/1/2646 2893/1/2625
f 2914/1/2644 2913/1/2643 2917/1/2647
f 2914/1/2644 2903/1/2635 2902/1/2634
f 2914/1/2644 2904/1/2636 2903/1/2635
f 2905/1/2637 2904/1/2636 2914/1/2644
f 2917/1/2647 2915/1/2645 2914/1/2644
f 2909/1/2641 2897/1/2629 2916/1/2646
f 2908/1/2640 2907/1/2639 2906/1/2638
f 2918/1/2648 2919/1/2649 2920/1/2650
f 2920/1/2650 2919/1/2649 2921/1/2651
f 2922/1/2652 2918/1/2648 2920/1/2650
f 2918/1/2648 2923/1/2653 2919/1/2649
f 2924/1/2654 2920/1/2650 2921/1/2651
f 2921/1/2651 2919/1/2649 2925/1/2655
f 2922/1/2652 2920/1/2650 2924/1/2654
f 2922/1/2652 2926/1/2656 2918/1/2648
f 2919/1/2649 2923/1/2653 2927/1/2657
f 2918/1/2648 2928/1/2658 2923/1/2653
f 2929/1/2659 2924/1/2654 2921/1/2651
f 2919/1/2649 2931/1/2660 2925/1/2655
f 2932/1/2661 2922/1/2652 2924/1/2654
f 2926/1/2656 2933/1/2662 2918/1/2648
f 2922/1/2652 2934/1/2663 2926/1/2656
f 2927/1/2657 2931/1/2660 2919/1/2649
f 2923/1/2653 2935/1/2664 2927/1/2657
f 2936/1/2665 2923/1/2653 2928/1/2658
f 2918/1/2648 2937/1/2666 2928/1/2658
f 2938/1/2667 2924/1/2654 2929/1/2659
f 2929/1/2659 2921/1/2651 2930/1/2668
f 2931/1/2660 2939/1/2669 2925/1/2655
f 2932/1/2661 2934/1/2663 2922/1/2652
f 2940/1/2670 2932/1/2661 2924/1/2654
f 2941/1/2671 2933/1/2662 2926/1/2656
f 2933/1/2662 2937/1/2666 2918/1/2648
f 2942/1/2672 2926/1/2656 2934/1/2663
f 2935/1/2664 2931/1/2660 2927/1/2657
f 2923/1/2653 2943/1/2673 2935/1/2664
f 2936/1/2665 2943/1/2673 2923/1/2653
f 2928/1/2658 2944/1/2674 2936/1/2665
f 2937/1/2666 2944/1/2674 2928/1/2658
f 2938/1/2667 2940/1/2670 2924/1/2654
f 2935/1/2664 2939/1/2669 2931/1/2660
f 2925/1/2655 2939/1/2669 2945/1/2675
f 2942/1/2672 2934/1/2663 2932/1/2661
f 2942/1/2672 2932/1/2661 2940/1/2670
f 2946/1/2676 2941/1/2671 2926/1/2656
f 2947/1/2677 2933/1/2662 2941/1/2671
f 2948/1/2678 2949/1/2678 2950/1/2678
f 2942/1/2672 2946/1/2676 2926/1/2656
f 2935/1/2664 2943/1/2673 2951/1/2679
f 2952/1/2680 2943/1/2673 2936/1/2665
f 2944/1/2674 2953/1/2681 2936/1/2665
f 2954/1/2682 2944/1/2674 2937/1/2666
f 2955/1/2683 2940/1/2670 2938/1/2667
f 2935/1/2664 2956/1/2684 2939/1/2669
f 2939/1/2669 2957/1/2685 2945/1/2675
f 2958/1/2686 2942/1/2672 2940/1/2670
f 2946/1/2676 2959/1/2687 2941/1/2671
f 2960/1/2688 2947/1/2677 2941/1/2671
f 2954/1/2682 2937/1/2666 2961/1/2689
f 2942/1/2672 2962/1/2690 2946/1/2676
f 2951/1/2679 2943/1/2673 2963/1/2691
f 2935/1/2664 2951/1/2679 2964/1/2692
f 2936/1/2665 2965/1/2693 2952/1/2680
f 2963/1/2691 2943/1/2673 2952/1/2680
f 2953/1/2681 2965/1/2693 2936/1/2665
f 2966/1/2694 2953/1/2681 2944/1/2674
f 2967/1/2695 2944/1/2674 2954/1/2682
f 2955/1/2683 2958/1/2686 2940/1/2670
f 2968/1/2696 2956/1/2684 2935/1/2664
f 2939/1/2669 2956/1/2684 2957/1/2685
f 2969/1/2697 2942/1/2672 2958/1/2686
f 2960/1/2688 2941/1/2671 2959/1/2687
f 2946/1/2676 2970/1/2698 2959/1/2687
f 2971/1/2699 2947/1/2677 2960/1/2688
f 2954/1/2682 2972/1/2689 2971/1/2699
f 2962/1/2690 2970/1/2698 2946/1/2676
f 2942/1/2672 2973/1/2700 2962/1/2690
f 2974/1/2701 2951/1/2679 2963/1/2691
f 2975/1/2702 2964/1/2692 2951/1/2679
f 2964/1/2692 2968/1/2696 2935/1/2664
f 2965/1/2693 2963/1/2691 2952/1/2680
f 2966/1/2694 2965/1/2693 2953/1/2681
f 2967/1/2695 2966/1/2694 2944/1/2674
f 2971/1/2699 2967/1/2695 2954/1/2682
f 2955/1/2683 2976/1/2703 2958/1/2686
f 2957/1/2685 2956/1/2684 2968/1/2696
f 2969/1/2697 2973/1/2700 2942/1/2672
f 2977/1/2704 2969/1/2697 2958/1/2686
f 2960/1/2688 2959/1/2687 2978/1/2705
f 2959/1/2687 2970/1/2698 2978/1/2705
f 2979/1/2706 2971/1/2699 2960/1/2688
f 2962/1/2690 2980/1/2707 2970/1/2698
f 2973/1/2700 2981/1/2708 2962/1/2690
f 2982/1/2709 2951/1/2679 2974/1/2701
f 2983/1/2710 2974/1/2701 2963/1/2691
f 2984/1/2711 2964/1/2692 2975/1/2702
f 2975/1/2702 2951/1/2679 2982/1/2709
f 2984/1/2711 2968/1/2696 2964/1/2692
f 2985/1/2712 2963/1/2691 2965/1/2693
f 2986/1/2713 2965/1/2693 2966/1/2694
f 2987/1/2714 2966/1/2694 2967/1/2695
f 2979/1/2706 2967/1/2695 2971/1/2699
f 2958/1/2686 2976/1/2703 2977/1/2704
f 2957/1/2685 2968/1/2696 2988/1/2715
f 2969/1/2697 2981/1/2708 2973/1/2700
f 2977/1/2704 2981/1/2708 2969/1/2697
f 2978/1/2705 2979/1/2706 2960/1/2688
f 2978/1/2705 2970/1/2698 2989/1/2716
f 2970/1/2698 2980/1/2707 2990/1/2717
f 2962/1/2690 2991/1/2718 2980/1/2707
f 2962/1/2690 2981/1/2708 2991/1/2718
f 2992/1/2719 2982/1/2709 2974/1/2701
f 2983/1/2710 2992/1/2719 2974/1/2701
f 2985/1/2712 2983/1/2710 2963/1/2691
f 2993/1/2720 2984/1/2711 2975/1/2702
f 2975/1/2702 2982/1/2709 2994/1/2721
f 2988/1/2715 2968/1/2696 2984/1/2711
f 2986/1/2713 2985/1/2712 2965/1/2693
f 2987/1/2714 2986/1/2713 2966/1/2694
f 2979/1/2706 2987/1/2714 2967/1/2695
f 2976/1/2703 2995/1/2722 2977/1/2704
f 2977/1/2704 2996/1/2723 2981/1/2708
f 2989/1/2716 2979/1/2706 2978/1/2705
f 2970/1/2698 2990/1/2717 2989/1/2716
f 2990/1/2717 2980/1/2707 2997/1/2724
f 2991/1/2718 2992/1/2719 2980/1/2707
f 2981/1/2708 2994/1/2721 2991/1/2718
f 2991/1/2718 2982/1/2709 2992/1/2719
f 2997/1/2724 2992/1/2719 2983/1/2710
f 2998/1/2725 2983/1/2710 2985/1/2712
f 2993/1/2720 2975/1/2702 2994/1/2721
f 2999/1/2726 2984/1/2711 2993/1/2720
f 2994/1/2721 2982/1/2709 2991/1/2718
f 2988/1/2715 2984/1/2711 3000/1/2727
f 2998/1/2725 2985/1/2712 2986/1/2713
f 3001/1/2728 2986/1/2713 2987/1/2714
f 3001/1/2728 2987/1/2714 2979/1/2706
f 2977/1/2704 2995/1/2722 2996/1/2723
f 2996/1/2723 2999/1/2726 2981/1/2708
f 2989/1/2716 3001/1/2728 2979/1/2706
f 2989/1/2716 2990/1/2717 3001/1/2728
f 2980/1/2707 2992/1/2719 2997/1/2724
f 2990/1/2717 2997/1/2724 3002/1/2729
f 2981/1/2708 2993/1/2720 2994/1/2721
f 3002/1/2729 2997/1/2724 2983/1/2710
f 3002/1/2729 2983/1/2710 2998/1/2725
f 3003/1/2730 2984/1/2711 2999/1/2726
f 2981/1/2708 2999/1/2726 2993/1/2720
f 3000/1/2727 2984/1/2711 3003/1/2730
f 3001/1/2728 2998/1/2725 2986/1/2713
f 2996/1/2723 2995/1/2722 3003/1/2730
f 2996/1/2723 3003/1/2730 2999/1/2726
f 2990/1/2717 3002/1/2729 3001/1/2728
f 3002/1/2729 2998/1/2725 3001/1/2728
f 3004/1/2731 3005/1/2732 3006/1/2733
f 3007/1/2734 3004/1/2731 3006/1/2733
f 3004/1/2731 3008/1/2735 3005/1/2732
f 3005/1/2732 3009/1/2736 3006/1/2733
f 3007/1/2734 3006/1/2733 3010/1/2737
f 3011/1/2738 3004/1/2731 3007/1/2734
f 3012/1/2739 3008/1/2735 3004/1/2731
f 3005/1/2732 3008/1/2735 3013/1/2740
f 3013/1/2740 3009/1/2736 3005/1/2732
f 3009/1/2736 3014/1/2741 3006/1/2733
f 3010/1/2737 3006/1/2733 3015/1/2742
f 3016/1/2743 3007/1/2734 3010/1/2737
f 3017/1/2744 3004/1/2731 3011/1/2738
f 3016/1/2743 3011/1/2738 3007/1/2734
f 3012/1/2739 3004/1/2731 3017/1/2744
f 3018/1/2745 3008/1/2735 3012/1/2739
f 3013/1/2740 3008/1/2735 3019/1/2746
f 3013/1/2740 3020/1/2747 3009/1/2736
f 3020/1/2747 3014/1/2741 3009/1/2736
f 3006/1/2733 3014/1/2741 3015/1/2742
f 3010/1/2737 3015/1/2742 3021/1/2748
f 3016/1/2743 3010/1/2737 3021/1/2748
f 3022/1/2749 3017/1/2744 3011/1/2738
f 3016/1/2743 3023/1/2750 3011/1/2738
f 3017/1/2744 3024/1/2751 3012/1/2739
f 3012/1/2739 3025/1/2752 3018/1/2745
f 3018/1/2745 3019/1/2746 3008/1/2735
f 3013/1/2740 3019/1/2746 3026/1/2753
f 3027/1/2754 3020/1/2747 3013/1/2740
f 3028/1/2755 3015/1/2742 3014/1/2741
f 3021/1/2748 3015/1/2742 3028/1/2755
f 3016/1/2743 3021/1/2748 3029/1/2756
f 3022/1/2749 3024/1/2751 3017/1/2744
f 3030/1/2757 3022/1/2749 3011/1/2738
f 3030/1/2757 3011/1/2738 3023/1/2750
f 3016/1/2743 3031/1/2758 3023/1/2750
f 3024/1/2751 3032/1/2759 3012/1/2739
f 3033/1/2760 3018/1/2745 3025/1/2752
f 3032/1/2759 3025/1/2752 3012/1/2739
f 3034/1/2761 3019/1/2746 3018/1/2745
f 3026/1/2753 3027/1/2754 3013/1/2740
f 3026/1/2753 3019/1/2746 3035/1/2762
f 3028/1/2755 3014/1/2741 3037/1/2763
f 3038/1/2764 3021/1/2748 3028/1/2755
f 3038/1/2764 3029/1/2756 3021/1/2748
f 3039/1/2765 3016/1/2743 3029/1/2756
f 3022/1/2749 3040/1/2766 3024/1/2751
f 3041/1/2767 3022/1/2749 3030/1/2757
f 3042/1/2768 3030/1/2757 3023/1/2750
f 3043/1/2769 3031/1/2758 3016/1/2743
f 3031/1/2758 3042/1/2768 3023/1/2750
f 3044/1/2770 3032/1/2759 3024/1/2751
f 3033/1/2760 3025/1/2752 3045/1/2771
f 3033/1/2760 3034/1/2761 3018/1/2745
f 3044/1/2770 3025/1/2752 3032/1/2759
f 3035/1/2762 3019/1/2746 3034/1/2761
f 3046/1/2772 3027/1/2754 3026/1/2753
f 3046/1/2772 3026/1/2753 3035/1/2762
f 3036/1/2773 3027/1/2754 3047/1/2774
f 3048/1/2775 3029/1/2756 3038/1/2764
f 3048/1/2775 3039/1/2765 3029/1/2756
f 3039/1/2765 3043/1/2769 3016/1/2743
f 3040/1/2766 3022/1/2749 3041/1/2767
f 3049/1/2776 3024/1/2751 3040/1/2766
f 3041/1/2767 3030/1/2757 3050/1/2777
f 3042/1/2768 3050/1/2777 3030/1/2757
f 3051/1/2778 3031/1/2758 3043/1/2769
f 3031/1/2758 3052/1/2779 3042/1/2768
f 3049/1/2776 3044/1/2770 3024/1/2751
f 3045/1/2771 3025/1/2752 3044/1/2770
f 3053/1/2780 3033/1/2760 3045/1/2771
f 3033/1/2760 3054/1/2781 3034/1/2761
f 3035/1/2762 3034/1/2761 3055/1/2782
f 3056/1/2783 3027/1/2754 3046/1/2772
f 3046/1/2772 3035/1/2762 3057/1/2784
f 3047/1/2774 3027/1/2754 3058/1/2785
f 3059/1/2786 3039/1/2765 3048/1/2775
f 3060/1/2787 3043/1/2769 3039/1/2765
f 3041/1/2767 3049/1/2776 3040/1/2766
f 3041/1/2767 3050/1/2777 3061/1/2788
f 3062/1/2789 3050/1/2777 3042/1/2768
f 3051/1/2778 3052/1/2779 3031/1/2758
f 3060/1/2787 3051/1/2778 3043/1/2769
f 3052/1/2779 3062/1/2789 3042/1/2768
f 3063/1/2790 3044/1/2770 3049/1/2776
f 3063/1/2790 3045/1/2771 3044/1/2770
f 3064/1/2791 3033/1/2760 3053/1/2780
f 3053/1/2780 3045/1/2771 3063/1/2790
f 3054/1/2781 3055/1/2782 3034/1/2761
f 3064/1/2791 3054/1/2781 3033/1/2760
f 3057/1/2784 3035/1/2762 3055/1/2782
f 3058/1/2785 3027/1/2754 3056/1/2783
f 3065/1/2792 3056/1/2783 3046/1/2772
f 3066/1/2793 3046/1/2772 3057/1/2784
f 3059/1/2786 3060/1/2787 3039/1/2765
f 3067/1/2794 3049/1/2776 3041/1/2767
f 3061/1/2788 3050/1/2777 3062/1/2789
f 3061/1/2788 3067/1/2794 3041/1/2767
f 3052/1/2779 3051/1/2778 3068/1/2795
f 3069/1/2796 3051/1/2778 3060/1/2787
f 3068/1/2795 3062/1/2789 3052/1/2779
f 3063/1/2790 3049/1/2776 3067/1/2794
f 3070/1/2797 3064/1/2791 3053/1/2780
f 3071/1/2798 3053/1/2780 3063/1/2790
f 3054/1/2781 3072/1/2799 3055/1/2782
f 3070/1/2797 3054/1/2781 3064/1/2791
f 3072/1/2799 3057/1/2784 3055/1/2782
f 3058/1/2785 3056/1/2783 3073/1/2800
f 3073/1/2800 3056/1/2783 3065/1/2792
f 3065/1/2792 3046/1/2772 3066/1/2793
f 3074/1/2801 3066/1/2793 3057/1/2784
f 3075/1/2802 3060/1/2787 3059/1/2786
f 3061/1/2788 3062/1/2789 3076/1/2803
f 3076/1/2803 3067/1/2794 3061/1/2788
f 3051/1/2778 3077/1/2804 3068/1/2795
f 3069/1/2796 3077/1/2804 3051/1/2778
f 3078/1/2805 3069/1/2796 3060/1/2787
f 3068/1/2795 3079/1/2806 3062/1/2789
f 3080/1/2807 3063/1/2790 3067/1/2794
f 3070/1/2797 3053/1/2780 3071/1/2798
f 3071/1/2798 3063/1/2790 3080/1/2807
f 3070/1/2797 3072/1/2799 3054/1/2781
f 3081/1/2808 3057/1/2784 3072/1/2799
f 3082/1/2809 3073/1/2800 3065/1/2792
f 3083/1/2810 3065/1/2792 3066/1/2793
f 3074/1/2801 3057/1/2784 3081/1/2808
f 3083/1/2810 3066/1/2793 3074/1/2801
f 3075/1/2802 3078/1/2805 3060/1/2787
f 3062/1/2789 3079/1/2806 3076/1/2803
f 3076/1/2803 3080/1/2807 3067/1/2794
f 3077/1/2804 3083/1/2810 3068/1/2795
f 3069/1/2796 3083/1/2810 3077/1/2804
f 3082/1/2809 3069/1/2796 3078/1/2805
f 3068/1/2795 3081/1/2808 3079/1/2806
f 3084/1/2811 3070/1/2797 3071/1/2798
f 3084/1/2811 3071/1/2798 3080/1/2807
f 3085/1/2812 3072/1/2799 3070/1/2797
f 3081/1/2808 3072/1/2799 3085/1/2812
f 3082/1/2809 3065/1/2792 3083/1/2810
f 3086/1/2813 3073/1/2800 3082/1/2809
f 3074/1/2801 3081/1/2808 3068/1/2795
f 3068/1/2795 3083/1/2810 3074/1/2801
f 3075/1/2802 3087/1/2814 3078/1/2805
f 3076/1/2803 3079/1/2806 3088/1/2815
f 3088/1/2815 3080/1/2807 3076/1/2803
f 3082/1/2809 3083/1/2810 3069/1/2796
f 3078/1/2805 3086/1/2813 3082/1/2809
f 3079/1/2806 3081/1/2808 3085/1/2812
f 3085/1/2812 3070/1/2797 3084/1/2811
f 3084/1/2811 3080/1/2807 3088/1/2815
f 3087/1/2814 3086/1/2813 3078/1/2805
f 3079/1/2806 3084/1/2811 3088/1/2815
f 3079/1/2806 3085/1/2812 3084/1/2811
f 3089/1/2816 3090/1/2817 3091/1/2818
f 3090/1/2817 3089/1/2816 3092/1/2819
f 3090/1/2817 3093/1/2820 3091/1/2818
f 3091/1/2818 3094/1/2821 3089/1/2816
f 3095/1/2822 3090/1/2817 3092/1/2819
f 3092/1/2819 3089/1/2816 3096/1/2823
f 3095/1/2822 3093/1/2820 3090/1/2817
f 3093/1/2820 3097/1/2824 3091/1/2818
f 3098/1/2825 3094/1/2821 3091/1/2818
f 3089/1/2816 3094/1/2821 3099/1/2826
f 3100/1/2827 3095/1/2822 3092/1/2819
f 3089/1/2816 3101/1/2828 3096/1/2823
f 3102/1/2829 3092/1/2819 3096/1/2823
f 3095/1/2822 3103/1/2830 3093/1/2820
f 3103/1/2830 3097/1/2824 3093/1/2820
f 3097/1/2824 3104/1/2831 3091/1/2818
f 3104/1/2831 3098/1/2825 3091/1/2818
f 3098/1/2825 3105/1/2832 3094/1/2821
f 3094/1/2821 3105/1/2832 3099/1/2826
f 3089/1/2816 3099/1/2826 3101/1/2828
f 3102/1/2829 3100/1/2827 3092/1/2819
f 3106/1/2833 3095/1/2822 3100/1/2827
f 3096/1/2823 3101/1/2828 3107/1/2834
f 3102/1/2829 3096/1/2823 3108/1/2835
f 3095/1/2822 3109/1/2836 3103/1/2830
f 3110/1/2837 3097/1/2824 3103/1/2830
f 3111/1/2838 3104/1/2831 3097/1/2824
f 3112/1/2839 3098/1/2825 3104/1/2831
f 3098/1/2825 3113/1/2840 3105/1/2832
f 3105/1/2832 3114/1/2841 3099/1/2826
f 3101/1/2828 3099/1/2826 3115/1/2842
f 3116/1/2843 3100/1/2827 3102/1/2829
f 3116/1/2843 3106/1/2833 3100/1/2827
f 3106/1/2833 3109/1/2836 3095/1/2822
f 3108/1/2835 3096/1/2823 3107/1/2834
f 3115/1/2842 3107/1/2834 3101/1/2828
f 3109/1/2836 3117/1/2844 3103/1/2830
f 3111/1/2838 3097/1/2824 3110/1/2837
f 3117/1/2844 3110/1/2837 3103/1/2830
f 3112/1/2839 3104/1/2831 3111/1/2838
f 3118/1/2845 3098/1/2825 3112/1/2839
f 3119/1/2846 3105/1/2832 3113/1/2840
f 3098/1/2825 3120/1/2847 3113/1/2840
f 3119/1/2846 3114/1/2841 3105/1/2832
f 3099/1/2826 3114/1/2841 3115/1/2842
f 3121/1/2848 3106/1/2833 3116/1/2843
f 3122/1/2849 3109/1/2836 3106/1/2833
f 3108/1/2835 3107/1/2834 3123/1/2850
f 3115/1/2842 3124/1/2851 3107/1/2834
f 3109/1/2836 3122/1/2849 3117/1/2844
f 3111/1/2838 3110/1/2837 3125/1/2852
f 3117/1/2844 3126/1/2853 3110/1/2837
f 3111/1/2838 3127/1/2854 3112/1/2839
f 3127/1/2854 3118/1/2845 3112/1/2839
f 3098/1/2825 3118/1/2845 3120/1/2847
f 3113/1/2840 3128/1/2855 3119/1/2846
f 3113/1/2840 3120/1/2847 3128/1/2855
f 3119/1/2846 3129/1/2856 3114/1/2841
f 3114/1/2841 3129/1/2856 3115/1/2842
f 3121/1/2848 3130/1/2857 3106/1/2833
f 3130/1/2857 3122/1/2849 3106/1/2833
f 3123/1/2850 3107/1/2834 3124/1/2851
f 3131/1/2858 3124/1/2851 3115/1/2842
f 3117/1/2844 3122/1/2849 3132/1/2859
f 3110/1/2837 3126/1/2853 3125/1/2852
f 3125/1/2852 3133/1/2860 3111/1/2838
f 3117/1/2844 3134/1/2861 3126/1/2853
f 3133/1/2860 3127/1/2854 3111/1/2838
f 3127/1/2854 3135/1/2862 3118/1/2845
f 3135/1/2862 3120/1/2847 3118/1/2845
f 3128/1/2855 3136/1/2863 3119/1/2846
f 3135/1/2862 3128/1/2855 3120/1/2847
f 3137/1/2864 3129/1/2856 3119/1/2846
f 3115/1/2842 3129/1/2856 3138/1/2865
f 3121/1/2848 3139/1/2866 3130/1/2857
f 3140/1/2867 3122/1/2849 3130/1/2857
f 3123/1/2850 3124/1/2851 3141/1/2868
f 3138/1/2865 3131/1/2858 3115/1/2842
f 3131/1/2858 3142/1/2869 3124/1/2851
f 3122/1/2849 3143/1/2870 3132/1/2859
f 3117/1/2844 3132/1/2859 3134/1/2861
f 3125/1/2852 3126/1/2853 3144/1/2871
f 3144/1/2871 3133/1/2860 3125/1/2852
f 3126/1/2853 3134/1/2861 3144/1/2871
f 3133/1/2860 3145/1/2872 3127/1/2854
f 3145/1/2872 3135/1/2862 3127/1/2854
f 3146/1/2873 3136/1/2863 3128/1/2855
f 3119/1/2846 3136/1/2863 3137/1/2864
f 3146/1/2873 3128/1/2855 3135/1/2862
f 3147/1/2874 3129/1/2856 3137/1/2864
f 3138/1/2865 3129/1/2856 3148/1/2875
f 3140/1/2867 3149/1/2876 3122/1/2849
f 3124/1/2851 3142/1/2869 3141/1/2868
f 3150/1/2877 3131/1/2858 3138/1/2865
f 3151/1/2878 3142/1/2869 3131/1/2858
f 3122/1/2849 3149/1/2876 3143/1/2870
f 3143/1/2870 3152/1/2879 3132/1/2859
f 3132/1/2859 3153/1/2880 3134/1/2861
f 3144/1/2871 3154/1/2881 3133/1/2860
f 3144/1/2871 3134/1/2861 3155/1/2882
f 3154/1/2881 3145/1/2872 3133/1/2860
f 3145/1/2872 3146/1/2873 3135/1/2862
f 3156/1/2883 3136/1/2863 3146/1/2873
f 3136/1/2863 3147/1/2874 3137/1/2864
f 3147/1/2874 3148/1/2875 3129/1/2856
f 3150/1/2877 3138/1/2865 3148/1/2875
f 3140/1/2867 3158/1/2884 3149/1/2876
f 3141/1/2868 3142/1/2869 3159/1/2885
f 3150/1/2877 3151/1/2878 3131/1/2858
f 3160/1/2886 3142/1/2869 3151/1/2878
f 3149/1/2876 3152/1/2879 3143/1/2870
f 3132/1/2859 3152/1/2879 3161/1/2887
f 3132/1/2859 3161/1/2887 3153/1/2880
f 3134/1/2861 3153/1/2880 3155/1/2882
f 3155/1/2882 3154/1/2881 3144/1/2871
f 3154/1/2881 3162/1/2888 3145/1/2872
f 3162/1/2888 3146/1/2873 3145/1/2872
f 3162/1/2888 3156/1/2883 3146/1/2873
f 3156/1/2883 3147/1/2874 3136/1/2863
f 3163/1/2889 3148/1/2875 3147/1/2874
f 3150/1/2877 3148/1/2875 3161/1/2887
f 3140/1/2867 3157/1/2890 3158/1/2884
f 3149/1/2876 3158/1/2884 3152/1/2879
f 3159/1/2885 3142/1/2869 3160/1/2886
f 3164/1/2891 3151/1/2878 3150/1/2877
f 3160/1/2886 3151/1/2878 3165/1/2892
f 3152/1/2879 3166/1/2893 3161/1/2887
f 3161/1/2887 3163/1/2889 3153/1/2880
f 3155/1/2882 3153/1/2880 3167/1/2894
f 3155/1/2882 3167/1/2894 3154/1/2881
f 3154/1/2881 3168/1/2895 3162/1/2888
f 3168/1/2895 3156/1/2883 3162/1/2888
f 3168/1/2895 3147/1/2874 3156/1/2883
f 3168/1/2895 3163/1/2889 3147/1/2874
f 3161/1/2887 3148/1/2875 3163/1/2889
f 3150/1/2877 3161/1/2887 3166/1/2893
f 3157/1/2890 3164/1/2891 3158/1/2884
f 3158/1/2884 3164/1/2891 3152/1/2879
f 3164/1/2891 3150/1/2877 3166/1/2893
f 3165/1/2892 3151/1/2878 3164/1/2891
f 3152/1/2879 3164/1/2891 3166/1/2893
f 3168/1/2895 3153/1/2880 3163/1/2889
f 3167/1/2894 3153/1/2880 3168/1/2895
f 3167/1/2894 3168/1/2895 3154/1/2881
f 3165/1/2892 3164/1/2891 3157/1/2890
f 3169/1/2896 3170/1/2897 3171/1/2898
f 3170/1/2897 3172/1/2899 3171/1/2898
f 3173/1/2900 3169/1/2896 3171/1/2898
f 3171/1/2898 3172/1/2899 3174/1/2901
f 3170/1/2897 3175/1/2902 3172/1/2899
f 3173/1/2900 3171/1/2898 3176/1/2903
f 3172/1/2899 3177/1/2904 3174/1/2901
f 3171/1/2898 3174/1/2901 3178/1/2905
f 3175/1/2902 3179/1/2906 3172/1/2899
f 3176/1/2903 3171/1/2898 3178/1/2905
f 3172/1/2899 3180/1/2907 3177/1/2904
f 3177/1/2904 3181/1/2908 3174/1/2901
f 3178/1/2905 3174/1/2901 3182/1/2909
f 3172/1/2899 3179/1/2906 3180/1/2907
f 3176/1/2903 3178/1/2905 3183/1/2910
f 3180/1/2907 3184/1/2911 3177/1/2904
f 3177/1/2904 3185/1/2912 3181/1/2908
f 3174/1/2901 3181/1/2908 3186/1/2913
f 3182/1/2909 3174/1/2901 3187/1/2914
f 3178/1/2905 3182/1/2909 3188/1/2915
f 3183/1/2910 3178/1/2905 3189/1/2916
f 3177/1/2904 3184/1/2911 3185/1/2912
f 3174/1/2901 3186/1/2913 3187/1/2914
f 3189/1/2916 3178/1/2905 3188/1/2915
f 3190/1/1760 3191/1/1760 3192/1/1760
f 3192/1/1760 3191/1/1760 3193/1/1760
f 3190/1/1760 3192/1/1760 3194/1/1760
f 3195/1/1760 3191/1/1760 3190/1/1760
f 3193/1/1760 3191/1/1760 3196/1/1760
f 3195/1/1760 3197/1/1760 3191/1/1760
f 3191/1/1760 3198/1/1760 3196/1/1760
f 3197/1/1760 3199/1/1760 3191/1/1760
f 3199/1/1760 3200/1/1760 3191/1/1760
f 3200/1/1760 3201/1/1760 3191/1/1760
f 3202/1/1760 3203/1/1760 3204/1/1760
f 3202/1/1760 3205/1/1760 3203/1/1760
f 3204/1/1760 3203/1/1760 3206/1/1760
f 3202/1/1760 3204/1/1760 3207/1/1760
f 3202/1/1760 3208/1/1760 3205/1/1760
f 3202/1/1760 3207/1/1760 3209/1/1760
f 3202/1/1760 3210/1/1760 3208/1/1760
f 3202/1/1760 3211/1/1760 3210/1/1760
f 3210/1/1760 3212/1/1760 3208/1/1760
f 3213/1/1760 3211/1/1760 3202/1/1760
f 3214/1/1760 3215/1/1760 3216/1/1760
f 3214/1/1760 3217/1/1760 3215/1/1760
f 3215/1/1760 3218/1/1760 3216/1/1760
f 3214/1/1760 3216/1/1760 3219/1/1760
f 3214/1/1760 3219/1/1760 3220/1/1760
f 3214/1/1760 3220/1/1760 3221/1/1760
f 3214/1/1760 3221/1/1760 3222/1/1760
f 3214/1/1760 3222/1/1760 3223/1/1760
f 3214/1/1760 3223/1/1760 3224/1/1760
f 3214/1/1760 3224/1/1760 3225/1/1760
f 3226/1/1760 3227/1/1760 3228/1/1760
f 3226/1/1760 3228/1/1760 3229/1/1760
f 3230/1/1760 3227/1/1760 3226/1/1760
f 3227/1/1760 3231/1/1760 3228/1/1760
f 3229/1/1760 3228/1/1760 3232/1/1760
f 3231/1/1760 3233/1/1760 3228/1/1760
f 3232/1/1760 3228/1/1760 3234/1/1760
f 3233/1/1760 3235/1/1760 3228/1/1760
f 3232/1/1760 3234/1/1760 3236/1/1760
f 3235/1/1760 3237/1/1760 3228/1/1760
f 3238/1/1760 3239/1/1760 3240/1/1760
f 3241/1/1760 3239/1/1760 3238/1/1760
f 3239/1/1760 3242/1/1760 3240/1/1760
f 3238/1/1760 3240/1/1760 3243/1/1760
f 3241/1/1760 3244/1/1760 3239/1/1760
f 3242/1/1760 3245/1/1760 3240/1/1760
f 3243/1/1760 3240/1/1760 3246/1/1760
f 3245/1/1760 3247/1/1760 3240/1/1760
f 3246/1/1760 3240/1/1760 3248/1/1760
f 3248/1/1760 3240/1/1760 3249/1/1760
f 3250/1/2917 3251/1/2918 3252/1/2919
f 3250/1/2917 3252/1/2919 3253/1/2920
f 3251/1/2918 3254/1/2921 3252/1/2919
f 3255/1/2922 3250/1/2917 3253/1/2920
f 3252/1/2919 3256/1/2923 3253/1/2920
f 3252/1/2919 3254/1/2921 3257/1/2924
f 3258/1/2925 3255/1/2922 3253/1/2920
f 3253/1/2920 3256/1/2923 3260/1/2926
f 3257/1/2924 3256/1/2923 3252/1/2919
f 3254/1/2921 3261/1/2927 3257/1/2924
f 3258/1/2925 3253/1/2920 3260/1/2926
f 3262/1/2928 3255/1/2922 3258/1/2925
f 3263/1/2929 3259/1/2930 3255/1/2922
f 3256/1/2923 3264/1/2931 3260/1/2926
f 3257/1/2924 3265/1/2932 3256/1/2923
f 3257/1/2924 3261/1/2927 3266/1/2933
f 3258/1/2925 3260/1/2926 3267/1/2934
f 3268/1/2935 3262/1/2928 3258/1/2925
f 3263/1/2929 3255/1/2922 3262/1/2928
f 3260/1/2926 3264/1/2931 3267/1/2934
f 3264/1/2931 3256/1/2923 3269/1/2936
f 3270/1/2937 3265/1/2932 3257/1/2924
f 3256/1/2923 3265/1/2932 3269/1/2936
f 3261/1/2927 3271/1/2938 3266/1/2933
f 3266/1/2933 3270/1/2937 3257/1/2924
f 3272/1/2939 3258/1/2925 3267/1/2934
f 3268/1/2935 3258/1/2925 3273/1/2940
f 3268/1/2935 3274/1/2941 3262/1/2928
f 3274/1/2941 3263/1/2929 3262/1/2928
f 3267/1/2934 3264/1/2931 3275/1/2942
f 3265/1/2932 3270/1/2937 3276/1/2943
f 3269/1/2936 3265/1/2932 3277/1/2944
f 3261/1/2927 3278/1/2945 3271/1/2938
f 3266/1/2933 3271/1/2938 3279/1/2946
f 3279/1/2946 3270/1/2937 3266/1/2933
f 3273/1/2940 3258/1/2925 3272/1/2939
f 3272/1/2939 3267/1/2934 3275/1/2942
f 3280/1/2947 3268/1/2935 3273/1/2940
f 3281/1/2948 3274/1/2941 3268/1/2935
f 3265/1/2932 3276/1/2943 3277/1/2944
f 3270/1/2937 3282/1/2949 3276/1/2943
f 3283/1/2950 3271/1/2938 3278/1/2945
f 3283/1/2950 3279/1/2946 3271/1/2938
f 3279/1/2946 3282/1/2949 3270/1/2937
f 3273/1/2940 3272/1/2939 3284/1/2951
f 3272/1/2939 3275/1/2942 3285/1/2952
f 3281/1/2948 3268/1/2935 3280/1/2947
f 3280/1/2947 3273/1/2940 3286/1/2953
f 3287/1/2954 3274/1/2941 3281/1/2948
f 3276/1/2943 3282/1/2949 3288/1/2955
f 3283/1/2950 3289/1/2956 3279/1/2946
f 3290/1/2957 3282/1/2949 3279/1/2946
f 3284/1/2951 3272/1/2939 3285/1/2952
f 3286/1/2953 3273/1/2940 3284/1/2951
f 3291/1/2958 3281/1/2948 3280/1/2947
f 3292/1/2959 3280/1/2947 3286/1/2953
f 3287/1/2954 3281/1/2948 3293/1/2960
f 3295/1/2961 3289/1/2956 3283/1/2950
f 3289/1/2956 3296/1/2962 3279/1/2946
f 3296/1/2962 3290/1/2957 3279/1/2946
f 3294/1/2963 3282/1/2949 3290/1/2957
f 3286/1/2953 3284/1/2951 3297/1/2964
f 3292/1/2959 3291/1/2958 3280/1/2947
f 3293/1/2960 3281/1/2948 3291/1/2958
f 3292/1/2959 3286/1/2953 3298/1/2965
f 3295/1/2961 3299/1/2966 3289/1/2956
f 3300/1/2967 3296/1/2962 3289/1/2956
f 3301/1/2968 3290/1/2957 3296/1/2962
f 3297/1/2964 3298/1/2965 3286/1/2953
f 3302/1/2969 3291/1/2958 3292/1/2959
f 3293/1/2960 3291/1/2958 3302/1/2969
f 3303/1/2970 3292/1/2959 3298/1/2965
f 3299/1/2966 3300/1/2967 3289/1/2956
f 3300/1/2967 3304/1/2971 3296/1/2962
f 3301/1/2968 3296/1/2962 3304/1/2971
f 3305/1/2972 3302/1/2969 3292/1/2959
f 3293/1/2960 3302/1/2969 3306/1/2973
f 3307/1/2974 3303/1/2970 3298/1/2965
f 3308/1/2975 3292/1/2959 3303/1/2970
f 3299/1/2966 3309/1/2976 3300/1/2967
f 3310/1/2977 3304/1/2971 3300/1/2967
f 3305/1/2972 3292/1/2959 3308/1/2975
f 3311/1/2978 3302/1/2969 3305/1/2972
f 3306/1/2973 3302/1/2969 3311/1/2978
f 3307/1/2974 3308/1/2975 3303/1/2970
f 3312/1/2979 3309/1/2976 3299/1/2966
f 3309/1/2976 3310/1/2977 3300/1/2967
f 3310/1/2977 3313/1/2980 3304/1/2971
f 3314/1/2981 3305/1/2972 3308/1/2975
f 3311/1/2978 3305/1/2972 3315/1/2982
f 3316/1/2983 3308/1/2975 3317/1/2984
f 3318/1/2985 3309/1/2976 3312/1/2979
f 3319/1/2986 3310/1/2977 3309/1/2976
f 3320/1/2987 3313/1/2980 3310/1/2977
f 3315/1/2982 3305/1/2972 3314/1/2981
f 3314/1/2981 3308/1/2975 3321/1/2988
f 3316/1/2983 3323/1/2989 3308/1/2975
f 3318/1/2985 3319/1/2986 3309/1/2976
f 3324/1/2990 3310/1/2977 3319/1/2986
f 3324/1/2990 3320/1/2987 3310/1/2977
f 3325/1/2991 3315/1/2982 3314/1/2981
f 3326/1/2992 3314/1/2981 3321/1/2988
f 3323/1/2989 3321/1/2988 3308/1/2975
f 3322/1/2993 3315/1/2982 3325/1/2991
f 3318/1/2985 3327/1/2994 3319/1/2986
f 3324/1/2990 3319/1/2986 3327/1/2994
f 3328/1/2995 3320/1/2987 3324/1/2990
f 3329/1/2996 3325/1/2991 3314/1/2981
f 3323/1/2989 3326/1/2992 3321/1/2988
f 3330/1/2997 3314/1/2981 3326/1/2992
f 3331/1/2998 3322/1/2993 3325/1/2991
f 3332/1/2999 3327/1/2994 3318/1/2985
f 3333/1/3000 3324/1/2990 3327/1/2994
f 3334/1/3001 3328/1/2995 3324/1/2990
f 3330/1/2997 3329/1/2996 3314/1/2981
f 3335/1/3002 3325/1/2991 3329/1/2996
f 3336/1/3003 3326/1/2992 3323/1/2989
f 3337/1/3004 3330/1/2997 3326/1/2992
f 3331/1/2998 3325/1/2991 3335/1/3002
f 3338/1/3005 3333/1/3000 3327/1/2994
f 3334/1/3001 3324/1/2990 3333/1/3000
f 3339/1/3006 3328/1/2995 3334/1/3001
f 3340/1/3007 3329/1/2996 3330/1/2997
f 3335/1/3002 3329/1/2996 3340/1/3007
f 3336/1/3003 3341/1/3008 3326/1/2992
f 3342/1/3009 3330/1/2997 3337/1/3004
f 3343/1/3010 3337/1/3004 3326/1/2992
f 3338/1/3005 3344/1/3011 3333/1/3000
f 3344/1/3011 3334/1/3001 3333/1/3000
f 3339/1/3006 3334/1/3001 3345/1/3012
f 3340/1/3007 3330/1/2997 3346/1/3013
f 3335/1/3002 3340/1/3007 3347/1/3014
f 3348/1/3015 3342/1/3009 3337/1/3004
f 3346/1/3013 3330/1/2997 3342/1/3009
f 3348/1/3015 3337/1/3004 3343/1/3010
f 3349/1/3016 3344/1/3011 3338/1/3005
f 3345/1/3012 3334/1/3001 3344/1/3011
f 3350/1/3017 3340/1/3007 3346/1/3013
f 3347/1/3014 3340/1/3007 3350/1/3017
f 3348/1/3015 3351/1/3018 3342/1/3009
f 3351/1/3018 3346/1/3013 3342/1/3009
f 3352/1/3019 3344/1/3011 3349/1/3016
f 3353/1/3020 3345/1/3012 3344/1/3011
f 3355/1/3021 3350/1/3017 3346/1/3013
f 3357/1/3022 3351/1/3018 3348/1/3015
f 3358/1/3023 3346/1/3013 3351/1/3018
f 3359/1/3024 3344/1/3011 3352/1/3019
f 3353/1/3020 3344/1/3011 3359/1/3024
f 3353/1/3020 3360/1/3025 3345/1/3012
f 3354/1/3026 3345/1/3012 3360/1/3025
f 3358/1/3023 3355/1/3021 3346/1/3013
f 3350/1/3017 3355/1/3021 3361/1/3027
f 3350/1/3017 3361/1/3027 3356/1/3028
f 3357/1/3022 3362/1/3029 3351/1/3018
f 3351/1/3018 3362/1/3029 3358/1/3023
f 3363/1/3030 3359/1/3024 3352/1/3019
f 3363/1/3030 3353/1/3020 3359/1/3024
f 3364/1/3031 3360/1/3025 3353/1/3020
f 3364/1/3031 3354/1/3026 3360/1/3025
f 3365/1/3032 3355/1/3021 3358/1/3023
f 3355/1/3021 3366/1/3033 3361/1/3027
f 3362/1/3029 3367/1/3034 3358/1/3023
f 3363/1/3030 3352/1/3019 3368/1/3035
f 3370/1/3036 3353/1/3020 3363/1/3030
f 3371/1/3037 3364/1/3031 3353/1/3020
f 3372/1/3038 3354/1/3026 3364/1/3031
f 3358/1/3023 3373/1/3039 3365/1/3032
f 3355/1/3021 3365/1/3032 3366/1/3033
f 3362/1/3029 3374/1/3040 3367/1/3034
f 3375/1/3041 3358/1/3023 3367/1/3034
f 3376/1/3042 3363/1/3030 3368/1/3035
f 3369/1/3043 3363/1/3030 3377/1/3044
f 3371/1/3037 3353/1/3020 3370/1/3036
f 3371/1/3037 3378/1/3045 3364/1/3031
f 3378/1/3045 3372/1/3038 3364/1/3031
f 3375/1/3041 3373/1/3039 3358/1/3023
f 3373/1/3039 3379/1/3046 3365/1/3032
f 3365/1/3032 3379/1/3046 3366/1/3033
f 3374/1/3040 3380/1/3047 3367/1/3034
f 3367/1/3034 3380/1/3047 3375/1/3041
f 3377/1/3044 3363/1/3030 3376/1/3042
f 3370/1/3036 3377/1/3044 3381/1/3048
f 3382/1/3049 3371/1/3037 3370/1/3036
f 3382/1/3049 3378/1/3045 3371/1/3037
f 3375/1/3041 3370/1/3036 3373/1/3039
f 3373/1/3039 3381/1/3048 3379/1/3046
f 3366/1/3033 3379/1/3046 3383/1/3050
f 3380/1/3047 3382/1/3049 3375/1/3041
f 3381/1/3048 3377/1/3044 3376/1/3042
f 3370/1/3036 3381/1/3048 3373/1/3039
f 3382/1/3049 3370/1/3036 3375/1/3041
f 3384/1/3051 3378/1/3045 3382/1/3049
f 3379/1/3046 3381/1/3048 3385/1/69
f 3379/1/3046 3385/1/69 3383/1/3050
f 3381/1/3048 3376/1/3042 3385/1/69
f 3386/1/3052 3387/1/3052 3388/1/3052
f 3389/1/3053 3390/1/3053 3391/1/3053
f 3392/1/3054 3393/1/3054 3394/1/3054
f 3395/1/3055 3396/1/3055 3397/1/3055
f 3398/1/3056 3399/1/3056 3400/1/3056
f 3401/1/3057 3402/1/3057 3403/1/3057
f 3404/1/3058 3405/1/3058 3406/1/3058
f 3407/1/3059 3408/1/3059 3409/1/3059
f 3410/1/3060 3411/1/3060 3412/1/3060
f 3413/1/3061 3414/1/3061 3415/1/3061
f 3416/1/3062 3417/1/3062 3418/1/3062
f 3419/1/3063 3420/1/3063 3421/1/3063
f 3422/1/3064 3423/1/3064 3424/1/3064
f 3425/1/3065 3426/1/3065 3427/1/3065
f 3428/1/3066 3429/1/3066 3430/1/3066
f 3431/1/3067 3432/1/3067 3433/1/3067
f 3434/1/3068 3435/1/3068 3436/1/3068
f 3437/1/3069 3438/1/3069 3439/1/3069
f 3443/1/3070 3444/1/3070 3445/1/3070
f 3446/1/1760 3447/1/1760 3448/1/1760
f 3449/1/1760 3446/1/1760 3448/1/1760
f 3450/1/3071 3451/1/3071 3452/1/3071
f 3460/1/3076 3461/1/3076 3462/1/3076
f 3463/1/3077 3464/1/3077 3465/1/3077
usemtl Tyres
f 1871/1/1733 1872/1/1734 1873/1/1735
f 1872/1/1734 1874/1/1736 1873/1/1735
f 1871/1/1733 1873/1/1735 1875/1/1737
f 1876/1/1738 1872/1/1734 1871/1/1733
f 1872/1/1734 1877/1/1739 1874/1/1736
f 1873/1/1735 1874/1/1736 1878/1/1740
f 1871/1/1733 1875/1/1737 1879/1/1741
f 1873/1/1735 1878/1/1740 1875/1/1737
f 1880/1/1742 1872/1/1734 1876/1/1738
f 1881/1/1743 1876/1/1738 1871/1/1733
f 1877/1/1739 1882/1/1744 1874/1/1736
f 1883/1/1745 1877/1/1739 1872/1/1734
f 1874/1/1736 1884/1/1746 1878/1/1740
f 1879/1/1741 1875/1/1737 1885/1/1747
f 1886/1/1748 1871/1/1733 1879/1/1741
f 1875/1/1737 1878/1/1740 1887/1/1749
f 1888/1/1750 1880/1/1742 1876/1/1738
f 1880/1/1742 1883/1/1745 1872/1/1734
f 1888/1/1750 1876/1/1738 1881/1/1743
f 1881/1/1743 1871/1/1733 1886/1/1748
f 1877/1/1739 1889/1/1751 1882/1/1744
f 1874/1/1736 1882/1/1744 1884/1/1746
f 1883/1/1745 1890/1/1752 1877/1/1739
f 1878/1/1740 1884/1/1746 1891/1/1753
f 1875/1/1737 1887/1/1749 1885/1/1747
f 1879/1/1741 1885/1/1747 1892/1/1754
f 1886/1/1748 1879/1/1741 1893/1/1755
f 1878/1/1740 1891/1/1753 1887/1/1749
f 1894/1/1756 1880/1/1742 1888/1/1750
f 1895/1/1757 1883/1/1745 1880/1/1742
f 1896/1/1758 1888/1/1750 1881/1/1743
f 1897/1/1759 1881/1/1743 1886/1/1748
f 1898/1/1760 1899/1/1760 1900/1/1760
f 1890/1/1752 1889/1/1751 1877/1/1739
f 1884/1/1746 1882/1/1744 1901/1/1761
f 1902/1/1762 1890/1/1752 1883/1/1745
f 1891/1/1753 1884/1/1746 1903/1/1763
f 1885/1/1747 1887/1/1749 1904/1/1764
f 1892/1/1754 1885/1/1747 1905/1/1765
f 1893/1/1755 1879/1/1741 1892/1/1754
f 1906/1/1766 1886/1/1748 1893/1/1755
f 1887/1/1749 1891/1/1753 1907/1/1767
f 1908/1/1768 1894/1/1756 1888/1/1750
f 1894/1/1756 1895/1/1757 1880/1/1742
f 1895/1/1757 1902/1/1762 1883/1/1745
f 1908/1/1768 1888/1/1750 1896/1/1758
f 1896/1/1758 1881/1/1743 1897/1/1759
f 1897/1/1759 1886/1/1748 1906/1/1766
f 1890/1/1752 1909/1/1769 1889/1/1751
f 1910/1/1770 1911/1/1771 1912/1/1772
f 1882/1/1744 1912/1/1772 1901/1/1761
f 1884/1/1746 1901/1/1761 1903/1/1763
f 1902/1/1762 1913/1/1773 1890/1/1752
f 1891/1/1753 1903/1/1763 1914/1/1774
f 1887/1/1749 1907/1/1767 1904/1/1764
f 1885/1/1747 1904/1/1764 1905/1/1765
f 1892/1/1754 1905/1/1765 1915/1/1775
f 1893/1/1755 1892/1/1754 1916/1/1776
f 1906/1/1766 1893/1/1755 1917/1/1777
f 1907/1/1767 1891/1/1753 1914/1/1774
f 1918/1/1778 1894/1/1756 1908/1/1768
f 1919/1/1779 1895/1/1757 1894/1/1756
f 1920/1/1780 1902/1/1762 1895/1/1757
f 1921/1/320 1922/1/320 1923/1/320
f 1897/1/1759 1924/1/1781 1896/1/1758
f 1906/1/1766 1925/1/1782 1897/1/1759
f 1913/1/1773 1909/1/1769 1890/1/1752
f 1911/1/1771 1926/1/1783 1912/1/1772
f 1901/1/1761 1912/1/1772 1927/1/1784
f 1903/1/1763 1901/1/1761 1928/1/1785
f 1929/1/1786 1913/1/1773 1902/1/1762
f 1914/1/1774 1903/1/1763 1930/1/1787
f 1904/1/1764 1907/1/1767 1931/1/1788
f 1905/1/1765 1904/1/1764 1932/1/1789
f 1915/1/1775 1905/1/1765 1933/1/1790
f 1916/1/1776 1892/1/1754 1915/1/1775
f 1917/1/1777 1893/1/1755 1916/1/1776
f 1917/1/1777 1934/1/1791 1906/1/1766
f 1907/1/1767 1914/1/1774 1935/1/1792
f 1918/1/1778 1919/1/1779 1894/1/1756
f 1919/1/1779 1920/1/1780 1895/1/1757
f 1920/1/1780 1929/1/1786 1902/1/1762
f 1936/1/1793 1937/1/1794 1938/1/1795
f 1924/1/1781 1897/1/1759 1925/1/1782
f 1937/1/1794 1896/1/1758 1924/1/1781
f 1925/1/1782 1906/1/1766 1934/1/1791
f 1913/1/1773 1939/1/1796 1909/1/1769
f 1940/1/1797 1926/1/1783 1911/1/1771
f 1912/1/1772 1926/1/1783 1941/1/1798
f 1928/1/1785 1901/1/1761 1927/1/1784
f 1927/1/1784 1912/1/1772 1941/1/1798
f 1930/1/1787 1903/1/1763 1928/1/1785
f 1929/1/1786 1942/1/1799 1913/1/1773
f 1914/1/1774 1930/1/1787 1943/1/1800
f 1931/1/1788 1907/1/1767 1935/1/1792
f 1904/1/1764 1931/1/1788 1932/1/1789
f 1905/1/1765 1932/1/1789 1933/1/1790
f 1915/1/1775 1933/1/1790 1944/1/1801
f 1916/1/1776 1915/1/1775 1945/1/1802
f 1917/1/1777 1916/1/1776 1946/1/1803
f 1934/1/1791 1917/1/1777 1947/1/1804
f 1935/1/1792 1914/1/1774 1943/1/1800
f 1948/1/1805 1919/1/1779 1918/1/1778
f 1949/1/1806 1920/1/1780 1919/1/1779
f 1950/1/1807 1929/1/1786 1920/1/1780
f 1951/1/1808 1938/1/1795 1937/1/1794
f 1925/1/1782 1952/1/1809 1924/1/1781
f 1924/1/1781 1953/1/1810 1937/1/1794
f 1934/1/1791 1954/1/1811 1925/1/1782
f 1900/1/1760 1955/1/1760 1956/1/1760
f 1942/1/1799 1939/1/1796 1913/1/1773
f 1926/1/1783 1940/1/1797 1957/1/1812
f 1941/1/1798 1926/1/1783 1958/1/1813
f 1959/1/1814 1942/1/1799 1929/1/1786
f 1931/1/1788 1935/1/1792 1960/1/1815
f 1932/1/1789 1931/1/1788 1961/1/1816
f 1933/1/1790 1932/1/1789 1962/1/1817
f 1944/1/1801 1933/1/1790 1963/1/1818
f 1945/1/1802 1915/1/1775 1944/1/1801
f 1946/1/1803 1916/1/1776 1945/1/1802
f 1946/1/1803 1947/1/1804 1917/1/1777
f 1947/1/1804 1964/1/1819 1934/1/1791
f 1935/1/1792 1943/1/1800 1965/1/1820
f 1922/1/320 1966/1/320 1967/1/320
f 1948/1/1805 1949/1/1806 1919/1/1779
f 1949/1/1806 1950/1/1807 1920/1/1780
f 1950/1/1807 1959/1/1814 1929/1/1786
f 1937/1/1794 1968/1/1821 1951/1/1808
f 1951/1/1808 1969/1/1822 1938/1/1795
f 1954/1/1811 1952/1/1809 1925/1/1782
f 1952/1/1809 1953/1/1810 1924/1/1781
f 1953/1/1810 1968/1/1821 1937/1/1794
f 1964/1/1819 1954/1/1811 1934/1/1791
f 1942/1/1799 1940/1/1797 1939/1/1796
f 1970/1/1823 1957/1/1812 1940/1/1797
f 1958/1/1813 1926/1/1783 1957/1/1812
f 1959/1/1814 1971/1/1824 1942/1/1799
f 1960/1/1815 1935/1/1792 1965/1/1820
f 1961/1/1816 1931/1/1788 1960/1/1815
f 1932/1/1789 1961/1/1816 1962/1/1817
f 1933/1/1790 1962/1/1817 1963/1/1818
f 1944/1/1801 1963/1/1818 1972/1/1825
f 1945/1/1802 1944/1/1801 1973/1/1826
f 1946/1/1803 1945/1/1802 1974/1/1827
f 1947/1/1804 1946/1/1803 1975/1/1828
f 1947/1/1804 1976/1/1829 1964/1/1819
f 1969/1/1822 1949/1/1806 1948/1/1805
f 1977/1/1830 1950/1/1807 1949/1/1806
f 1950/1/1807 1978/1/1831 1959/1/1814
f 1968/1/1821 1979/1/1832 1951/1/1808
f 1951/1/1808 1980/1/1833 1969/1/1822
f 1971/1/1824 1940/1/1797 1942/1/1799
f 1957/1/1812 1970/1/1823 1981/1/1834
f 1971/1/1824 1970/1/1823 1940/1/1797
f 1958/1/1813 1957/1/1812 1982/1/1835
f 1978/1/1831 1971/1/1824 1959/1/1814
f 1960/1/1815 1965/1/1820 1983/1/1836
f 1961/1/1816 1960/1/1815 1984/1/1837
f 1962/1/1817 1961/1/1816 1985/1/1838
f 1963/1/1818 1962/1/1817 1986/1/1839
f 1987/1/1840 1972/1/1825 1963/1/1818
f 1973/1/1826 1944/1/1801 1972/1/1825
f 1974/1/1827 1945/1/1802 1973/1/1826
f 1974/1/1827 1975/1/1828 1946/1/1803
f 1975/1/1828 1976/1/1829 1947/1/1804
f 1969/1/1822 1977/1/1830 1949/1/1806
f 1977/1/1830 1988/1/1841 1950/1/1807
f 1988/1/1841 1978/1/1831 1950/1/1807
f 1979/1/1832 1980/1/1833 1951/1/1808
f 1980/1/1833 1989/1/1842 1969/1/1822
f 1970/1/1823 1990/1/1843 1981/1/1834
f 1982/1/1835 1957/1/1812 1981/1/1834
f 1991/1/1844 1970/1/1823 1971/1/1824
f 1978/1/1831 1991/1/1844 1971/1/1824
f 1984/1/1837 1960/1/1815 1983/1/1836
f 1985/1/1838 1961/1/1816 1984/1/1837
f 1962/1/1817 1985/1/1838 1986/1/1839
f 1992/1/1845 1963/1/1818 1986/1/1839
f 1987/1/1840 1963/1/1818 1992/1/1845
f 1987/1/1840 1993/1/1846 1972/1/1825
f 1973/1/1826 1972/1/1825 1993/1/1846
f 1974/1/1827 1973/1/1826 1994/1/1847
f 1975/1/1828 1974/1/1827 1995/1/1848
f 1975/1/1828 1996/1/1849 1976/1/1829
f 1989/1/1842 1977/1/1830 1969/1/1822
f 1997/1/1850 1988/1/1841 1977/1/1830
f 1988/1/1841 1998/1/1851 1978/1/1831
f 1979/1/1832 1999/1/1852 1980/1/1833
f 1980/1/1833 2000/1/1853 1989/1/1842
f 1981/1/1834 1990/1/1843 2001/1/1854
f 1991/1/1844 1990/1/1843 1970/1/1823
f 1982/1/1835 1981/1/1834 2002/1/1855
f 1998/1/1851 1991/1/1844 1978/1/1831
f 1984/1/1837 1983/1/1836 2003/1/1856
f 1985/1/1838 1984/1/1837 2004/1/1857
f 1986/1/1839 1985/1/1838 2005/1/1858
f 2006/1/1859 1992/1/1845 1986/1/1839
f 2007/1/1860 1987/1/1840 1992/1/1845
f 2008/1/1861 1993/1/1846 1987/1/1840
f 1994/1/1847 1973/1/1826 1993/1/1846
f 1994/1/1847 1995/1/1848 1974/1/1827
f 1995/1/1848 1996/1/1849 1975/1/1828
f 1989/1/1842 1997/1/1850 1977/1/1830
f 1997/1/1850 2009/1/1862 1988/1/1841
f 2009/1/1862 1998/1/1851 1988/1/1841
f 1999/1/1852 2000/1/1853 1980/1/1833
f 1989/1/1842 2000/1/1853 2010/1/1863
f 2011/1/1864 2001/1/1854 1990/1/1843
f 2002/1/1855 1981/1/1834 2001/1/1854
f 2012/1/1865 1990/1/1843 1991/1/1844
f 1998/1/1851 2012/1/1865 1991/1/1844
f 2004/1/1857 1984/1/1837 2003/1/1856
f 2005/1/1858 1985/1/1838 2004/1/1857
f 2006/1/1859 1986/1/1839 2005/1/1858
f 2007/1/1860 1992/1/1845 2006/1/1859
f 2013/1/1866 1987/1/1840 2007/1/1860
f 2013/1/1866 2008/1/1861 1987/1/1840
f 2008/1/1861 2014/1/1867 1993/1/1846
f 1994/1/1847 1993/1/1846 2014/1/1867
f 1995/1/1848 1994/1/1847 2015/1/1868
f 1995/1/1848 2016/1/1869 1996/1/1849
f 2010/1/1863 1997/1/1850 1989/1/1842
f 2017/1/1870 2009/1/1862 1997/1/1850
f 2018/1/1871 1998/1/1851 2009/1/1862
f 1999/1/1852 2019/1/1872 2000/1/1853
f 2000/1/1853 2020/1/1873 2010/1/1863
f 2001/1/1854 2011/1/1864 2021/1/1874
f 2011/1/1864 1990/1/1843 2012/1/1865
f 2002/1/1855 2001/1/1854 2022/1/1875
f 2023/1/1876 2012/1/1865 1998/1/1851
f 2004/1/1857 2003/1/1856 2024/1/1877
f 2005/1/1858 2004/1/1857 2025/1/1878
f 2026/1/1879 2006/1/1859 2005/1/1858
f 2027/1/1880 2007/1/1860 2006/1/1859
f 2028/1/1881 2013/1/1866 2007/1/1860
f 2029/1/1882 2008/1/1861 2013/1/1866
f 2030/1/1883 2014/1/1867 2008/1/1861
f 2014/1/1867 2015/1/1868 1994/1/1847
f 2015/1/1868 2016/1/1869 1995/1/1848
f 2010/1/1863 2017/1/1870 1997/1/1850
f 2017/1/1870 2018/1/1871 2009/1/1862
f 2018/1/1871 2023/1/1876 1998/1/1851
f 2019/1/1872 2020/1/1873 2000/1/1853
f 2031/1/1884 2010/1/1863 2020/1/1873
f 2032/1/1885 2021/1/1874 2011/1/1864
f 2022/1/1875 2001/1/1854 2021/1/1874
f 2011/1/1864 2012/1/1865 2033/1/1886
f 2033/1/1886 2012/1/1865 2023/1/1876
f 2025/1/1878 2004/1/1857 2024/1/1877
f 2026/1/1879 2005/1/1858 2025/1/1878
f 2027/1/1880 2006/1/1859 2026/1/1879
f 2028/1/1881 2007/1/1860 2027/1/1880
f 2034/1/1887 2013/1/1866 2028/1/1881
f 2034/1/1887 2029/1/1882 2013/1/1866
f 2029/1/1882 2030/1/1883 2008/1/1861
f 2030/1/1883 2035/1/1888 2014/1/1867
f 2015/1/1868 2014/1/1867 2035/1/1888
f 2015/1/1868 2036/1/1889 2016/1/1869
f 2031/1/1884 2017/1/1870 2010/1/1863
f 2037/1/1890 2018/1/1871 2017/1/1870
f 2038/1/1891 2023/1/1876 2018/1/1871
f 2019/1/1872 2039/1/1892 2020/1/1873
f 2020/1/1873 2040/1/1893 2031/1/1884
f 2041/1/1894 2021/1/1874 2032/1/1885
f 2032/1/1885 2011/1/1864 2033/1/1886
f 2022/1/1875 2021/1/1874 2042/1/1895
f 2033/1/1886 2023/1/1876 2038/1/1891
f 2025/1/1878 2024/1/1877 2043/1/1896
f 2026/1/1879 2025/1/1878 2044/1/1897
f 2045/1/1898 2027/1/1880 2026/1/1879
f 2046/1/1899 2028/1/1881 2027/1/1880
f 2047/1/1900 2034/1/1887 2028/1/1881
f 2048/1/1901 2029/1/1882 2034/1/1887
f 2049/1/1902 2030/1/1883 2029/1/1882
f 2035/1/1888 2030/1/1883 2050/1/1903
f 2035/1/1888 2036/1/1889 2015/1/1868
f 2031/1/1884 2037/1/1890 2017/1/1870
f 2037/1/1890 2051/1/1904 2018/1/1871
f 2038/1/1891 2018/1/1871 2051/1/1904
f 2039/1/1892 2040/1/1893 2020/1/1873
f 2052/1/1905 2031/1/1884 2040/1/1893
f 2053/1/1906 2041/1/1894 2032/1/1885
f 2042/1/1895 2021/1/1874 2041/1/1894
f 2032/1/1885 2033/1/1886 2054/1/1907
f 2054/1/1907 2033/1/1886 2038/1/1891
f 2044/1/1897 2025/1/1878 2043/1/1896
f 2045/1/1898 2026/1/1879 2044/1/1897
f 2046/1/1899 2027/1/1880 2045/1/1898
f 2055/1/1908 2028/1/1881 2046/1/1899
f 2047/1/1900 2028/1/1881 2055/1/1908
f 2047/1/1900 2048/1/1901 2034/1/1887
f 2048/1/1901 2049/1/1902 2029/1/1882
f 2049/1/1902 2050/1/1903 2030/1/1883
f 2050/1/1903 2056/1/1909 2035/1/1888
f 2035/1/1888 2056/1/1909 2036/1/1889
f 2052/1/1905 2037/1/1890 2031/1/1884
f 2057/1/1910 2051/1/1904 2037/1/1890
f 2058/1/1911 2038/1/1891 2051/1/1904
f 2039/1/1892 2059/1/1912 2040/1/1893
f 2060/1/1913 2052/1/1905 2040/1/1893
f 2061/1/1914 2041/1/1894 2053/1/1906
f 2053/1/1906 2032/1/1885 2054/1/1907
f 2042/1/1895 2041/1/1894 2062/1/1915
f 2054/1/1907 2038/1/1891 2058/1/1911
f 2044/1/1897 2043/1/1896 2063/1/1916
f 2045/1/1898 2044/1/1897 2064/1/1917
f 2065/1/1918 2046/1/1899 2045/1/1898
f 2066/1/1919 2055/1/1908 2046/1/1899
f 2067/1/1920 2047/1/1900 2055/1/1908
f 2068/1/1921 2048/1/1901 2047/1/1900
f 2069/1/1922 2049/1/1902 2048/1/1901
f 2049/1/1902 2070/1/1923 2050/1/1903
f 2050/1/1903 2071/1/1924 2056/1/1909
f 2052/1/1905 2057/1/1910 2037/1/1890
f 2057/1/1910 2072/1/1925 2051/1/1904
f 2058/1/1911 2051/1/1904 2072/1/1925
f 2059/1/1912 2060/1/1913 2040/1/1893
f 2073/1/1926 2052/1/1905 2060/1/1913
f 2074/1/1927 2061/1/1914 2053/1/1906
f 2062/1/1915 2041/1/1894 2061/1/1914
f 2053/1/1906 2054/1/1907 2075/1/1928
f 2075/1/1928 2054/1/1907 2058/1/1911
f 2064/1/1917 2044/1/1897 2063/1/1916
f 2065/1/1918 2045/1/1898 2064/1/1917
f 2066/1/1919 2046/1/1899 2065/1/1918
f 2067/1/1920 2055/1/1908 2066/1/1919
f 2076/1/1929 2047/1/1900 2067/1/1920
f 2076/1/1929 2068/1/1921 2047/1/1900
f 2068/1/1921 2069/1/1922 2048/1/1901
f 2069/1/1922 2070/1/1923 2049/1/1902
f 2070/1/1923 2071/1/1924 2050/1/1903
f 2073/1/1926 2057/1/1910 2052/1/1905
f 2077/1/1930 2072/1/1925 2057/1/1910
f 2078/1/1931 2058/1/1911 2072/1/1925
f 2059/1/1912 2079/1/1932 2060/1/1913
f 2080/1/1933 2073/1/1926 2060/1/1913
f 2081/1/1934 2061/1/1914 2074/1/1927
f 2074/1/1927 2053/1/1906 2075/1/1928
f 2062/1/1915 2061/1/1914 2082/1/1935
f 2075/1/1928 2058/1/1911 2078/1/1931
f 2064/1/1917 2063/1/1916 2083/1/1936
f 2065/1/1918 2064/1/1917 2084/1/1937
f 2085/1/1938 2066/1/1919 2065/1/1918
f 2086/1/1939 2067/1/1920 2066/1/1919
f 2087/1/1940 2076/1/1929 2067/1/1920
f 2088/1/1941 2068/1/1921 2076/1/1929
f 2089/1/1942 2069/1/1922 2068/1/1921
f 2069/1/1922 2090/1/1943 2070/1/1923
f 2070/1/1923 2091/1/1944 2071/1/1924
f 2073/1/1926 2077/1/1930 2057/1/1910
f 2077/1/1930 2092/1/1945 2072/1/1925
f 2078/1/1931 2072/1/1925 2092/1/1945
f 2079/1/1932 2080/1/1933 2060/1/1913
f 2093/1/1946 2073/1/1926 2080/1/1933
f 2094/1/1947 2081/1/1934 2074/1/1927
f 2082/1/1935 2061/1/1914 2081/1/1934
f 2074/1/1927 2075/1/1928 2095/1/1948
f 2095/1/1948 2075/1/1928 2078/1/1931
f 2084/1/1937 2064/1/1917 2083/1/1936
f 2085/1/1938 2065/1/1918 2084/1/1937
f 2086/1/1939 2066/1/1919 2085/1/1938
f 2087/1/1940 2067/1/1920 2086/1/1939
f 2096/1/1949 2076/1/1929 2087/1/1940
f 2096/1/1949 2088/1/1941 2076/1/1929
f 2088/1/1941 2089/1/1942 2068/1/1921
f 2089/1/1942 2090/1/1943 2069/1/1922
f 2090/1/1943 2091/1/1944 2070/1/1923
f 2093/1/1946 2077/1/1930 2073/1/1926
f 2097/1/1950 2092/1/1945 2077/1/1930
f 2098/1/1951 2078/1/1931 2092/1/1945
f 2079/1/1932 2099/1/1952 2080/1/1933
f 2100/1/1953 2093/1/1946 2080/1/1933
f 2101/1/1954 2081/1/1934 2094/1/1947
f 2094/1/1947 2074/1/1927 2095/1/1948
f 2082/1/1935 2081/1/1934 2102/1/1955
f 2095/1/1948 2078/1/1931 2103/1/1956
f 2084/1/1937 2083/1/1936 2104/1/1957
f 2085/1/1938 2084/1/1937 2105/1/1958
f 2106/1/1959 2086/1/1939 2085/1/1938
f 2087/1/1940 2086/1/1939 2107/1/1960
f 2108/1/1961 2096/1/1949 2087/1/1940
f 2109/1/1962 2088/1/1941 2096/1/1949
f 2110/1/1963 2089/1/1942 2088/1/1941
f 2089/1/1942 2111/1/1964 2090/1/1943
f 2090/1/1943 2112/1/1965 2091/1/1944
f 2093/1/1946 2097/1/1950 2077/1/1930
f 2097/1/1950 2098/1/1951 2092/1/1945
f 2103/1/1956 2078/1/1931 2098/1/1951
f 2099/1/1952 2100/1/1953 2080/1/1933
f 2113/1/1966 2093/1/1946 2100/1/1953
f 2114/1/1967 2101/1/1954 2094/1/1947
f 2102/1/1955 2081/1/1934 2101/1/1954
f 2094/1/1947 2095/1/1948 2115/1/1968
f 2115/1/1968 2095/1/1948 2103/1/1956
f 2105/1/1958 2084/1/1937 2104/1/1957
f 2106/1/1959 2085/1/1938 2105/1/1958
f 2107/1/1960 2086/1/1939 2106/1/1959
f 2116/1/1969 2087/1/1940 2107/1/1960
f 2108/1/1961 2087/1/1940 2116/1/1969
f 2108/1/1961 2109/1/1962 2096/1/1949
f 2109/1/1962 2110/1/1963 2088/1/1941
f 2110/1/1963 2111/1/1964 2089/1/1942
f 2111/1/1964 2112/1/1965 2090/1/1943
f 2113/1/1966 2097/1/1950 2093/1/1946
f 2117/1/1970 2098/1/1951 2097/1/1950
f 2118/1/1971 2103/1/1956 2098/1/1951
f 2099/1/1952 2119/1/1972 2100/1/1953
f 2120/1/1973 2113/1/1966 2100/1/1953
f 2121/1/1974 2101/1/1954 2114/1/1967
f 2114/1/1967 2094/1/1947 2115/1/1968
f 2122/1/1975 2102/1/1955 2101/1/1954
f 2115/1/1968 2103/1/1956 2118/1/1971
f 2105/1/1958 2104/1/1957 2123/1/1976
f 2106/1/1959 2105/1/1958 2124/1/1977
f 2125/1/1978 2107/1/1960 2106/1/1959
f 2116/1/1969 2107/1/1960 2126/1/1979
f 2127/1/1980 2108/1/1961 2116/1/1969
f 2108/1/1961 2128/1/1981 2109/1/1962
f 2129/1/1982 2110/1/1963 2109/1/1962
f 2110/1/1963 2130/1/1983 2111/1/1964
f 2111/1/1964 2131/1/1984 2112/1/1965
f 2113/1/1966 2117/1/1970 2097/1/1950
f 2117/1/1970 2132/1/1985 2098/1/1951
f 2118/1/1971 2098/1/1951 2132/1/1985
f 2119/1/1972 2120/1/1973 2100/1/1953
f 2133/1/1986 2113/1/1966 2120/1/1973
f 2134/1/1987 2121/1/1974 2114/1/1967
f 2122/1/1975 2101/1/1954 2121/1/1974
f 2135/1/1988 2114/1/1967 2115/1/1968
f 2135/1/1988 2115/1/1968 2118/1/1971
f 2124/1/1977 2105/1/1958 2123/1/1976
f 2125/1/1978 2106/1/1959 2124/1/1977
f 2126/1/1979 2107/1/1960 2125/1/1978
f 2127/1/1980 2116/1/1969 2126/1/1979
f 2136/1/1989 2108/1/1961 2127/1/1980
f 2136/1/1989 2128/1/1981 2108/1/1961
f 2128/1/1981 2129/1/1982 2109/1/1962
f 2129/1/1982 2130/1/1983 2110/1/1963
f 2130/1/1983 2131/1/1984 2111/1/1964
f 2133/1/1986 2117/1/1970 2113/1/1966
f 2137/1/1990 2132/1/1985 2117/1/1970
f 2138/1/1991 2118/1/1971 2132/1/1985
f 2139/1/1992 2120/1/1973 2119/1/1972
f 2140/1/1993 2133/1/1986 2120/1/1973
f 2141/1/1994 2121/1/1974 2134/1/1987
f 2134/1/1987 2114/1/1967 2135/1/1988
f 2142/1/1995 2122/1/1975 2121/1/1974
f 2143/1/1996 2135/1/1988 2118/1/1971
f 2124/1/1977 2123/1/1976 2144/1/1997
f 2125/1/1978 2124/1/1977 2145/1/1998
f 2126/1/1979 2125/1/1978 2146/1/1999
f 2127/1/1980 2126/1/1979 2147/1/2000
f 2148/1/2001 2136/1/1989 2127/1/1980
f 2136/1/1989 2149/1/2002 2128/1/1981
f 2128/1/1981 2150/1/2003 2129/1/1982
f 2129/1/1982 2151/1/2004 2130/1/1983
f 2130/1/1983 2152/1/2005 2131/1/1984
f 2137/1/1990 2117/1/1970 2133/1/1986
f 2138/1/1991 2132/1/1985 2137/1/1990
f 2143/1/1996 2118/1/1971 2138/1/1991
f 2139/1/1992 2140/1/1993 2120/1/1973
f 2153/1/2006 2133/1/1986 2140/1/1993
f 2154/1/2007 2141/1/1994 2134/1/1987
f 2142/1/1995 2121/1/1974 2141/1/1994
f 2155/1/2008 2134/1/1987 2135/1/1988
f 2155/1/2008 2135/1/1988 2143/1/1996
f 2145/1/1998 2124/1/1977 2144/1/1997
f 2125/1/1978 2145/1/1998 2146/1/1999
f 2147/1/2000 2126/1/1979 2146/1/1999
f 2148/1/2001 2127/1/1980 2147/1/2000
f 2156/1/2009 2136/1/1989 2148/1/2001
f 2149/1/2002 2150/1/2003 2128/1/1981
f 2129/1/1982 2150/1/2003 2151/1/2004
f 2151/1/2004 2152/1/2005 2130/1/1983
f 2153/1/2006 2137/1/1990 2133/1/1986
f 2157/1/2010 2138/1/1991 2137/1/1990
f 2158/1/2011 2143/1/1996 2138/1/1991
f 2159/1/2012 2140/1/1993 2139/1/1992
f 2160/1/2013 2153/1/2006 2140/1/1993
f 2161/1/2014 2141/1/1994 2154/1/2007
f 2154/1/2007 2134/1/1987 2155/1/2008
f 2162/1/2015 2142/1/1995 2141/1/1994
f 2163/1/2016 2155/1/2008 2143/1/1996
f 2145/1/1998 2144/1/1997 2164/1/2017
f 2146/1/1999 2145/1/1998 2165/1/2018
f 2147/1/2000 2146/1/1999 2166/1/2019
f 2148/1/2001 2147/1/2000 2167/1/2020
f 2168/1/2021 2156/1/2009 2148/1/2001
f 2150/1/2003 2170/1/2022 2151/1/2004
f 2151/1/2004 2171/1/2023 2152/1/2005
f 2157/1/2010 2137/1/1990 2153/1/2006
f 2158/1/2011 2138/1/1991 2157/1/2010
f 2163/1/2016 2143/1/1996 2158/1/2011
f 2159/1/2012 2160/1/2013 2140/1/1993
f 2172/1/2024 2153/1/2006 2160/1/2013
f 2173/1/2025 2161/1/2014 2154/1/2007
f 2162/1/2015 2141/1/1994 2161/1/2014
f 2174/1/2026 2154/1/2007 2155/1/2008
f 2174/1/2026 2155/1/2008 2163/1/2016
f 2165/1/2018 2145/1/1998 2164/1/2017
f 2146/1/1999 2165/1/2018 2166/1/2019
f 2167/1/2020 2147/1/2000 2166/1/2019
f 2168/1/2021 2148/1/2001 2167/1/2020
f 2175/1/2027 2156/1/2009 2168/1/2021
f 2150/1/2003 2169/1/2028 2170/1/2022
f 2170/1/2022 2171/1/2023 2151/1/2004
f 2172/1/2024 2157/1/2010 2153/1/2006
f 2176/1/2029 2158/1/2011 2157/1/2010
f 2177/1/2030 2163/1/2016 2158/1/2011
f 2178/1/2031 2160/1/2013 2159/1/2012
f 2179/1/2032 2172/1/2024 2160/1/2013
f 2180/1/2033 2161/1/2014 2173/1/2025
f 2173/1/2025 2154/1/2007 2174/1/2026
f 2181/1/2034 2162/1/2015 2161/1/2014
f 2177/1/2030 2174/1/2026 2163/1/2016
f 2165/1/2018 2164/1/2017 2182/1/2035
f 2166/1/2019 2165/1/2018 2183/1/2036
f 2167/1/2020 2166/1/2019 2184/1/2037
f 2168/1/2021 2167/1/2020 2185/1/2038
f 2186/1/2039 2175/1/2027 2168/1/2021
f 2169/1/2028 2187/1/2040 2170/1/2022
f 2170/1/2022 2188/1/2041 2171/1/2023
f 2176/1/2029 2157/1/2010 2172/1/2024
f 2189/1/2042 2158/1/2011 2176/1/2029
f 2177/1/2030 2158/1/2011 2189/1/2042
f 2178/1/2031 2179/1/2032 2160/1/2013
f 2190/1/2043 2172/1/2024 2179/1/2032
f 2191/1/2044 2180/1/2033 2173/1/2025
f 2181/1/2034 2161/1/2014 2180/1/2033
f 2192/1/2045 2173/1/2025 2174/1/2026
f 2192/1/2045 2174/1/2026 2177/1/2030
f 2165/1/2018 2182/1/2035 2183/1/2036
f 2166/1/2019 2183/1/2036 2184/1/2037
f 2185/1/2038 2167/1/2020 2184/1/2037
f 2186/1/2039 2168/1/2021 2185/1/2038
f 2193/1/2046 2175/1/2027 2186/1/2039
f 2170/1/2022 2187/1/2040 2188/1/2041
f 2190/1/2043 2176/1/2029 2172/1/2024
f 2194/1/2047 2189/1/2042 2176/1/2029
f 2195/1/2048 2177/1/2030 2189/1/2042
f 2196/1/2049 2179/1/2032 2178/1/2031
f 2197/1/2050 2190/1/2043 2179/1/2032
f 2198/1/2051 2180/1/2033 2191/1/2044
f 2191/1/2044 2173/1/2025 2192/1/2045
f 2199/1/2052 2181/1/2034 2180/1/2033
f 2200/1/2053 2192/1/2045 2177/1/2030
f 2183/1/2036 2182/1/2035 2201/1/2054
f 2184/1/2037 2183/1/2036 2202/1/2055
f 2185/1/2038 2184/1/2037 2203/1/2056
f 2186/1/2039 2185/1/2038 2204/1/2057
f 2205/1/2058 2193/1/2046 2186/1/2039
f 2187/1/2040 2207/1/2059 2188/1/2041
f 2194/1/2047 2176/1/2029 2190/1/2043
f 2200/1/2053 2177/1/2030 2195/1/2048
f 2196/1/2049 2197/1/2050 2179/1/2032
f 2208/1/2060 2190/1/2043 2197/1/2050
f 2209/1/2061 2198/1/2051 2191/1/2044
f 2199/1/2052 2180/1/2033 2198/1/2051
f 2210/1/2062 2191/1/2044 2192/1/2045
f 2210/1/2062 2192/1/2045 2200/1/2053
f 2183/1/2036 2201/1/2054 2202/1/2055
f 2184/1/2037 2202/1/2055 2203/1/2056
f 2204/1/2057 2185/1/2038 2203/1/2056
f 2211/1/2063 2186/1/2039 2204/1/2057
f 2205/1/2058 2186/1/2039 2211/1/2063
f 2187/1/2040 2206/1/2064 2207/1/2059
f 2208/1/2060 2194/1/2047 2190/1/2043
f 2213/1/2065 2200/1/2053 2195/1/2048
f 2214/1/2066 2197/1/2050 2196/1/2049
f 2216/1/2067 2198/1/2051 2209/1/2061
f 2209/1/2061 2191/1/2044 2210/1/2062
f 2217/1/2068 2199/1/2052 2198/1/2051
f 2213/1/2065 2210/1/2062 2200/1/2053
f 2202/1/2055 2201/1/2054 2218/1/2069
f 2203/1/2056 2202/1/2055 2219/1/2070
f 2204/1/2057 2203/1/2056 2220/1/2071
f 2211/1/2063 2204/1/2057 2221/1/2072
f 2205/1/2058 2211/1/2063 2222/1/2073
f 2206/1/2064 2224/1/2064 2207/1/2059
f 2212/1/2074 2194/1/2047 2208/1/2060
f 2213/1/2065 2195/1/2048 2225/1/2075
f 2214/1/2066 2215/1/2066 2197/1/2050
f 2216/1/2067 2209/1/2061 2226/1/2076
f 2217/1/2068 2198/1/2051 2216/1/2067
f 2227/1/2077 2209/1/2061 2210/1/2062
f 2227/1/2077 2210/1/2062 2213/1/2065
f 2202/1/2055 2218/1/2069 2219/1/2070
f 2219/1/2070 2220/1/2071 2203/1/2056
f 2221/1/2072 2204/1/2057 2220/1/2071
f 2211/1/2063 2221/1/2072 2222/1/2073
f 2205/1/2058 2222/1/2073 2228/1/2078
f 2206/1/2064 2223/1/2079 2224/1/2064
f 2229/1/2080 2213/1/2065 2225/1/2075
f 2230/1/2081 2215/1/2066 2214/1/2066
f 2232/1/2082 2216/1/2067 2226/1/2076
f 2226/1/2076 2209/1/2061 2227/1/2077
f 2233/1/2083 2217/1/2068 2216/1/2067
f 2234/1/2084 2227/1/2077 2213/1/2065
f 2219/1/2070 2218/1/2069 2235/1/2085
f 2220/1/2071 2219/1/2070 2236/1/2086
f 2221/1/2072 2220/1/2071 2237/1/2087
f 2222/1/2073 2221/1/2072 2238/1/2088
f 2228/1/2078 2222/1/2073 2239/1/2089
f 2223/1/2079 2241/1/2090 2224/1/2064
f 2234/1/2084 2213/1/2065 2229/1/2080
f 2230/1/2081 2231/1/2091 2215/1/2066
f 2232/1/2082 2226/1/2076 2242/1/2092
f 2233/1/2083 2216/1/2067 2232/1/2082
f 2243/1/2093 2226/1/2076 2227/1/2077
f 2243/1/2093 2227/1/2077 2234/1/2084
f 2219/1/2070 2235/1/2085 2236/1/2086
f 2236/1/2086 2237/1/2087 2220/1/2071
f 2221/1/2072 2237/1/2087 2238/1/2088
f 2222/1/2073 2238/1/2088 2239/1/2089
f 2228/1/2078 2239/1/2089 2244/1/2094
f 2223/1/2079 2240/1/2095 2241/1/2090
f 2245/1/2096 2234/1/2084 2229/1/2080
f 2246/1/2097 2231/1/2091 2230/1/2081
f 2242/1/2092 2248/1/2098 2232/1/2082
f 2243/1/2093 2242/1/2092 2226/1/2076
f 2249/1/2099 2233/1/2083 2232/1/2082
f 2250/1/2100 2243/1/2093 2234/1/2084
f 2236/1/2086 2235/1/2085 2251/1/2101
f 2237/1/2087 2236/1/2086 2252/1/2102
f 2238/1/2088 2237/1/2087 2253/1/2103
f 2239/1/2089 2238/1/2088 2254/1/2104
f 2244/1/2094 2239/1/2089 2255/1/2105
f 2240/1/2095 2257/1/2106 2241/1/2090
f 2250/1/2100 2234/1/2084 2245/1/2096
f 2246/1/2097 2247/1/2097 2231/1/2091
f 2248/1/2098 2242/1/2092 2258/1/2107
f 2249/1/2099 2232/1/2082 2248/1/2098
f 2259/1/2108 2242/1/2092 2243/1/2093
f 2250/1/2100 2259/1/2108 2243/1/2093
f 2236/1/2086 2251/1/2101 2252/1/2102
f 2252/1/2102 2253/1/2103 2237/1/2087
f 2238/1/2088 2253/1/2103 2254/1/2104
f 2239/1/2089 2254/1/2104 2260/1/2109
f 2255/1/2105 2239/1/2089 2260/1/2109
f 2240/1/2095 2256/1/2110 2257/1/2106
f 2261/1/2111 2250/1/2100 2245/1/2096
f 2262/1/2112 2247/1/2097 2246/1/2097
f 2258/1/2107 2264/1/2113 2248/1/2098
f 2259/1/2108 2258/1/2107 2242/1/2092
f 2265/1/2114 2249/1/2099 2248/1/2098
f 2266/1/2115 2259/1/2108 2250/1/2100
f 2252/1/2102 2251/1/2101 2267/1/2116
f 2253/1/2103 2252/1/2102 2268/1/2117
f 2254/1/2104 2253/1/2103 2269/1/2118
f 2260/1/2109 2254/1/2104 2270/1/2119
f 2255/1/2105 2260/1/2109 2271/1/2120
f 2256/1/2110 2273/1/2121 2257/1/2106
f 2261/1/2111 2266/1/2115 2250/1/2100
f 2262/1/2112 2263/1/2122 2247/1/2097
f 2274/1/2123 2264/1/2113 2258/1/2107
f 2265/1/2114 2248/1/2098 2264/1/2113
f 2275/1/2124 2258/1/2107 2259/1/2108
f 2266/1/2115 2275/1/2124 2259/1/2108
f 2252/1/2102 2267/1/2116 2268/1/2117
f 2268/1/2117 2269/1/2118 2253/1/2103
f 2254/1/2104 2269/1/2118 2270/1/2119
f 2260/1/2109 2270/1/2119 2271/1/2120
f 2255/1/2105 2271/1/2120 2276/1/2125
f 2256/1/2110 2272/1/2126 2273/1/2121
f 2261/1/2111 2277/1/2127 2266/1/2115
f 2278/1/2128 2263/1/2122 2262/1/2112
f 2274/1/2123 2280/1/2129 2264/1/2113
f 2275/1/2124 2274/1/2123 2258/1/2107
f 2281/1/2130 2265/1/2114 2264/1/2113
f 2277/1/2127 2275/1/2124 2266/1/2115
f 2268/1/2117 2267/1/2116 2282/1/2131
f 2269/1/2118 2268/1/2117 2283/1/2132
f 2270/1/2119 2269/1/2118 2284/1/2133
f 2271/1/2120 2270/1/2119 2285/1/2134
f 2276/1/2125 2271/1/2120 2286/1/2135
f 2272/1/2126 2288/1/2126 2273/1/2121
f 2289/1/2136 2277/1/2127 2261/1/2111
f 2278/1/2128 2279/1/2137 2263/1/2122
f 2290/1/2138 2280/1/2129 2274/1/2123
f 2281/1/2130 2264/1/2113 2280/1/2129
f 2291/1/2139 2274/1/2123 2275/1/2124
f 2277/1/2127 2291/1/2139 2275/1/2124
f 2268/1/2117 2282/1/2131 2283/1/2132
f 2283/1/2132 2284/1/2133 2269/1/2118
f 2270/1/2119 2284/1/2133 2285/1/2134
f 2271/1/2120 2285/1/2134 2286/1/2135
f 2276/1/2125 2286/1/2135 2292/1/2140
f 2272/1/2126 2287/1/2141 2288/1/2126
f 2293/1/2142 2277/1/2127 2289/1/2136
f 2294/1/2143 2279/1/2137 2278/1/2128
f 2290/1/2138 2296/1/2144 2280/1/2129
f 2291/1/2139 2290/1/2138 2274/1/2123
f 2297/1/2145 2281/1/2130 2280/1/2129
f 2298/1/2146 2291/1/2139 2277/1/2127
f 2283/1/2132 2282/1/2131 2299/1/2147
f 2284/1/2133 2283/1/2132 2300/1/2148
f 2285/1/2134 2284/1/2133 2301/1/2149
f 2286/1/2135 2285/1/2134 2302/1/2150
f 2292/1/2140 2286/1/2135 2303/1/2151
f 2287/1/2141 2305/1/2141 2288/1/2126
f 2293/1/2142 2298/1/2146 2277/1/2127
f 2294/1/2143 2295/1/2152 2279/1/2137
f 2306/1/2153 2296/1/2144 2290/1/2138
f 2297/1/2145 2280/1/2129 2296/1/2144
f 2307/1/2154 2290/1/2138 2291/1/2139
f 2298/1/2146 2307/1/2154 2291/1/2139
f 2283/1/2132 2299/1/2147 2300/1/2148
f 2300/1/2148 2301/1/2149 2284/1/2133
f 2285/1/2134 2301/1/2149 2302/1/2150
f 2286/1/2135 2302/1/2150 2308/1/2155
f 2303/1/2151 2286/1/2135 2308/1/2155
f 2287/1/2141 2304/1/2156 2305/1/2141
f 2309/1/2157 2298/1/2146 2293/1/2142
f 2310/1/2158 2295/1/2152 2294/1/2143
f 2306/1/2153 2312/1/2159 2296/1/2144
f 2307/1/2154 2306/1/2153 2290/1/2138
f 2313/1/2160 2297/1/2145 2296/1/2144
f 2314/1/2161 2307/1/2154 2298/1/2146
f 2300/1/2148 2299/1/2147 2315/1/2162
f 2301/1/2149 2300/1/2148 2316/1/2163
f 2302/1/2150 2301/1/2149 2317/1/2164
f 2308/1/2155 2302/1/2150 2318/1/2165
f 2303/1/2151 2308/1/2155 2319/1/2166
f 2304/1/2156 2321/1/2167 2305/1/2141
f 2309/1/2157 2314/1/2161 2298/1/2146
f 2310/1/2158 2311/1/2158 2295/1/2152
f 2322/1/2168 2312/1/2159 2306/1/2153
f 2313/1/2160 2296/1/2144 2312/1/2159
f 2323/1/2169 2306/1/2153 2307/1/2154
f 2314/1/2161 2323/1/2169 2307/1/2154
f 2300/1/2148 2315/1/2162 2316/1/2163
f 2301/1/2149 2316/1/2163 2317/1/2164
f 2302/1/2150 2317/1/2164 2318/1/2165
f 2308/1/2155 2318/1/2165 2319/1/2166
f 2303/1/2151 2319/1/2166 2324/1/2170
f 2304/1/2156 2320/1/2171 2321/1/2167
f 2309/1/2157 2325/1/2172 2314/1/2161
f 2326/1/2173 2311/1/2158 2310/1/2158
f 2322/1/2168 2328/1/2174 2312/1/2159
f 2323/1/2169 2322/1/2168 2306/1/2153
f 2329/1/2175 2313/1/2160 2312/1/2159
f 2325/1/2172 2323/1/2169 2314/1/2161
f 2315/1/2162 2330/1/2176 2316/1/2163
f 2317/1/2164 2316/1/2163 2331/1/2177
f 2318/1/2165 2317/1/2164 2332/1/2178
f 2319/1/2166 2318/1/2165 2333/1/2179
f 2324/1/2170 2319/1/2166 2334/1/2180
f 2321/1/2167 2320/1/2171 2336/1/2181
f 2334/1/2180 2325/1/2172 2309/1/2157
f 2327/1/2173 2311/1/2158 2326/1/2173
f 2332/1/2178 2328/1/2174 2322/1/2168
f 2328/1/2174 2329/1/2175 2312/1/2159
f 2333/1/2179 2322/1/2168 2323/1/2169
f 2325/1/2172 2333/1/2179 2323/1/2169
f 2316/1/2163 2330/1/2176 2331/1/2177
f 2317/1/2164 2331/1/2177 2332/1/2178
f 2318/1/2165 2332/1/2178 2333/1/2179
f 2319/1/2166 2333/1/2179 2325/1/2172
f 2334/1/2180 2319/1/2166 2325/1/2172
f 2320/1/2171 2335/1/2182 2336/1/2181
f 2337/1/2183 2327/1/2173 2326/1/2173
f 2332/1/2178 2331/1/2177 2328/1/2174
f 2333/1/2179 2332/1/2178 2322/1/2168
f 2339/1/2184 2329/1/2175 2328/1/2174
f 2330/1/2176 2339/1/2184 2331/1/2177
f 2336/1/2181 2335/1/2182 2340/1/2182
f 2338/1/2185 2327/1/2173 2337/1/2183
f 2331/1/2177 2339/1/2184 2328/1/2174
f 2335/1/2182 2338/1/2185 2340/1/2182
f 2340/1/2182 2338/1/2185 2337/1/2183
